
TJ000006_SW.elf:     file format elf32-avr

Sections:
Idx Name          Size      VMA       LMA       File off  Algn
  0 .data         00000156  00800100  00001a40  00001ad4  2**0
                  CONTENTS, ALLOC, LOAD, DATA
  1 .text         00001a40  00000000  00000000  00000094  2**1
                  CONTENTS, ALLOC, LOAD, READONLY, CODE
  2 .bss          000001c6  00800256  00800256  00001c2a  2**0
                  ALLOC
  3 .comment      0000005c  00000000  00000000  00001c2a  2**0
                  CONTENTS, READONLY
  4 .note.gnu.avr.deviceinfo 00000040  00000000  00000000  00001c88  2**2
                  CONTENTS, READONLY
  5 .debug_info   000005f4  00000000  00000000  00001cc8  2**0
                  CONTENTS, READONLY, DEBUGGING
  6 .debug_abbrev 000005a2  00000000  00000000  000022bc  2**0
                  CONTENTS, READONLY, DEBUGGING
  7 .debug_line   00000134  00000000  00000000  0000285e  2**0
                  CONTENTS, READONLY, DEBUGGING
  8 .debug_str    00000208  00000000  00000000  00002992  2**0
                  CONTENTS, READONLY, DEBUGGING

Disassembly of section .text:

00000000 <__vectors>:
       0:	0c 94 4f 02 	jmp	0x49e	; 0x49e <__ctors_end>
       4:	0c 94 6c 02 	jmp	0x4d8	; 0x4d8 <__bad_interrupt>
       8:	0c 94 6c 02 	jmp	0x4d8	; 0x4d8 <__bad_interrupt>
       c:	0c 94 6c 02 	jmp	0x4d8	; 0x4d8 <__bad_interrupt>
      10:	0c 94 6c 02 	jmp	0x4d8	; 0x4d8 <__bad_interrupt>
      14:	0c 94 6c 02 	jmp	0x4d8	; 0x4d8 <__bad_interrupt>
      18:	0c 94 6c 02 	jmp	0x4d8	; 0x4d8 <__bad_interrupt>
      1c:	0c 94 6c 02 	jmp	0x4d8	; 0x4d8 <__bad_interrupt>
      20:	0c 94 6c 02 	jmp	0x4d8	; 0x4d8 <__bad_interrupt>
      24:	0c 94 6c 02 	jmp	0x4d8	; 0x4d8 <__bad_interrupt>
      28:	0c 94 6c 02 	jmp	0x4d8	; 0x4d8 <__bad_interrupt>
      2c:	0c 94 6c 02 	jmp	0x4d8	; 0x4d8 <__bad_interrupt>
      30:	0c 94 6c 02 	jmp	0x4d8	; 0x4d8 <__bad_interrupt>
      34:	0c 94 6c 02 	jmp	0x4d8	; 0x4d8 <__bad_interrupt>
      38:	0c 94 6c 02 	jmp	0x4d8	; 0x4d8 <__bad_interrupt>
      3c:	0c 94 6c 02 	jmp	0x4d8	; 0x4d8 <__bad_interrupt>
      40:	0c 94 6c 02 	jmp	0x4d8	; 0x4d8 <__bad_interrupt>
      44:	0c 94 6c 02 	jmp	0x4d8	; 0x4d8 <__bad_interrupt>
      48:	0c 94 46 04 	jmp	0x88c	; 0x88c <__vector_18>
      4c:	0c 94 83 03 	jmp	0x706	; 0x706 <__vector_19>
      50:	0c 94 6c 02 	jmp	0x4d8	; 0x4d8 <__bad_interrupt>
      54:	0c 94 9e 02 	jmp	0x53c	; 0x53c <__vector_21>
      58:	0c 94 6c 02 	jmp	0x4d8	; 0x4d8 <__bad_interrupt>
      5c:	0c 94 6c 02 	jmp	0x4d8	; 0x4d8 <__bad_interrupt>
      60:	0c 94 6c 02 	jmp	0x4d8	; 0x4d8 <__bad_interrupt>
      64:	0c 94 6c 02 	jmp	0x4d8	; 0x4d8 <__bad_interrupt>

00000068 <EEPROM_ADDR_SEL_MSG>:
      68:	0a 0a 0a 0a 0d 53 65 6c 65 63 74 20 45 45 50 52     .....Select EEPR
      78:	4f 4d 20 41 64 64 72 65 73 73 3a 0a 0d 31 20 2d     OM Address:..1 -
      88:	20 30 78 35 30 3a 20 4e 65 74 20 43 6f 6e 6e 65      0x50: Net Conne
      98:	63 74 6f 72 0a 0d 32 20 2d 20 30 78 35 32 3a 20     ctor..2 - 0x52: 
      a8:	41 44 43 20 42 6f 74 74 6f 6d 20 42 64 0a 0d 33     ADC Bottom Bd..3
      b8:	20 2d 20 30 78 35 34 3a 20 4e 65 74 20 45 78 74      - 0x54: Net Ext
      c8:	65 6e 73 69 6f 6e 0a 0d 34 20 2d 20 30 78 35 36     ension..4 - 0x56
      d8:	3a 20 41 44 43 20 54 6f 70 20 42 64 0a 0d 0a 0d     : ADC Top Bd....
      e8:	50 72 65 73 73 20 58 20 74 6f 20 65 78 69 74 0a     Press X to exit.
      f8:	0a 0d 00                                            ...

000000fb <EEPROM_DEBUG_MSG>:
      fb:	0a 0a 0a 0a 0d 45 45 50 52 4f 4d 20 44 65 62 75     .....EEPROM Debu
     10b:	67 0a 0d 3d 3d 3d 3d 3d 3d 3d 3d 3d 3d 3d 0a 0a     g..===========..
     11b:	0d 50 20 2d 20 50 72 6f 64 75 63 74 20 43 6f 64     .P - Product Cod
     12b:	65 0a 0d 48 20 2d 20 48 65 78 20 44 75 6d 70 0a     e..H - Hex Dump.
     13b:	0d 4b 20 2d 20 43 68 65 63 6b 73 75 6d 0a 0d 57     .K - Checksum..W
     14b:	20 2d 20 57 72 69 74 65 0a 0d 52 20 2d 20 52 65      - Write..R - Re
     15b:	73 65 74 20 45 45 50 52 4f 4d 20 74 6f 20 30 30     set EEPROM to 00
     16b:	0a 0d 53 20 2d 20 53 65 74 20 45 45 50 52 4f 4d     ..S - Set EEPROM
     17b:	20 74 6f 20 46 46 0a 0d 58 20 2d 20 52 65 74 75      to FF..X - Retu
     18b:	72 6e 20 74 6f 20 44 65 62 75 67 20 4d 65 6e 75     rn to Debug Menu
     19b:	0a 0d 00                                            ...

0000019e <ADC_DEBUG_MSG>:
     19e:	0a 0a 0a 0a 0d 41 44 43 20 44 65 62 75 67 0a 0d     .....ADC Debug..
     1ae:	3d 3d 3d 3d 3d 3d 3d 3d 3d 0a 0a 0d 0a 0d 50 72     =========.....Pr
     1be:	65 73 73 20 58 20 74 6f 20 65 78 69 74 0a 0a 0d     ess X to exit...
	...

000001cf <I2C_MENU_MSG>:
     1cf:	0a 0a 0a 0a 0d 49 32 43 20 54 65 73 74 0a 0d 3d     .....I2C Test..=
     1df:	3d 3d 3d 3d 3d 3d 3d 0a 0a 0d 45 6e 73 75 72 65     =======...Ensure
     1ef:	20 74 68 65 20 4d 6f 64 75 6c 65 20 69 73 20 50      the Module is P
     1ff:	72 6f 67 72 61 6d 6d 65 64 20 61 73 20 61 20 4d     rogrammed as a M
     20f:	61 73 74 65 72 0a 0d 43 6f 6e 6e 65 63 74 20 74     aster..Connect t
     21f:	68 65 20 54 6f 75 63 68 20 50 61 6e 65 6c 20 4c     he Touch Panel L
     22f:	43 44 20 74 6f 20 74 68 65 20 4d 6f 64 75 6c 65     CD to the Module
     23f:	20 61 6e 64 20 73 77 69 74 63 68 20 4f 4e 0a 0a      and switch ON..
     24f:	0d 54 68 65 20 27 2b 27 20 6b 65 79 20 77 69 6c     .The '+' key wil
     25f:	6c 20 69 6e 63 72 65 6d 65 6e 74 20 74 68 65 20     l increment the 
     26f:	41 4d 50 20 43 4f 44 45 20 76 61 6c 75 65 20 64     AMP CODE value d
     27f:	69 73 70 6c 61 79 65 64 20 62 79 20 31 0a 0d 54     isplayed by 1..T
     28f:	68 65 20 27 2d 27 20 6b 65 79 20 77 69 6c 6c 20     he '-' key will 
     29f:	64 65 63 72 65 6d 65 6e 74 20 74 68 65 20 41 4d     decrement the AM
     2af:	50 20 43 4f 44 45 20 76 61 6c 75 65 20 64 69 73     P CODE value dis
     2bf:	70 6c 61 79 65 64 20 62 79 20 31 0a 0d 50 72 65     played by 1..Pre
     2cf:	73 73 20 27 58 27 20 74 6f 20 72 65 74 75 72 6e     ss 'X' to return
     2df:	20 74 6f 20 54 65 73 74 20 4d 65 6e 75 0a 0a 0d      to Test Menu...
	...

000002f0 <DEBUG_MENU_MSG>:
     2f0:	0a 0a 0a 0a 0d 44 45 42 55 47 20 4d 45 4e 55 0a     .....DEBUG MENU.
     300:	0d 3d 3d 3d 3d 3d 3d 3d 3d 3d 3d 3d 3d 3d 0a 0d     .=============..
     310:	41 20 2d 20 41 44 43 20 74 65 73 74 0a 0d 45 20     A - ADC test..E 
     320:	2d 20 45 45 50 52 4f 4d 20 74 65 73 74 0a 0d 58     - EEPROM test..X
     330:	20 2d 20 45 78 69 74 20 74 6f 20 53 74 61 72 74      - Exit to Start
     340:	20 4d 65 6e 75 0a 0d 00                              Menu...

00000348 <TEST_MENU_MSG>:
     348:	0a 0a 0a 0a 0d 54 45 53 54 20 4d 45 4e 55 0a 0d     .....TEST MENU..
     358:	3d 3d 3d 3d 3d 3d 3d 3d 3d 3d 3d 3d 0a 0d 49 20     ============..I 
     368:	2d 20 49 32 43 20 74 65 73 74 0a 0d 58 20 2d 20     - I2C test..X - 
     378:	45 78 69 74 20 74 6f 20 53 74 61 72 74 20 4d 65     Exit to Start Me
     388:	6e 75 0a 0d 00                                      nu...

0000038d <START_MENU_MSG>:
     38d:	0a 0a 0d 53 74 61 72 74 20 4d 45 4e 55 0a 0d 3d     ...Start MENU..=
     39d:	3d 3d 3d 3d 3d 3d 3d 3d 3d 3d 3d 0a 0d 54 20 2d     ===========..T -
     3ad:	20 42 6f 61 72 64 20 74 65 73 74 73 0a 0d 44 20      Board tests..D 
     3bd:	2d 20 44 65 62 75 67 20 4d 65 6e 75 0a 0d 3c 45     - Debug Menu..<E
     3cd:	4e 54 45 52 3e 2d 20 54 6f 20 72 65 66 72 65 73     NTER>- To refres
     3dd:	68 20 73 63 72 65 65 6e 0a 0a 0d 00                 h screen....

000003e9 <CMD_NOT_IMPLEMENTED_MSG>:
     3e9:	20 43 6f 6d 6d 61 6e 64 20 6e 6f 74 20 69 6d 70      Command not imp
     3f9:	6c 65 6d 65 6e 74 65 64 0a 0d 00                    lemented...

00000404 <OPENING_MENU_MSG>:
     404:	0a 0a 0d 45 45 47 20 4e 65 74 20 43 6f 6e 6e 65     ...EEG Net Conne
     414:	63 74 6f 72 20 2d 20 49 32 43 20 45 45 50 52 4f     ctor - I2C EEPRO
     424:	4d 20 50 72 6f 67 72 61 6d 6d 65 72 0a 0d 3d 3d     M Programmer..==
     434:	3d 3d 3d 3d 3d 3d 3d 3d 3d 3d 3d 3d 3d 3d 3d 3d     ================
     444:	3d 3d 3d 3d 3d 3d 3d 3d 3d 3d 3d 3d 3d 3d 3d 3d     ================
     454:	3d 3d 3d 3d 3d 3d 3d 0a 0a 0d 00                    =======....

0000045f <COPYRIGHT_MSG>:
     45f:	0a 0a 0a 0a 0a 0a 0a 0a 0a 0a 0a 0d 28 63 29 20     ............(c) 
     46f:	43 6f 70 79 72 69 67 68 74 20 54 68 65 20 4d 61     Copyright The Ma
     47f:	67 73 74 69 6d 20 43 6f 6d 70 61 6e 79 20 4c 74     gstim Company Lt
     48f:	64 2e 20 32 30 32 35 0a 0a 0d 00                    d. 2025....

0000049a <NEWLINE_MSG>:
     49a:	0a 0d 00 00                                         ....

0000049e <__ctors_end>:
     49e:	11 24       	eor	r1, r1
     4a0:	1f be       	out	0x3f, r1	; 63
     4a2:	cf ef       	ldi	r28, 0xFF	; 255
     4a4:	d8 e0       	ldi	r29, 0x08	; 8
     4a6:	de bf       	out	0x3e, r29	; 62
     4a8:	cd bf       	out	0x3d, r28	; 61

000004aa <__do_copy_data>:
     4aa:	12 e0       	ldi	r17, 0x02	; 2
     4ac:	a0 e0       	ldi	r26, 0x00	; 0
     4ae:	b1 e0       	ldi	r27, 0x01	; 1
     4b0:	e0 e4       	ldi	r30, 0x40	; 64
     4b2:	fa e1       	ldi	r31, 0x1A	; 26
     4b4:	02 c0       	rjmp	.+4      	; 0x4ba <__do_copy_data+0x10>
     4b6:	05 90       	lpm	r0, Z+
     4b8:	0d 92       	st	X+, r0
     4ba:	a6 35       	cpi	r26, 0x56	; 86
     4bc:	b1 07       	cpc	r27, r17
     4be:	d9 f7       	brne	.-10     	; 0x4b6 <__do_copy_data+0xc>

000004c0 <__do_clear_bss>:
     4c0:	24 e0       	ldi	r18, 0x04	; 4
     4c2:	a6 e5       	ldi	r26, 0x56	; 86
     4c4:	b2 e0       	ldi	r27, 0x02	; 2
     4c6:	01 c0       	rjmp	.+2      	; 0x4ca <.do_clear_bss_start>

000004c8 <.do_clear_bss_loop>:
     4c8:	1d 92       	st	X+, r1

000004ca <.do_clear_bss_start>:
     4ca:	ac 31       	cpi	r26, 0x1C	; 28
     4cc:	b2 07       	cpc	r27, r18
     4ce:	e1 f7       	brne	.-8      	; 0x4c8 <.do_clear_bss_loop>
     4d0:	0e 94 53 05 	call	0xaa6	; 0xaa6 <main>
     4d4:	0c 94 1e 0d 	jmp	0x1a3c	; 0x1a3c <_exit>

000004d8 <__bad_interrupt>:
     4d8:	0c 94 00 00 	jmp	0	; 0x0 <__vectors>

000004dc <ADC_Init>:
     4dc:	87 e0       	ldi	r24, 0x07	; 7
     4de:	80 93 7c 00 	sts	0x007C, r24	; 0x80007c <__TEXT_REGION_LENGTH__+0x7f807c>
     4e2:	10 92 7e 00 	sts	0x007E, r1	; 0x80007e <__TEXT_REGION_LENGTH__+0x7f807e>
     4e6:	10 92 7b 00 	sts	0x007B, r1	; 0x80007b <__TEXT_REGION_LENGTH__+0x7f807b>
     4ea:	10 92 67 02 	sts	0x0267, r1	; 0x800267 <adc_sample_cnt>
     4ee:	10 92 68 02 	sts	0x0268, r1	; 0x800268 <adc_sample_cnt+0x1>
     4f2:	10 92 69 02 	sts	0x0269, r1	; 0x800269 <adc_sample_cnt+0x2>
     4f6:	10 92 6a 02 	sts	0x026A, r1	; 0x80026a <adc_sample_cnt+0x3>
     4fa:	10 92 63 02 	sts	0x0263, r1	; 0x800263 <adc_sample_sum>
     4fe:	10 92 64 02 	sts	0x0264, r1	; 0x800264 <adc_sample_sum+0x1>
     502:	10 92 65 02 	sts	0x0265, r1	; 0x800265 <adc_sample_sum+0x2>
     506:	10 92 66 02 	sts	0x0266, r1	; 0x800266 <adc_sample_sum+0x3>
     50a:	10 92 62 02 	sts	0x0262, r1	; 0x800262 <adc_data_ready>
     50e:	10 92 5e 02 	sts	0x025E, r1	; 0x80025e <adc_avg_cnt>
     512:	10 92 5f 02 	sts	0x025F, r1	; 0x80025f <adc_avg_cnt+0x1>
     516:	10 92 60 02 	sts	0x0260, r1	; 0x800260 <adc_avg_cnt+0x2>
     51a:	10 92 61 02 	sts	0x0261, r1	; 0x800261 <adc_avg_cnt+0x3>
     51e:	10 92 5a 02 	sts	0x025A, r1	; 0x80025a <adc_avg_sum>
     522:	10 92 5b 02 	sts	0x025B, r1	; 0x80025b <adc_avg_sum+0x1>
     526:	10 92 5c 02 	sts	0x025C, r1	; 0x80025c <adc_avg_sum+0x2>
     52a:	10 92 5d 02 	sts	0x025D, r1	; 0x80025d <adc_avg_sum+0x3>
     52e:	8f ee       	ldi	r24, 0xEF	; 239
     530:	80 93 7a 00 	sts	0x007A, r24	; 0x80007a <__TEXT_REGION_LENGTH__+0x7f807a>
     534:	08 95       	ret

00000536 <ADC_Shutdown>:
     536:	10 92 7a 00 	sts	0x007A, r1	; 0x80007a <__TEXT_REGION_LENGTH__+0x7f807a>
     53a:	08 95       	ret

0000053c <__vector_21>:
     53c:	1f 92       	push	r1
     53e:	0f 92       	push	r0
     540:	0f b6       	in	r0, 0x3f	; 63
     542:	0f 92       	push	r0
     544:	11 24       	eor	r1, r1
     546:	2f 93       	push	r18
     548:	3f 93       	push	r19
     54a:	8f 93       	push	r24
     54c:	9f 93       	push	r25
     54e:	af 93       	push	r26
     550:	bf 93       	push	r27
     552:	80 91 67 02 	lds	r24, 0x0267	; 0x800267 <adc_sample_cnt>
     556:	80 ff       	sbrs	r24, 0
     558:	02 c0       	rjmp	.+4      	; 0x55e <__vector_21+0x22>
     55a:	5f 9a       	sbi	0x0b, 7	; 11
     55c:	01 c0       	rjmp	.+2      	; 0x560 <__vector_21+0x24>
     55e:	5f 98       	cbi	0x0b, 7	; 11
     560:	20 91 78 00 	lds	r18, 0x0078	; 0x800078 <__TEXT_REGION_LENGTH__+0x7f8078>
     564:	30 91 79 00 	lds	r19, 0x0079	; 0x800079 <__TEXT_REGION_LENGTH__+0x7f8079>
     568:	80 91 63 02 	lds	r24, 0x0263	; 0x800263 <adc_sample_sum>
     56c:	90 91 64 02 	lds	r25, 0x0264	; 0x800264 <adc_sample_sum+0x1>
     570:	a0 91 65 02 	lds	r26, 0x0265	; 0x800265 <adc_sample_sum+0x2>
     574:	b0 91 66 02 	lds	r27, 0x0266	; 0x800266 <adc_sample_sum+0x3>
     578:	82 0f       	add	r24, r18
     57a:	93 1f       	adc	r25, r19
     57c:	a1 1d       	adc	r26, r1
     57e:	b1 1d       	adc	r27, r1
     580:	80 93 63 02 	sts	0x0263, r24	; 0x800263 <adc_sample_sum>
     584:	90 93 64 02 	sts	0x0264, r25	; 0x800264 <adc_sample_sum+0x1>
     588:	a0 93 65 02 	sts	0x0265, r26	; 0x800265 <adc_sample_sum+0x2>
     58c:	b0 93 66 02 	sts	0x0266, r27	; 0x800266 <adc_sample_sum+0x3>
     590:	80 91 67 02 	lds	r24, 0x0267	; 0x800267 <adc_sample_cnt>
     594:	90 91 68 02 	lds	r25, 0x0268	; 0x800268 <adc_sample_cnt+0x1>
     598:	a0 91 69 02 	lds	r26, 0x0269	; 0x800269 <adc_sample_cnt+0x2>
     59c:	b0 91 6a 02 	lds	r27, 0x026A	; 0x80026a <adc_sample_cnt+0x3>
     5a0:	01 96       	adiw	r24, 0x01	; 1
     5a2:	a1 1d       	adc	r26, r1
     5a4:	b1 1d       	adc	r27, r1
     5a6:	80 93 67 02 	sts	0x0267, r24	; 0x800267 <adc_sample_cnt>
     5aa:	90 93 68 02 	sts	0x0268, r25	; 0x800268 <adc_sample_cnt+0x1>
     5ae:	a0 93 69 02 	sts	0x0269, r26	; 0x800269 <adc_sample_cnt+0x2>
     5b2:	b0 93 6a 02 	sts	0x026A, r27	; 0x80026a <adc_sample_cnt+0x3>
     5b6:	8f 3f       	cpi	r24, 0xFF	; 255
     5b8:	91 05       	cpc	r25, r1
     5ba:	a1 05       	cpc	r26, r1
     5bc:	b1 05       	cpc	r27, r1
     5be:	41 f1       	breq	.+80     	; 0x610 <__vector_21+0xd4>
     5c0:	38 f1       	brcs	.+78     	; 0x610 <__vector_21+0xd4>
     5c2:	80 91 63 02 	lds	r24, 0x0263	; 0x800263 <adc_sample_sum>
     5c6:	90 91 64 02 	lds	r25, 0x0264	; 0x800264 <adc_sample_sum+0x1>
     5ca:	a0 91 65 02 	lds	r26, 0x0265	; 0x800265 <adc_sample_sum+0x2>
     5ce:	b0 91 66 02 	lds	r27, 0x0266	; 0x800266 <adc_sample_sum+0x3>
     5d2:	89 2f       	mov	r24, r25
     5d4:	9a 2f       	mov	r25, r26
     5d6:	ab 2f       	mov	r26, r27
     5d8:	bb 27       	eor	r27, r27
     5da:	80 93 56 02 	sts	0x0256, r24	; 0x800256 <__data_end>
     5de:	90 93 57 02 	sts	0x0257, r25	; 0x800257 <__data_end+0x1>
     5e2:	a0 93 58 02 	sts	0x0258, r26	; 0x800258 <__data_end+0x2>
     5e6:	b0 93 59 02 	sts	0x0259, r27	; 0x800259 <__data_end+0x3>
     5ea:	10 92 67 02 	sts	0x0267, r1	; 0x800267 <adc_sample_cnt>
     5ee:	10 92 68 02 	sts	0x0268, r1	; 0x800268 <adc_sample_cnt+0x1>
     5f2:	10 92 69 02 	sts	0x0269, r1	; 0x800269 <adc_sample_cnt+0x2>
     5f6:	10 92 6a 02 	sts	0x026A, r1	; 0x80026a <adc_sample_cnt+0x3>
     5fa:	10 92 63 02 	sts	0x0263, r1	; 0x800263 <adc_sample_sum>
     5fe:	10 92 64 02 	sts	0x0264, r1	; 0x800264 <adc_sample_sum+0x1>
     602:	10 92 65 02 	sts	0x0265, r1	; 0x800265 <adc_sample_sum+0x2>
     606:	10 92 66 02 	sts	0x0266, r1	; 0x800266 <adc_sample_sum+0x3>
     60a:	81 e0       	ldi	r24, 0x01	; 1
     60c:	80 93 62 02 	sts	0x0262, r24	; 0x800262 <adc_data_ready>
     610:	bf 91       	pop	r27
     612:	af 91       	pop	r26
     614:	9f 91       	pop	r25
     616:	8f 91       	pop	r24
     618:	3f 91       	pop	r19
     61a:	2f 91       	pop	r18
     61c:	0f 90       	pop	r0
     61e:	0f be       	out	0x3f, r0	; 63
     620:	0f 90       	pop	r0
     622:	1f 90       	pop	r1
     624:	18 95       	reti

00000626 <ADC_Get_average>:
     626:	0f 93       	push	r16
     628:	1f 93       	push	r17
     62a:	20 91 62 02 	lds	r18, 0x0262	; 0x800262 <adc_data_ready>
     62e:	21 11       	cpse	r18, r1
     630:	02 c0       	rjmp	.+4      	; 0x636 <ADC_Get_average+0x10>
     632:	80 e0       	ldi	r24, 0x00	; 0
     634:	51 c0       	rjmp	.+162    	; 0x6d8 <ADC_Get_average+0xb2>
     636:	00 91 5a 02 	lds	r16, 0x025A	; 0x80025a <adc_avg_sum>
     63a:	10 91 5b 02 	lds	r17, 0x025B	; 0x80025b <adc_avg_sum+0x1>
     63e:	20 91 5c 02 	lds	r18, 0x025C	; 0x80025c <adc_avg_sum+0x2>
     642:	30 91 5d 02 	lds	r19, 0x025D	; 0x80025d <adc_avg_sum+0x3>
     646:	40 91 56 02 	lds	r20, 0x0256	; 0x800256 <__data_end>
     64a:	50 91 57 02 	lds	r21, 0x0257	; 0x800257 <__data_end+0x1>
     64e:	60 91 58 02 	lds	r22, 0x0258	; 0x800258 <__data_end+0x2>
     652:	70 91 59 02 	lds	r23, 0x0259	; 0x800259 <__data_end+0x3>
     656:	40 0f       	add	r20, r16
     658:	51 1f       	adc	r21, r17
     65a:	62 1f       	adc	r22, r18
     65c:	73 1f       	adc	r23, r19
     65e:	40 93 5a 02 	sts	0x025A, r20	; 0x80025a <adc_avg_sum>
     662:	50 93 5b 02 	sts	0x025B, r21	; 0x80025b <adc_avg_sum+0x1>
     666:	60 93 5c 02 	sts	0x025C, r22	; 0x80025c <adc_avg_sum+0x2>
     66a:	70 93 5d 02 	sts	0x025D, r23	; 0x80025d <adc_avg_sum+0x3>
     66e:	00 91 5e 02 	lds	r16, 0x025E	; 0x80025e <adc_avg_cnt>
     672:	10 91 5f 02 	lds	r17, 0x025F	; 0x80025f <adc_avg_cnt+0x1>
     676:	20 91 60 02 	lds	r18, 0x0260	; 0x800260 <adc_avg_cnt+0x2>
     67a:	30 91 61 02 	lds	r19, 0x0261	; 0x800261 <adc_avg_cnt+0x3>
     67e:	0f 5f       	subi	r16, 0xFF	; 255
     680:	1f 4f       	sbci	r17, 0xFF	; 255
     682:	2f 4f       	sbci	r18, 0xFF	; 255
     684:	3f 4f       	sbci	r19, 0xFF	; 255
     686:	0f 3f       	cpi	r16, 0xFF	; 255
     688:	11 05       	cpc	r17, r1
     68a:	21 05       	cpc	r18, r1
     68c:	31 05       	cpc	r19, r1
     68e:	09 f0       	breq	.+2      	; 0x692 <ADC_Get_average+0x6c>
     690:	48 f4       	brcc	.+18     	; 0x6a4 <ADC_Get_average+0x7e>
     692:	00 93 5e 02 	sts	0x025E, r16	; 0x80025e <adc_avg_cnt>
     696:	10 93 5f 02 	sts	0x025F, r17	; 0x80025f <adc_avg_cnt+0x1>
     69a:	20 93 60 02 	sts	0x0260, r18	; 0x800260 <adc_avg_cnt+0x2>
     69e:	30 93 61 02 	sts	0x0261, r19	; 0x800261 <adc_avg_cnt+0x3>
     6a2:	c7 cf       	rjmp	.-114    	; 0x632 <ADC_Get_average+0xc>
     6a4:	10 92 5e 02 	sts	0x025E, r1	; 0x80025e <adc_avg_cnt>
     6a8:	10 92 5f 02 	sts	0x025F, r1	; 0x80025f <adc_avg_cnt+0x1>
     6ac:	10 92 60 02 	sts	0x0260, r1	; 0x800260 <adc_avg_cnt+0x2>
     6b0:	10 92 61 02 	sts	0x0261, r1	; 0x800261 <adc_avg_cnt+0x3>
     6b4:	10 92 5a 02 	sts	0x025A, r1	; 0x80025a <adc_avg_sum>
     6b8:	10 92 5b 02 	sts	0x025B, r1	; 0x80025b <adc_avg_sum+0x1>
     6bc:	10 92 5c 02 	sts	0x025C, r1	; 0x80025c <adc_avg_sum+0x2>
     6c0:	10 92 5d 02 	sts	0x025D, r1	; 0x80025d <adc_avg_sum+0x3>
     6c4:	45 2f       	mov	r20, r21
     6c6:	56 2f       	mov	r21, r22
     6c8:	67 2f       	mov	r22, r23
     6ca:	77 27       	eor	r23, r23
     6cc:	fc 01       	movw	r30, r24
     6ce:	40 83       	st	Z, r20
     6d0:	51 83       	std	Z+1, r21	; 0x01
     6d2:	62 83       	std	Z+2, r22	; 0x02
     6d4:	73 83       	std	Z+3, r23	; 0x03
     6d6:	81 e0       	ldi	r24, 0x01	; 1
     6d8:	1f 91       	pop	r17
     6da:	0f 91       	pop	r16
     6dc:	08 95       	ret

000006de <ASC_Init_asci>:
     6de:	10 92 2c 03 	sts	0x032C, r1	; 0x80032c <rx_ip_pos>
     6e2:	10 92 2b 03 	sts	0x032B, r1	; 0x80032b <rx_op_pos>
     6e6:	10 92 2a 03 	sts	0x032A, r1	; 0x80032a <tx_ip_pos>
     6ea:	10 92 29 03 	sts	0x0329, r1	; 0x800329 <tx_op_pos>
     6ee:	10 92 c5 00 	sts	0x00C5, r1	; 0x8000c5 <__TEXT_REGION_LENGTH__+0x7f80c5>
     6f2:	87 e6       	ldi	r24, 0x67	; 103
     6f4:	80 93 c4 00 	sts	0x00C4, r24	; 0x8000c4 <__TEXT_REGION_LENGTH__+0x7f80c4>
     6f8:	86 e0       	ldi	r24, 0x06	; 6
     6fa:	80 93 c2 00 	sts	0x00C2, r24	; 0x8000c2 <__TEXT_REGION_LENGTH__+0x7f80c2>
     6fe:	88 e9       	ldi	r24, 0x98	; 152
     700:	80 93 c1 00 	sts	0x00C1, r24	; 0x8000c1 <__TEXT_REGION_LENGTH__+0x7f80c1>
     704:	08 95       	ret

00000706 <__vector_19>:
     706:	1f 92       	push	r1
     708:	0f 92       	push	r0
     70a:	0f b6       	in	r0, 0x3f	; 63
     70c:	0f 92       	push	r0
     70e:	11 24       	eor	r1, r1
     710:	8f 93       	push	r24
     712:	9f 93       	push	r25
     714:	ef 93       	push	r30
     716:	ff 93       	push	r31
     718:	90 91 2a 03 	lds	r25, 0x032A	; 0x80032a <tx_ip_pos>
     71c:	80 91 29 03 	lds	r24, 0x0329	; 0x800329 <tx_op_pos>
     720:	98 13       	cpse	r25, r24
     722:	06 c0       	rjmp	.+12     	; 0x730 <__vector_19+0x2a>
     724:	80 91 c1 00 	lds	r24, 0x00C1	; 0x8000c1 <__TEXT_REGION_LENGTH__+0x7f80c1>
     728:	8f 7d       	andi	r24, 0xDF	; 223
     72a:	80 93 c1 00 	sts	0x00C1, r24	; 0x8000c1 <__TEXT_REGION_LENGTH__+0x7f80c1>
     72e:	11 c0       	rjmp	.+34     	; 0x752 <__vector_19+0x4c>
     730:	e0 91 29 03 	lds	r30, 0x0329	; 0x800329 <tx_op_pos>
     734:	f0 e0       	ldi	r31, 0x00	; 0
     736:	eb 58       	subi	r30, 0x8B	; 139
     738:	fd 4f       	sbci	r31, 0xFD	; 253
     73a:	80 81       	ld	r24, Z
     73c:	80 93 c6 00 	sts	0x00C6, r24	; 0x8000c6 <__TEXT_REGION_LENGTH__+0x7f80c6>
     740:	80 91 29 03 	lds	r24, 0x0329	; 0x800329 <tx_op_pos>
     744:	8f 5f       	subi	r24, 0xFF	; 255
     746:	80 93 29 03 	sts	0x0329, r24	; 0x800329 <tx_op_pos>
     74a:	84 3b       	cpi	r24, 0xB4	; 180
     74c:	10 f0       	brcs	.+4      	; 0x752 <__vector_19+0x4c>
     74e:	10 92 29 03 	sts	0x0329, r1	; 0x800329 <tx_op_pos>
     752:	ff 91       	pop	r31
     754:	ef 91       	pop	r30
     756:	9f 91       	pop	r25
     758:	8f 91       	pop	r24
     75a:	0f 90       	pop	r0
     75c:	0f be       	out	0x3f, r0	; 63
     75e:	0f 90       	pop	r0
     760:	1f 90       	pop	r1
     762:	18 95       	reti

00000764 <ASC_Get_asci_tx_space>:
     764:	f8 94       	cli
     766:	20 91 2a 03 	lds	r18, 0x032A	; 0x80032a <tx_ip_pos>
     76a:	30 e0       	ldi	r19, 0x00	; 0
     76c:	80 91 29 03 	lds	r24, 0x0329	; 0x800329 <tx_op_pos>
     770:	78 94       	sei
     772:	48 2f       	mov	r20, r24
     774:	50 e0       	ldi	r21, 0x00	; 0
     776:	24 17       	cp	r18, r20
     778:	35 07       	cpc	r19, r21
     77a:	10 f4       	brcc	.+4      	; 0x780 <ASC_Get_asci_tx_space+0x1c>
     77c:	2c 54       	subi	r18, 0x4C	; 76
     77e:	3f 4f       	sbci	r19, 0xFF	; 255
     780:	8d 54       	subi	r24, 0x4D	; 77
     782:	82 1b       	sub	r24, r18
     784:	08 95       	ret

00000786 <ASC_Asci_tx>:
     786:	1f 93       	push	r17
     788:	cf 93       	push	r28
     78a:	df 93       	push	r29
     78c:	d8 2f       	mov	r29, r24
     78e:	19 2f       	mov	r17, r25
     790:	c6 2f       	mov	r28, r22
     792:	0e 94 b2 03 	call	0x764	; 0x764 <ASC_Get_asci_tx_space>
     796:	8c 17       	cp	r24, r28
     798:	e0 f3       	brcs	.-8      	; 0x792 <ASC_Asci_tx+0xc>
     79a:	80 91 2a 03 	lds	r24, 0x032A	; 0x80032a <tx_ip_pos>
     79e:	2d 2f       	mov	r18, r29
     7a0:	ed 2f       	mov	r30, r29
     7a2:	f1 2f       	mov	r31, r17
     7a4:	9e 2f       	mov	r25, r30
     7a6:	92 1b       	sub	r25, r18
     7a8:	9c 17       	cp	r25, r28
     7aa:	58 f4       	brcc	.+22     	; 0x7c2 <ASC_Asci_tx+0x3c>
     7ac:	91 91       	ld	r25, Z+
     7ae:	a8 2f       	mov	r26, r24
     7b0:	b0 e0       	ldi	r27, 0x00	; 0
     7b2:	ab 58       	subi	r26, 0x8B	; 139
     7b4:	bd 4f       	sbci	r27, 0xFD	; 253
     7b6:	9c 93       	st	X, r25
     7b8:	8f 5f       	subi	r24, 0xFF	; 255
     7ba:	84 3b       	cpi	r24, 0xB4	; 180
     7bc:	98 f3       	brcs	.-26     	; 0x7a4 <ASC_Asci_tx+0x1e>
     7be:	80 e0       	ldi	r24, 0x00	; 0
     7c0:	f1 cf       	rjmp	.-30     	; 0x7a4 <ASC_Asci_tx+0x1e>
     7c2:	f8 94       	cli
     7c4:	80 93 2a 03 	sts	0x032A, r24	; 0x80032a <tx_ip_pos>
     7c8:	80 91 c1 00 	lds	r24, 0x00C1	; 0x8000c1 <__TEXT_REGION_LENGTH__+0x7f80c1>
     7cc:	85 fd       	sbrc	r24, 5
     7ce:	16 c0       	rjmp	.+44     	; 0x7fc <ASC_Asci_tx+0x76>
     7d0:	e0 91 29 03 	lds	r30, 0x0329	; 0x800329 <tx_op_pos>
     7d4:	f0 e0       	ldi	r31, 0x00	; 0
     7d6:	eb 58       	subi	r30, 0x8B	; 139
     7d8:	fd 4f       	sbci	r31, 0xFD	; 253
     7da:	80 81       	ld	r24, Z
     7dc:	80 93 c6 00 	sts	0x00C6, r24	; 0x8000c6 <__TEXT_REGION_LENGTH__+0x7f80c6>
     7e0:	80 91 29 03 	lds	r24, 0x0329	; 0x800329 <tx_op_pos>
     7e4:	8f 5f       	subi	r24, 0xFF	; 255
     7e6:	80 93 29 03 	sts	0x0329, r24	; 0x800329 <tx_op_pos>
     7ea:	84 3b       	cpi	r24, 0xB4	; 180
     7ec:	10 f0       	brcs	.+4      	; 0x7f2 <ASC_Asci_tx+0x6c>
     7ee:	10 92 29 03 	sts	0x0329, r1	; 0x800329 <tx_op_pos>
     7f2:	80 91 c1 00 	lds	r24, 0x00C1	; 0x8000c1 <__TEXT_REGION_LENGTH__+0x7f80c1>
     7f6:	80 62       	ori	r24, 0x20	; 32
     7f8:	80 93 c1 00 	sts	0x00C1, r24	; 0x8000c1 <__TEXT_REGION_LENGTH__+0x7f80c1>
     7fc:	78 94       	sei
     7fe:	84 e0       	ldi	r24, 0x04	; 4
     800:	df 91       	pop	r29
     802:	cf 91       	pop	r28
     804:	1f 91       	pop	r17
     806:	08 95       	ret

00000808 <ASC_Asci_msg>:
     808:	cf 93       	push	r28
     80a:	df 93       	push	r29
     80c:	fc 01       	movw	r30, r24
     80e:	01 90       	ld	r0, Z+
     810:	00 20       	and	r0, r0
     812:	e9 f7       	brne	.-6      	; 0x80e <ASC_Asci_msg+0x6>
     814:	31 97       	sbiw	r30, 0x01	; 1
     816:	ef 01       	movw	r28, r30
     818:	c8 1b       	sub	r28, r24
     81a:	d9 0b       	sbc	r29, r25
     81c:	6c 2f       	mov	r22, r28
     81e:	0e 94 c3 03 	call	0x786	; 0x786 <ASC_Asci_tx>
     822:	84 30       	cpi	r24, 0x04	; 4
     824:	11 f4       	brne	.+4      	; 0x82a <ASC_Asci_msg+0x22>
     826:	8c 2f       	mov	r24, r28
     828:	01 c0       	rjmp	.+2      	; 0x82c <ASC_Asci_msg+0x24>
     82a:	80 e0       	ldi	r24, 0x00	; 0
     82c:	df 91       	pop	r29
     82e:	cf 91       	pop	r28
     830:	08 95       	ret

00000832 <ASC_err>:
     832:	cf 93       	push	r28
     834:	c8 2f       	mov	r28, r24
     836:	10 92 c1 00 	sts	0x00C1, r1	; 0x8000c1 <__TEXT_REGION_LENGTH__+0x7f80c1>
     83a:	0e 94 6f 03 	call	0x6de	; 0x6de <ASC_Init_asci>
     83e:	ec 2f       	mov	r30, r28
     840:	f0 e0       	ldi	r31, 0x00	; 0
     842:	ee 0f       	add	r30, r30
     844:	ff 1f       	adc	r31, r31
     846:	e0 50       	subi	r30, 0x00	; 0
     848:	ff 4f       	sbci	r31, 0xFF	; 255
     84a:	81 81       	ldd	r24, Z+1	; 0x01
     84c:	8f 93       	push	r24
     84e:	80 81       	ld	r24, Z
     850:	8f 93       	push	r24
     852:	88 e0       	ldi	r24, 0x08	; 8
     854:	91 e0       	ldi	r25, 0x01	; 1
     856:	9f 93       	push	r25
     858:	8f 93       	push	r24
     85a:	85 e3       	ldi	r24, 0x35	; 53
     85c:	93 e0       	ldi	r25, 0x03	; 3
     85e:	9f 93       	push	r25
     860:	8f 93       	push	r24
     862:	0e 94 34 0a 	call	0x1468	; 0x1468 <sprintf>
     866:	0f 90       	pop	r0
     868:	0f 90       	pop	r0
     86a:	0f 90       	pop	r0
     86c:	0f 90       	pop	r0
     86e:	0f 90       	pop	r0
     870:	0f 90       	pop	r0
     872:	85 e3       	ldi	r24, 0x35	; 53
     874:	93 e0       	ldi	r25, 0x03	; 3
     876:	cf 91       	pop	r28
     878:	0c 94 04 04 	jmp	0x808	; 0x808 <ASC_Asci_msg>

0000087c <ASC_Asci_tx_empty>:
     87c:	20 91 2a 03 	lds	r18, 0x032A	; 0x80032a <tx_ip_pos>
     880:	90 91 29 03 	lds	r25, 0x0329	; 0x800329 <tx_op_pos>
     884:	81 e0       	ldi	r24, 0x01	; 1
     886:	29 13       	cpse	r18, r25
     888:	80 e0       	ldi	r24, 0x00	; 0
     88a:	08 95       	ret

0000088c <__vector_18>:
     88c:	1f 92       	push	r1
     88e:	0f 92       	push	r0
     890:	0f b6       	in	r0, 0x3f	; 63
     892:	0f 92       	push	r0
     894:	11 24       	eor	r1, r1
     896:	2f 93       	push	r18
     898:	3f 93       	push	r19
     89a:	4f 93       	push	r20
     89c:	5f 93       	push	r21
     89e:	6f 93       	push	r22
     8a0:	7f 93       	push	r23
     8a2:	8f 93       	push	r24
     8a4:	9f 93       	push	r25
     8a6:	af 93       	push	r26
     8a8:	bf 93       	push	r27
     8aa:	ef 93       	push	r30
     8ac:	ff 93       	push	r31
     8ae:	90 91 c0 00 	lds	r25, 0x00C0	; 0x8000c0 <__TEXT_REGION_LENGTH__+0x7f80c0>
     8b2:	80 91 c6 00 	lds	r24, 0x00C6	; 0x8000c6 <__TEXT_REGION_LENGTH__+0x7f80c6>
     8b6:	e0 91 2c 03 	lds	r30, 0x032C	; 0x80032c <rx_ip_pos>
     8ba:	f0 e0       	ldi	r31, 0x00	; 0
     8bc:	e5 59       	subi	r30, 0x95	; 149
     8be:	fd 4f       	sbci	r31, 0xFD	; 253
     8c0:	80 83       	st	Z, r24
     8c2:	80 91 2c 03 	lds	r24, 0x032C	; 0x80032c <rx_ip_pos>
     8c6:	8f 5f       	subi	r24, 0xFF	; 255
     8c8:	80 93 2c 03 	sts	0x032C, r24	; 0x80032c <rx_ip_pos>
     8cc:	8a 30       	cpi	r24, 0x0A	; 10
     8ce:	10 f0       	brcs	.+4      	; 0x8d4 <__vector_18+0x48>
     8d0:	10 92 2c 03 	sts	0x032C, r1	; 0x80032c <rx_ip_pos>
     8d4:	89 2f       	mov	r24, r25
     8d6:	8c 71       	andi	r24, 0x1C	; 28
     8d8:	59 f0       	breq	.+22     	; 0x8f0 <__vector_18+0x64>
     8da:	94 ff       	sbrs	r25, 4
     8dc:	02 c0       	rjmp	.+4      	; 0x8e2 <__vector_18+0x56>
     8de:	80 e0       	ldi	r24, 0x00	; 0
     8e0:	05 c0       	rjmp	.+10     	; 0x8ec <__vector_18+0x60>
     8e2:	93 ff       	sbrs	r25, 3
     8e4:	02 c0       	rjmp	.+4      	; 0x8ea <__vector_18+0x5e>
     8e6:	81 e0       	ldi	r24, 0x01	; 1
     8e8:	01 c0       	rjmp	.+2      	; 0x8ec <__vector_18+0x60>
     8ea:	82 e0       	ldi	r24, 0x02	; 2
     8ec:	0e 94 19 04 	call	0x832	; 0x832 <ASC_err>
     8f0:	ff 91       	pop	r31
     8f2:	ef 91       	pop	r30
     8f4:	bf 91       	pop	r27
     8f6:	af 91       	pop	r26
     8f8:	9f 91       	pop	r25
     8fa:	8f 91       	pop	r24
     8fc:	7f 91       	pop	r23
     8fe:	6f 91       	pop	r22
     900:	5f 91       	pop	r21
     902:	4f 91       	pop	r20
     904:	3f 91       	pop	r19
     906:	2f 91       	pop	r18
     908:	0f 90       	pop	r0
     90a:	0f be       	out	0x3f, r0	; 63
     90c:	0f 90       	pop	r0
     90e:	1f 90       	pop	r1
     910:	18 95       	reti

00000912 <ASC_Asci_getchar>:
     912:	30 91 2c 03 	lds	r19, 0x032C	; 0x80032c <rx_ip_pos>
     916:	20 91 2b 03 	lds	r18, 0x032B	; 0x80032b <rx_op_pos>
     91a:	32 17       	cp	r19, r18
     91c:	a9 f0       	breq	.+42     	; 0x948 <ASC_Asci_getchar+0x36>
     91e:	f8 94       	cli
     920:	e0 91 2b 03 	lds	r30, 0x032B	; 0x80032b <rx_op_pos>
     924:	f0 e0       	ldi	r31, 0x00	; 0
     926:	e5 59       	subi	r30, 0x95	; 149
     928:	fd 4f       	sbci	r31, 0xFD	; 253
     92a:	20 81       	ld	r18, Z
     92c:	fc 01       	movw	r30, r24
     92e:	20 83       	st	Z, r18
     930:	80 91 2b 03 	lds	r24, 0x032B	; 0x80032b <rx_op_pos>
     934:	8f 5f       	subi	r24, 0xFF	; 255
     936:	80 93 2b 03 	sts	0x032B, r24	; 0x80032b <rx_op_pos>
     93a:	8a 30       	cpi	r24, 0x0A	; 10
     93c:	10 f0       	brcs	.+4      	; 0x942 <ASC_Asci_getchar+0x30>
     93e:	10 92 2b 03 	sts	0x032B, r1	; 0x80032b <rx_op_pos>
     942:	78 94       	sei
     944:	84 e0       	ldi	r24, 0x04	; 4
     946:	08 95       	ret
     948:	80 e0       	ldi	r24, 0x00	; 0
     94a:	08 95       	ret

0000094c <I2C_WaitForComplete>:
     94c:	cf 93       	push	r28
     94e:	df 93       	push	r29
     950:	1f 92       	push	r1
     952:	cd b7       	in	r28, 0x3d	; 61
     954:	de b7       	in	r29, 0x3e	; 62
     956:	8f ef       	ldi	r24, 0xFF	; 255
     958:	9f ef       	ldi	r25, 0xFF	; 255
     95a:	20 91 bc 00 	lds	r18, 0x00BC	; 0x8000bc <__TEXT_REGION_LENGTH__+0x7f80bc>
     95e:	29 83       	std	Y+1, r18	; 0x01
     960:	29 81       	ldd	r18, Y+1	; 0x01
     962:	27 fd       	sbrc	r18, 7
     964:	02 c0       	rjmp	.+4      	; 0x96a <I2C_WaitForComplete+0x1e>
     966:	01 97       	sbiw	r24, 0x01	; 1
     968:	c1 f7       	brne	.-16     	; 0x95a <I2C_WaitForComplete+0xe>
     96a:	0f 90       	pop	r0
     96c:	df 91       	pop	r29
     96e:	cf 91       	pop	r28
     970:	08 95       	ret

00000972 <I2C_Init>:
     972:	8c e0       	ldi	r24, 0x0C	; 12
     974:	80 93 b8 00 	sts	0x00B8, r24	; 0x8000b8 <__TEXT_REGION_LENGTH__+0x7f80b8>
     978:	ec eb       	ldi	r30, 0xBC	; 188
     97a:	f0 e0       	ldi	r31, 0x00	; 0
     97c:	80 81       	ld	r24, Z
     97e:	84 60       	ori	r24, 0x04	; 4
     980:	80 83       	st	Z, r24
     982:	08 95       	ret

00000984 <I2C_Write>:
     984:	ff 92       	push	r15
     986:	0f 93       	push	r16
     988:	1f 93       	push	r17
     98a:	cf 93       	push	r28
     98c:	df 93       	push	r29
     98e:	c8 2f       	mov	r28, r24
     990:	16 2f       	mov	r17, r22
     992:	f4 2e       	mov	r15, r20
     994:	05 2f       	mov	r16, r21
     996:	84 ea       	ldi	r24, 0xA4	; 164
     998:	80 93 bc 00 	sts	0x00BC, r24	; 0x8000bc <__TEXT_REGION_LENGTH__+0x7f80bc>
     99c:	0e 94 a6 04 	call	0x94c	; 0x94c <I2C_WaitForComplete>
     9a0:	cc 0f       	add	r28, r28
     9a2:	c0 93 bb 00 	sts	0x00BB, r28	; 0x8000bb <__TEXT_REGION_LENGTH__+0x7f80bb>
     9a6:	84 e8       	ldi	r24, 0x84	; 132
     9a8:	80 93 bc 00 	sts	0x00BC, r24	; 0x8000bc <__TEXT_REGION_LENGTH__+0x7f80bc>
     9ac:	0e 94 a6 04 	call	0x94c	; 0x94c <I2C_WaitForComplete>
     9b0:	cf 2d       	mov	r28, r15
     9b2:	d0 2f       	mov	r29, r16
     9b4:	ce 01       	movw	r24, r28
     9b6:	81 0f       	add	r24, r17
     9b8:	91 1d       	adc	r25, r1
     9ba:	8c 01       	movw	r16, r24
     9bc:	84 e8       	ldi	r24, 0x84	; 132
     9be:	f8 2e       	mov	r15, r24
     9c0:	c0 17       	cp	r28, r16
     9c2:	d1 07       	cpc	r29, r17
     9c4:	41 f0       	breq	.+16     	; 0x9d6 <I2C_Write+0x52>
     9c6:	89 91       	ld	r24, Y+
     9c8:	80 93 bb 00 	sts	0x00BB, r24	; 0x8000bb <__TEXT_REGION_LENGTH__+0x7f80bb>
     9cc:	f0 92 bc 00 	sts	0x00BC, r15	; 0x8000bc <__TEXT_REGION_LENGTH__+0x7f80bc>
     9d0:	0e 94 a6 04 	call	0x94c	; 0x94c <I2C_WaitForComplete>
     9d4:	f5 cf       	rjmp	.-22     	; 0x9c0 <I2C_Write+0x3c>
     9d6:	80 91 b9 00 	lds	r24, 0x00B9	; 0x8000b9 <__TEXT_REGION_LENGTH__+0x7f80b9>
     9da:	94 e9       	ldi	r25, 0x94	; 148
     9dc:	90 93 bc 00 	sts	0x00BC, r25	; 0x8000bc <__TEXT_REGION_LENGTH__+0x7f80bc>
     9e0:	df 91       	pop	r29
     9e2:	cf 91       	pop	r28
     9e4:	1f 91       	pop	r17
     9e6:	0f 91       	pop	r16
     9e8:	ff 90       	pop	r15
     9ea:	08 95       	ret

000009ec <I2C_Read>:
     9ec:	af 92       	push	r10
     9ee:	bf 92       	push	r11
     9f0:	cf 92       	push	r12
     9f2:	df 92       	push	r13
     9f4:	ef 92       	push	r14
     9f6:	ff 92       	push	r15
     9f8:	0f 93       	push	r16
     9fa:	1f 93       	push	r17
     9fc:	cf 93       	push	r28
     9fe:	df 93       	push	r29
     a00:	c8 2f       	mov	r28, r24
     a02:	06 2f       	mov	r16, r22
     a04:	f4 2e       	mov	r15, r20
     a06:	15 2f       	mov	r17, r21
     a08:	84 ea       	ldi	r24, 0xA4	; 164
     a0a:	80 93 bc 00 	sts	0x00BC, r24	; 0x8000bc <__TEXT_REGION_LENGTH__+0x7f80bc>
     a0e:	0e 94 a6 04 	call	0x94c	; 0x94c <I2C_WaitForComplete>
     a12:	cc 0f       	add	r28, r28
     a14:	c1 60       	ori	r28, 0x01	; 1
     a16:	c0 93 bb 00 	sts	0x00BB, r28	; 0x8000bb <__TEXT_REGION_LENGTH__+0x7f80bb>
     a1a:	84 e8       	ldi	r24, 0x84	; 132
     a1c:	80 93 bc 00 	sts	0x00BC, r24	; 0x8000bc <__TEXT_REGION_LENGTH__+0x7f80bc>
     a20:	0e 94 a6 04 	call	0x94c	; 0x94c <I2C_WaitForComplete>
     a24:	cf 2d       	mov	r28, r15
     a26:	d1 2f       	mov	r29, r17
     a28:	10 e0       	ldi	r17, 0x00	; 0
     a2a:	e1 2c       	mov	r14, r1
     a2c:	f1 2c       	mov	r15, r1
     a2e:	68 01       	movw	r12, r16
     a30:	81 e0       	ldi	r24, 0x01	; 1
     a32:	c8 1a       	sub	r12, r24
     a34:	d1 08       	sbc	r13, r1
     a36:	84 ec       	ldi	r24, 0xC4	; 196
     a38:	b8 2e       	mov	r11, r24
     a3a:	94 e8       	ldi	r25, 0x84	; 132
     a3c:	a9 2e       	mov	r10, r25
     a3e:	e0 16       	cp	r14, r16
     a40:	f1 06       	cpc	r15, r17
     a42:	91 f0       	breq	.+36     	; 0xa68 <I2C_Read+0x7c>
     a44:	ce 14       	cp	r12, r14
     a46:	df 04       	cpc	r13, r15
     a48:	19 f4       	brne	.+6      	; 0xa50 <I2C_Read+0x64>
     a4a:	a0 92 bc 00 	sts	0x00BC, r10	; 0x8000bc <__TEXT_REGION_LENGTH__+0x7f80bc>
     a4e:	02 c0       	rjmp	.+4      	; 0xa54 <I2C_Read+0x68>
     a50:	b0 92 bc 00 	sts	0x00BC, r11	; 0x8000bc <__TEXT_REGION_LENGTH__+0x7f80bc>
     a54:	0e 94 a6 04 	call	0x94c	; 0x94c <I2C_WaitForComplete>
     a58:	80 91 bb 00 	lds	r24, 0x00BB	; 0x8000bb <__TEXT_REGION_LENGTH__+0x7f80bb>
     a5c:	88 83       	st	Y, r24
     a5e:	8f ef       	ldi	r24, 0xFF	; 255
     a60:	e8 1a       	sub	r14, r24
     a62:	f8 0a       	sbc	r15, r24
     a64:	21 96       	adiw	r28, 0x01	; 1
     a66:	eb cf       	rjmp	.-42     	; 0xa3e <I2C_Read+0x52>
     a68:	84 e9       	ldi	r24, 0x94	; 148
     a6a:	80 93 bc 00 	sts	0x00BC, r24	; 0x8000bc <__TEXT_REGION_LENGTH__+0x7f80bc>
     a6e:	df 91       	pop	r29
     a70:	cf 91       	pop	r28
     a72:	1f 91       	pop	r17
     a74:	0f 91       	pop	r16
     a76:	ff 90       	pop	r15
     a78:	ef 90       	pop	r14
     a7a:	df 90       	pop	r13
     a7c:	cf 90       	pop	r12
     a7e:	bf 90       	pop	r11
     a80:	af 90       	pop	r10
     a82:	08 95       	ret

00000a84 <I2C_Shutdown>:
     a84:	10 92 b8 00 	sts	0x00B8, r1	; 0x8000b8 <__TEXT_REGION_LENGTH__+0x7f80b8>
     a88:	ec eb       	ldi	r30, 0xBC	; 188
     a8a:	f0 e0       	ldi	r31, 0x00	; 0
     a8c:	80 81       	ld	r24, Z
     a8e:	8b 7f       	andi	r24, 0xFB	; 251
     a90:	80 83       	st	Z, r24
     a92:	08 95       	ret

00000a94 <initIO>:
     a94:	57 9a       	sbi	0x0a, 7	; 10
     a96:	5f 98       	cbi	0x0b, 7	; 11
     a98:	5f 9a       	sbi	0x0b, 7	; 11
     a9a:	5f 98       	cbi	0x0b, 7	; 11
     a9c:	5f 9a       	sbi	0x0b, 7	; 11
     a9e:	5f 98       	cbi	0x0b, 7	; 11
     aa0:	5f 9a       	sbi	0x0b, 7	; 11
     aa2:	5f 98       	cbi	0x0b, 7	; 11
     aa4:	08 95       	ret

00000aa6 <main>:
     aa6:	0e 94 4a 05 	call	0xa94	; 0xa94 <initIO>
     aaa:	0e 94 6f 03 	call	0x6de	; 0x6de <ASC_Init_asci>
     aae:	0e 94 b8 09 	call	0x1370	; 0x1370 <MEN_Init>
     ab2:	0e 94 d7 09 	call	0x13ae	; 0x13ae <MEN_bkproc>
     ab6:	fd cf       	rjmp	.-6      	; 0xab2 <main+0xc>

00000ab8 <I2C_menu>:
     ab8:	cf 93       	push	r28
     aba:	df 93       	push	r29
     abc:	00 d0       	rcall	.+0      	; 0xabe <I2C_menu+0x6>
     abe:	00 d0       	rcall	.+0      	; 0xac0 <I2C_menu+0x8>
     ac0:	1f 92       	push	r1
     ac2:	cd b7       	in	r28, 0x3d	; 61
     ac4:	de b7       	in	r29, 0x3e	; 62
     ac6:	0e 94 b9 04 	call	0x972	; 0x972 <I2C_Init>
     aca:	81 e0       	ldi	r24, 0x01	; 1
     acc:	80 93 2e 03 	sts	0x032E, r24	; 0x80032e <cur_i2c_err_code>
     ad0:	1f 92       	push	r1
     ad2:	8f 93       	push	r24
     ad4:	86 e8       	ldi	r24, 0x86	; 134
     ad6:	91 e0       	ldi	r25, 0x01	; 1
     ad8:	9f 93       	push	r25
     ada:	8f 93       	push	r24
     adc:	85 e3       	ldi	r24, 0x35	; 53
     ade:	93 e0       	ldi	r25, 0x03	; 3
     ae0:	9f 93       	push	r25
     ae2:	8f 93       	push	r24
     ae4:	0e 94 34 0a 	call	0x1468	; 0x1468 <sprintf>
     ae8:	85 e3       	ldi	r24, 0x35	; 53
     aea:	93 e0       	ldi	r25, 0x03	; 3
     aec:	0e 94 04 04 	call	0x808	; 0x808 <ASC_Asci_msg>
     af0:	81 e1       	ldi	r24, 0x11	; 17
     af2:	89 83       	std	Y+1, r24	; 0x01
     af4:	80 91 2e 03 	lds	r24, 0x032E	; 0x80032e <cur_i2c_err_code>
     af8:	8a 83       	std	Y+2, r24	; 0x02
     afa:	ae 01       	movw	r20, r28
     afc:	4f 5f       	subi	r20, 0xFF	; 255
     afe:	5f 4f       	sbci	r21, 0xFF	; 255
     b00:	62 e0       	ldi	r22, 0x02	; 2
     b02:	80 e1       	ldi	r24, 0x10	; 16
     b04:	0e 94 c2 04 	call	0x984	; 0x984 <I2C_Write>
     b08:	10 92 30 03 	sts	0x0330, r1	; 0x800330 <MEN_MSG_PTR+0x1>
     b0c:	10 92 2f 03 	sts	0x032F, r1	; 0x80032f <MEN_MSG_PTR>
     b10:	8c e7       	ldi	r24, 0x7C	; 124
     b12:	97 e0       	ldi	r25, 0x07	; 7
     b14:	90 93 32 03 	sts	0x0332, r25	; 0x800332 <next_cmd_func+0x1>
     b18:	80 93 31 03 	sts	0x0331, r24	; 0x800331 <next_cmd_func>
     b1c:	89 e3       	ldi	r24, 0x39	; 57
     b1e:	96 e0       	ldi	r25, 0x06	; 6
     b20:	90 93 34 03 	sts	0x0334, r25	; 0x800334 <cmd_bk_func+0x1>
     b24:	80 93 33 03 	sts	0x0333, r24	; 0x800333 <cmd_bk_func>
     b28:	0f 90       	pop	r0
     b2a:	0f 90       	pop	r0
     b2c:	0f 90       	pop	r0
     b2e:	0f 90       	pop	r0
     b30:	0f 90       	pop	r0
     b32:	0f 90       	pop	r0
     b34:	0f 90       	pop	r0
     b36:	0f 90       	pop	r0
     b38:	0f 90       	pop	r0
     b3a:	0f 90       	pop	r0
     b3c:	0f 90       	pop	r0
     b3e:	df 91       	pop	r29
     b40:	cf 91       	pop	r28
     b42:	08 95       	ret

00000b44 <Eeprom_read>:
     b44:	0f 93       	push	r16
     b46:	1f 93       	push	r17
     b48:	cf 93       	push	r28
     b4a:	df 93       	push	r29
     b4c:	18 2f       	mov	r17, r24
     b4e:	04 2f       	mov	r16, r20
     b50:	e9 01       	movw	r28, r18
     b52:	6f 3f       	cpi	r22, 0xFF	; 255
     b54:	71 05       	cpc	r23, r1
     b56:	11 f0       	breq	.+4      	; 0xb5c <Eeprom_read+0x18>
     b58:	08 f0       	brcs	.+2      	; 0xb5c <Eeprom_read+0x18>
     b5a:	1f 5f       	subi	r17, 0xFF	; 255
     b5c:	68 83       	st	Y, r22
     b5e:	ae 01       	movw	r20, r28
     b60:	61 e0       	ldi	r22, 0x01	; 1
     b62:	81 2f       	mov	r24, r17
     b64:	0e 94 c2 04 	call	0x984	; 0x984 <I2C_Write>
     b68:	88 32       	cpi	r24, 0x28	; 40
     b6a:	c9 f7       	brne	.-14     	; 0xb5e <Eeprom_read+0x1a>
     b6c:	21 96       	adiw	r28, 0x01	; 1
     b6e:	ae 01       	movw	r20, r28
     b70:	60 2f       	mov	r22, r16
     b72:	81 2f       	mov	r24, r17
     b74:	0e 94 f6 04 	call	0x9ec	; 0x9ec <I2C_Read>
     b78:	ce 01       	movw	r24, r28
     b7a:	df 91       	pop	r29
     b7c:	cf 91       	pop	r28
     b7e:	1f 91       	pop	r17
     b80:	0f 91       	pop	r16
     b82:	08 95       	ret

00000b84 <Cmd_check>:
     b84:	1f 93       	push	r17
     b86:	cf 93       	push	r28
     b88:	df 93       	push	r29
     b8a:	1f 92       	push	r1
     b8c:	cd b7       	in	r28, 0x3d	; 61
     b8e:	de b7       	in	r29, 0x3e	; 62
     b90:	18 2f       	mov	r17, r24
     b92:	ce 01       	movw	r24, r28
     b94:	01 96       	adiw	r24, 0x01	; 1
     b96:	0e 94 89 04 	call	0x912	; 0x912 <ASC_Asci_getchar>
     b9a:	88 23       	and	r24, r24
     b9c:	91 f0       	breq	.+36     	; 0xbc2 <Cmd_check+0x3e>
     b9e:	11 23       	and	r17, r17
     ba0:	79 f0       	breq	.+30     	; 0xbc0 <Cmd_check+0x3c>
     ba2:	89 81       	ldd	r24, Y+1	; 0x01
     ba4:	8d 30       	cpi	r24, 0x0D	; 13
     ba6:	39 f4       	brne	.+14     	; 0xbb6 <Cmd_check+0x32>
     ba8:	8a e9       	ldi	r24, 0x9A	; 154
     baa:	94 e0       	ldi	r25, 0x04	; 4
     bac:	0e 94 fd 09 	call	0x13fa	; 0x13fa <ROM_Read_romstr>
     bb0:	0e 94 04 04 	call	0x808	; 0x808 <ASC_Asci_msg>
     bb4:	05 c0       	rjmp	.+10     	; 0xbc0 <Cmd_check+0x3c>
     bb6:	61 e0       	ldi	r22, 0x01	; 1
     bb8:	ce 01       	movw	r24, r28
     bba:	01 96       	adiw	r24, 0x01	; 1
     bbc:	0e 94 c3 03 	call	0x786	; 0x786 <ASC_Asci_tx>
     bc0:	89 81       	ldd	r24, Y+1	; 0x01
     bc2:	0f 90       	pop	r0
     bc4:	df 91       	pop	r29
     bc6:	cf 91       	pop	r28
     bc8:	1f 91       	pop	r17
     bca:	08 95       	ret

00000bcc <Adc_debug_menu>:
     bcc:	cf 93       	push	r28
     bce:	df 93       	push	r29
     bd0:	00 d0       	rcall	.+0      	; 0xbd2 <Adc_debug_menu+0x6>
     bd2:	00 d0       	rcall	.+0      	; 0xbd4 <Adc_debug_menu+0x8>
     bd4:	cd b7       	in	r28, 0x3d	; 61
     bd6:	de b7       	in	r29, 0x3e	; 62
     bd8:	ce 01       	movw	r24, r28
     bda:	01 96       	adiw	r24, 0x01	; 1
     bdc:	0e 94 13 03 	call	0x626	; 0x626 <ADC_Get_average>
     be0:	88 23       	and	r24, r24
     be2:	19 f1       	breq	.+70     	; 0xc2a <Adc_debug_menu+0x5e>
     be4:	29 81       	ldd	r18, Y+1	; 0x01
     be6:	3a 81       	ldd	r19, Y+2	; 0x02
     be8:	4b 81       	ldd	r20, Y+3	; 0x03
     bea:	5c 81       	ldd	r21, Y+4	; 0x04
     bec:	68 e3       	ldi	r22, 0x38	; 56
     bee:	78 e3       	ldi	r23, 0x38	; 56
     bf0:	83 e0       	ldi	r24, 0x03	; 3
     bf2:	90 e0       	ldi	r25, 0x00	; 0
     bf4:	0e 94 0a 0a 	call	0x1414	; 0x1414 <__mulsi3>
     bf8:	aa 27       	eor	r26, r26
     bfa:	bb 27       	eor	r27, r27
     bfc:	bf 93       	push	r27
     bfe:	af 93       	push	r26
     c00:	9f 93       	push	r25
     c02:	8f 93       	push	r24
     c04:	87 e9       	ldi	r24, 0x97	; 151
     c06:	91 e0       	ldi	r25, 0x01	; 1
     c08:	9f 93       	push	r25
     c0a:	8f 93       	push	r24
     c0c:	85 e3       	ldi	r24, 0x35	; 53
     c0e:	93 e0       	ldi	r25, 0x03	; 3
     c10:	9f 93       	push	r25
     c12:	8f 93       	push	r24
     c14:	0e 94 34 0a 	call	0x1468	; 0x1468 <sprintf>
     c18:	85 e3       	ldi	r24, 0x35	; 53
     c1a:	93 e0       	ldi	r25, 0x03	; 3
     c1c:	0e 94 04 04 	call	0x808	; 0x808 <ASC_Asci_msg>
     c20:	0f b6       	in	r0, 0x3f	; 63
     c22:	f8 94       	cli
     c24:	de bf       	out	0x3e, r29	; 62
     c26:	0f be       	out	0x3f, r0	; 63
     c28:	cd bf       	out	0x3d, r28	; 61
     c2a:	81 e0       	ldi	r24, 0x01	; 1
     c2c:	0e 94 c2 05 	call	0xb84	; 0xb84 <Cmd_check>
     c30:	88 23       	and	r24, r24
     c32:	c1 f0       	breq	.+48     	; 0xc64 <Adc_debug_menu+0x98>
     c34:	88 35       	cpi	r24, 0x58	; 88
     c36:	11 f0       	breq	.+4      	; 0xc3c <Adc_debug_menu+0x70>
     c38:	88 37       	cpi	r24, 0x78	; 120
     c3a:	a1 f4       	brne	.+40     	; 0xc64 <Adc_debug_menu+0x98>
     c3c:	0e 94 9b 02 	call	0x536	; 0x536 <ADC_Shutdown>
     c40:	80 ef       	ldi	r24, 0xF0	; 240
     c42:	92 e0       	ldi	r25, 0x02	; 2
     c44:	90 93 30 03 	sts	0x0330, r25	; 0x800330 <MEN_MSG_PTR+0x1>
     c48:	80 93 2f 03 	sts	0x032F, r24	; 0x80032f <MEN_MSG_PTR>
     c4c:	84 eb       	ldi	r24, 0xB4	; 180
     c4e:	96 e0       	ldi	r25, 0x06	; 6
     c50:	90 93 32 03 	sts	0x0332, r25	; 0x800332 <next_cmd_func+0x1>
     c54:	80 93 31 03 	sts	0x0331, r24	; 0x800331 <next_cmd_func>
     c58:	89 e3       	ldi	r24, 0x39	; 57
     c5a:	96 e0       	ldi	r25, 0x06	; 6
     c5c:	90 93 34 03 	sts	0x0334, r25	; 0x800334 <cmd_bk_func+0x1>
     c60:	80 93 33 03 	sts	0x0333, r24	; 0x800333 <cmd_bk_func>
     c64:	0f 90       	pop	r0
     c66:	0f 90       	pop	r0
     c68:	0f 90       	pop	r0
     c6a:	0f 90       	pop	r0
     c6c:	df 91       	pop	r29
     c6e:	cf 91       	pop	r28
     c70:	08 95       	ret

00000c72 <Test_msg_func>:
     c72:	cf 93       	push	r28
     c74:	df 93       	push	r29
     c76:	80 91 2f 03 	lds	r24, 0x032F	; 0x80032f <MEN_MSG_PTR>
     c7a:	90 91 30 03 	lds	r25, 0x0330	; 0x800330 <MEN_MSG_PTR+0x1>
     c7e:	00 97       	sbiw	r24, 0x00	; 0
     c80:	71 f1       	breq	.+92     	; 0xcde <Test_msg_func+0x6c>
     c82:	0e 94 f1 09 	call	0x13e2	; 0x13e2 <ROM_Romstrlen>
     c86:	ec 01       	movw	r28, r24
     c88:	83 3b       	cpi	r24, 0xB3	; 179
     c8a:	91 05       	cpc	r25, r1
     c8c:	10 f0       	brcs	.+4      	; 0xc92 <Test_msg_func+0x20>
     c8e:	c2 eb       	ldi	r28, 0xB2	; 178
     c90:	d0 e0       	ldi	r29, 0x00	; 0
     c92:	0e 94 b2 03 	call	0x764	; 0x764 <ASC_Get_asci_tx_space>
     c96:	90 e0       	ldi	r25, 0x00	; 0
     c98:	8c 17       	cp	r24, r28
     c9a:	9d 07       	cpc	r25, r29
     c9c:	d0 f3       	brcs	.-12     	; 0xc92 <Test_msg_func+0x20>
     c9e:	be 01       	movw	r22, r28
     ca0:	80 91 2f 03 	lds	r24, 0x032F	; 0x80032f <MEN_MSG_PTR>
     ca4:	90 91 30 03 	lds	r25, 0x0330	; 0x800330 <MEN_MSG_PTR+0x1>
     ca8:	0e 94 df 09 	call	0x13be	; 0x13be <ROM_Read_romdata>
     cac:	20 91 2f 03 	lds	r18, 0x032F	; 0x80032f <MEN_MSG_PTR>
     cb0:	30 91 30 03 	lds	r19, 0x0330	; 0x800330 <MEN_MSG_PTR+0x1>
     cb4:	2c 0f       	add	r18, r28
     cb6:	3d 1f       	adc	r19, r29
     cb8:	30 93 30 03 	sts	0x0330, r19	; 0x800330 <MEN_MSG_PTR+0x1>
     cbc:	20 93 2f 03 	sts	0x032F, r18	; 0x80032f <MEN_MSG_PTR>
     cc0:	6c 2f       	mov	r22, r28
     cc2:	0e 94 c3 03 	call	0x786	; 0x786 <ASC_Asci_tx>
     cc6:	e0 91 2f 03 	lds	r30, 0x032F	; 0x80032f <MEN_MSG_PTR>
     cca:	f0 91 30 03 	lds	r31, 0x0330	; 0x800330 <MEN_MSG_PTR+0x1>
     cce:	e4 91       	lpm	r30, Z
     cd0:	e1 11       	cpse	r30, r1
     cd2:	0d c0       	rjmp	.+26     	; 0xcee <Test_msg_func+0x7c>
     cd4:	10 92 30 03 	sts	0x0330, r1	; 0x800330 <MEN_MSG_PTR+0x1>
     cd8:	10 92 2f 03 	sts	0x032F, r1	; 0x80032f <MEN_MSG_PTR>
     cdc:	08 c0       	rjmp	.+16     	; 0xcee <Test_msg_func+0x7c>
     cde:	80 91 31 03 	lds	r24, 0x0331	; 0x800331 <next_cmd_func>
     ce2:	90 91 32 03 	lds	r25, 0x0332	; 0x800332 <next_cmd_func+0x1>
     ce6:	90 93 34 03 	sts	0x0334, r25	; 0x800334 <cmd_bk_func+0x1>
     cea:	80 93 33 03 	sts	0x0333, r24	; 0x800333 <cmd_bk_func>
     cee:	df 91       	pop	r29
     cf0:	cf 91       	pop	r28
     cf2:	08 95       	ret

00000cf4 <Start_menu>:
     cf4:	81 e0       	ldi	r24, 0x01	; 1
     cf6:	0e 94 c2 05 	call	0xb84	; 0xb84 <Cmd_check>
     cfa:	88 23       	and	r24, r24
     cfc:	a1 f1       	breq	.+104    	; 0xd66 <Start_menu+0x72>
     cfe:	84 35       	cpi	r24, 0x54	; 84
     d00:	41 f0       	breq	.+16     	; 0xd12 <Start_menu+0x1e>
     d02:	18 f4       	brcc	.+6      	; 0xd0a <Start_menu+0x16>
     d04:	84 34       	cpi	r24, 0x44	; 68
     d06:	71 f0       	breq	.+28     	; 0xd24 <Start_menu+0x30>
     d08:	16 c0       	rjmp	.+44     	; 0xd36 <Start_menu+0x42>
     d0a:	84 36       	cpi	r24, 0x64	; 100
     d0c:	59 f0       	breq	.+22     	; 0xd24 <Start_menu+0x30>
     d0e:	84 37       	cpi	r24, 0x74	; 116
     d10:	91 f4       	brne	.+36     	; 0xd36 <Start_menu+0x42>
     d12:	88 e4       	ldi	r24, 0x48	; 72
     d14:	93 e0       	ldi	r25, 0x03	; 3
     d16:	90 93 30 03 	sts	0x0330, r25	; 0x800330 <MEN_MSG_PTR+0x1>
     d1a:	80 93 2f 03 	sts	0x032F, r24	; 0x80032f <MEN_MSG_PTR>
     d1e:	87 e4       	ldi	r24, 0x47	; 71
     d20:	97 e0       	ldi	r25, 0x07	; 7
     d22:	17 c0       	rjmp	.+46     	; 0xd52 <Start_menu+0x5e>
     d24:	80 ef       	ldi	r24, 0xF0	; 240
     d26:	92 e0       	ldi	r25, 0x02	; 2
     d28:	90 93 30 03 	sts	0x0330, r25	; 0x800330 <MEN_MSG_PTR+0x1>
     d2c:	80 93 2f 03 	sts	0x032F, r24	; 0x80032f <MEN_MSG_PTR>
     d30:	84 eb       	ldi	r24, 0xB4	; 180
     d32:	96 e0       	ldi	r25, 0x06	; 6
     d34:	0e c0       	rjmp	.+28     	; 0xd52 <Start_menu+0x5e>
     d36:	89 ee       	ldi	r24, 0xE9	; 233
     d38:	93 e0       	ldi	r25, 0x03	; 3
     d3a:	0e 94 fd 09 	call	0x13fa	; 0x13fa <ROM_Read_romstr>
     d3e:	0e 94 04 04 	call	0x808	; 0x808 <ASC_Asci_msg>
     d42:	8d e8       	ldi	r24, 0x8D	; 141
     d44:	93 e0       	ldi	r25, 0x03	; 3
     d46:	90 93 30 03 	sts	0x0330, r25	; 0x800330 <MEN_MSG_PTR+0x1>
     d4a:	80 93 2f 03 	sts	0x032F, r24	; 0x80032f <MEN_MSG_PTR>
     d4e:	8a e7       	ldi	r24, 0x7A	; 122
     d50:	96 e0       	ldi	r25, 0x06	; 6
     d52:	90 93 32 03 	sts	0x0332, r25	; 0x800332 <next_cmd_func+0x1>
     d56:	80 93 31 03 	sts	0x0331, r24	; 0x800331 <next_cmd_func>
     d5a:	89 e3       	ldi	r24, 0x39	; 57
     d5c:	96 e0       	ldi	r25, 0x06	; 6
     d5e:	90 93 34 03 	sts	0x0334, r25	; 0x800334 <cmd_bk_func+0x1>
     d62:	80 93 33 03 	sts	0x0333, r24	; 0x800333 <cmd_bk_func>
     d66:	08 95       	ret

00000d68 <Debug_menu>:
     d68:	81 e0       	ldi	r24, 0x01	; 1
     d6a:	0e 94 c2 05 	call	0xb84	; 0xb84 <Cmd_check>
     d6e:	88 23       	and	r24, r24
     d70:	09 f4       	brne	.+2      	; 0xd74 <Debug_menu+0xc>
     d72:	45 c0       	rjmp	.+138    	; 0xdfe <Debug_menu+0x96>
     d74:	88 35       	cpi	r24, 0x58	; 88
     d76:	11 f1       	breq	.+68     	; 0xdbc <Debug_menu+0x54>
     d78:	28 f4       	brcc	.+10     	; 0xd84 <Debug_menu+0x1c>
     d7a:	81 34       	cpi	r24, 0x41	; 65
     d7c:	49 f0       	breq	.+18     	; 0xd90 <Debug_menu+0x28>
     d7e:	85 34       	cpi	r24, 0x45	; 69
     d80:	91 f0       	breq	.+36     	; 0xda6 <Debug_menu+0x3e>
     d82:	25 c0       	rjmp	.+74     	; 0xdce <Debug_menu+0x66>
     d84:	85 36       	cpi	r24, 0x65	; 101
     d86:	79 f0       	breq	.+30     	; 0xda6 <Debug_menu+0x3e>
     d88:	88 37       	cpi	r24, 0x78	; 120
     d8a:	c1 f0       	breq	.+48     	; 0xdbc <Debug_menu+0x54>
     d8c:	81 36       	cpi	r24, 0x61	; 97
     d8e:	f9 f4       	brne	.+62     	; 0xdce <Debug_menu+0x66>
     d90:	0e 94 6e 02 	call	0x4dc	; 0x4dc <ADC_Init>
     d94:	8e e9       	ldi	r24, 0x9E	; 158
     d96:	91 e0       	ldi	r25, 0x01	; 1
     d98:	90 93 30 03 	sts	0x0330, r25	; 0x800330 <MEN_MSG_PTR+0x1>
     d9c:	80 93 2f 03 	sts	0x032F, r24	; 0x80032f <MEN_MSG_PTR>
     da0:	86 ee       	ldi	r24, 0xE6	; 230
     da2:	95 e0       	ldi	r25, 0x05	; 5
     da4:	22 c0       	rjmp	.+68     	; 0xdea <Debug_menu+0x82>
     da6:	0e 94 b9 04 	call	0x972	; 0x972 <I2C_Init>
     daa:	88 e6       	ldi	r24, 0x68	; 104
     dac:	90 e0       	ldi	r25, 0x00	; 0
     dae:	90 93 30 03 	sts	0x0330, r25	; 0x800330 <MEN_MSG_PTR+0x1>
     db2:	80 93 2f 03 	sts	0x032F, r24	; 0x80032f <MEN_MSG_PTR>
     db6:	80 e0       	ldi	r24, 0x00	; 0
     db8:	97 e0       	ldi	r25, 0x07	; 7
     dba:	17 c0       	rjmp	.+46     	; 0xdea <Debug_menu+0x82>
     dbc:	8d e8       	ldi	r24, 0x8D	; 141
     dbe:	93 e0       	ldi	r25, 0x03	; 3
     dc0:	90 93 30 03 	sts	0x0330, r25	; 0x800330 <MEN_MSG_PTR+0x1>
     dc4:	80 93 2f 03 	sts	0x032F, r24	; 0x80032f <MEN_MSG_PTR>
     dc8:	8a e7       	ldi	r24, 0x7A	; 122
     dca:	96 e0       	ldi	r25, 0x06	; 6
     dcc:	0e c0       	rjmp	.+28     	; 0xdea <Debug_menu+0x82>
     dce:	89 ee       	ldi	r24, 0xE9	; 233
     dd0:	93 e0       	ldi	r25, 0x03	; 3
     dd2:	0e 94 fd 09 	call	0x13fa	; 0x13fa <ROM_Read_romstr>
     dd6:	0e 94 04 04 	call	0x808	; 0x808 <ASC_Asci_msg>
     dda:	80 ef       	ldi	r24, 0xF0	; 240
     ddc:	92 e0       	ldi	r25, 0x02	; 2
     dde:	90 93 30 03 	sts	0x0330, r25	; 0x800330 <MEN_MSG_PTR+0x1>
     de2:	80 93 2f 03 	sts	0x032F, r24	; 0x80032f <MEN_MSG_PTR>
     de6:	84 eb       	ldi	r24, 0xB4	; 180
     de8:	96 e0       	ldi	r25, 0x06	; 6
     dea:	90 93 32 03 	sts	0x0332, r25	; 0x800332 <next_cmd_func+0x1>
     dee:	80 93 31 03 	sts	0x0331, r24	; 0x800331 <next_cmd_func>
     df2:	89 e3       	ldi	r24, 0x39	; 57
     df4:	96 e0       	ldi	r25, 0x06	; 6
     df6:	90 93 34 03 	sts	0x0334, r25	; 0x800334 <cmd_bk_func+0x1>
     dfa:	80 93 33 03 	sts	0x0333, r24	; 0x800333 <cmd_bk_func>
     dfe:	08 95       	ret

00000e00 <Eeprom_addr_select_menu>:
     e00:	81 e0       	ldi	r24, 0x01	; 1
     e02:	0e 94 c2 05 	call	0xb84	; 0xb84 <Cmd_check>
     e06:	88 23       	and	r24, r24
     e08:	09 f4       	brne	.+2      	; 0xe0c <Eeprom_addr_select_menu+0xc>
     e0a:	40 c0       	rjmp	.+128    	; 0xe8c <Eeprom_addr_select_menu+0x8c>
     e0c:	83 33       	cpi	r24, 0x33	; 51
     e0e:	89 f0       	breq	.+34     	; 0xe32 <Eeprom_addr_select_menu+0x32>
     e10:	30 f4       	brcc	.+12     	; 0xe1e <Eeprom_addr_select_menu+0x1e>
     e12:	81 33       	cpi	r24, 0x31	; 49
     e14:	61 f0       	breq	.+24     	; 0xe2e <Eeprom_addr_select_menu+0x2e>
     e16:	82 33       	cpi	r24, 0x32	; 50
     e18:	09 f5       	brne	.+66     	; 0xe5c <Eeprom_addr_select_menu+0x5c>
     e1a:	82 e5       	ldi	r24, 0x52	; 82
     e1c:	0b c0       	rjmp	.+22     	; 0xe34 <Eeprom_addr_select_menu+0x34>
     e1e:	88 35       	cpi	r24, 0x58	; 88
     e20:	a1 f0       	breq	.+40     	; 0xe4a <Eeprom_addr_select_menu+0x4a>
     e22:	88 37       	cpi	r24, 0x78	; 120
     e24:	91 f0       	breq	.+36     	; 0xe4a <Eeprom_addr_select_menu+0x4a>
     e26:	84 33       	cpi	r24, 0x34	; 52
     e28:	c9 f4       	brne	.+50     	; 0xe5c <Eeprom_addr_select_menu+0x5c>
     e2a:	86 e5       	ldi	r24, 0x56	; 86
     e2c:	03 c0       	rjmp	.+6      	; 0xe34 <Eeprom_addr_select_menu+0x34>
     e2e:	80 e5       	ldi	r24, 0x50	; 80
     e30:	01 c0       	rjmp	.+2      	; 0xe34 <Eeprom_addr_select_menu+0x34>
     e32:	84 e5       	ldi	r24, 0x54	; 84
     e34:	80 93 2d 03 	sts	0x032D, r24	; 0x80032d <eeprom_i2C_addr>
     e38:	8b ef       	ldi	r24, 0xFB	; 251
     e3a:	90 e0       	ldi	r25, 0x00	; 0
     e3c:	90 93 30 03 	sts	0x0330, r25	; 0x800330 <MEN_MSG_PTR+0x1>
     e40:	80 93 2f 03 	sts	0x032F, r24	; 0x80032f <MEN_MSG_PTR>
     e44:	89 e7       	ldi	r24, 0x79	; 121
     e46:	98 e0       	ldi	r25, 0x08	; 8
     e48:	17 c0       	rjmp	.+46     	; 0xe78 <Eeprom_addr_select_menu+0x78>
     e4a:	80 ef       	ldi	r24, 0xF0	; 240
     e4c:	92 e0       	ldi	r25, 0x02	; 2
     e4e:	90 93 30 03 	sts	0x0330, r25	; 0x800330 <MEN_MSG_PTR+0x1>
     e52:	80 93 2f 03 	sts	0x032F, r24	; 0x80032f <MEN_MSG_PTR>
     e56:	84 eb       	ldi	r24, 0xB4	; 180
     e58:	96 e0       	ldi	r25, 0x06	; 6
     e5a:	0e c0       	rjmp	.+28     	; 0xe78 <Eeprom_addr_select_menu+0x78>
     e5c:	89 ee       	ldi	r24, 0xE9	; 233
     e5e:	93 e0       	ldi	r25, 0x03	; 3
     e60:	0e 94 fd 09 	call	0x13fa	; 0x13fa <ROM_Read_romstr>
     e64:	0e 94 04 04 	call	0x808	; 0x808 <ASC_Asci_msg>
     e68:	88 e6       	ldi	r24, 0x68	; 104
     e6a:	90 e0       	ldi	r25, 0x00	; 0
     e6c:	90 93 30 03 	sts	0x0330, r25	; 0x800330 <MEN_MSG_PTR+0x1>
     e70:	80 93 2f 03 	sts	0x032F, r24	; 0x80032f <MEN_MSG_PTR>
     e74:	80 e0       	ldi	r24, 0x00	; 0
     e76:	97 e0       	ldi	r25, 0x07	; 7
     e78:	90 93 32 03 	sts	0x0332, r25	; 0x800332 <next_cmd_func+0x1>
     e7c:	80 93 31 03 	sts	0x0331, r24	; 0x800331 <next_cmd_func>
     e80:	89 e3       	ldi	r24, 0x39	; 57
     e82:	96 e0       	ldi	r25, 0x06	; 6
     e84:	90 93 34 03 	sts	0x0334, r25	; 0x800334 <cmd_bk_func+0x1>
     e88:	80 93 33 03 	sts	0x0333, r24	; 0x800333 <cmd_bk_func>
     e8c:	08 95       	ret

00000e8e <Test_menu>:
     e8e:	81 e0       	ldi	r24, 0x01	; 1
     e90:	0e 94 c2 05 	call	0xb84	; 0xb84 <Cmd_check>
     e94:	88 23       	and	r24, r24
     e96:	79 f1       	breq	.+94     	; 0xef6 <Test_menu+0x68>
     e98:	88 35       	cpi	r24, 0x58	; 88
     e9a:	91 f0       	breq	.+36     	; 0xec0 <Test_menu+0x32>
     e9c:	18 f4       	brcc	.+6      	; 0xea4 <Test_menu+0x16>
     e9e:	89 34       	cpi	r24, 0x49	; 73
     ea0:	31 f0       	breq	.+12     	; 0xeae <Test_menu+0x20>
     ea2:	17 c0       	rjmp	.+46     	; 0xed2 <Test_menu+0x44>
     ea4:	89 36       	cpi	r24, 0x69	; 105
     ea6:	19 f0       	breq	.+6      	; 0xeae <Test_menu+0x20>
     ea8:	88 37       	cpi	r24, 0x78	; 120
     eaa:	51 f0       	breq	.+20     	; 0xec0 <Test_menu+0x32>
     eac:	12 c0       	rjmp	.+36     	; 0xed2 <Test_menu+0x44>
     eae:	8f ec       	ldi	r24, 0xCF	; 207
     eb0:	91 e0       	ldi	r25, 0x01	; 1
     eb2:	90 93 30 03 	sts	0x0330, r25	; 0x800330 <MEN_MSG_PTR+0x1>
     eb6:	80 93 2f 03 	sts	0x032F, r24	; 0x80032f <MEN_MSG_PTR>
     eba:	8c e5       	ldi	r24, 0x5C	; 92
     ebc:	95 e0       	ldi	r25, 0x05	; 5
     ebe:	11 c0       	rjmp	.+34     	; 0xee2 <Test_menu+0x54>
     ec0:	8d e8       	ldi	r24, 0x8D	; 141
     ec2:	93 e0       	ldi	r25, 0x03	; 3
     ec4:	90 93 30 03 	sts	0x0330, r25	; 0x800330 <MEN_MSG_PTR+0x1>
     ec8:	80 93 2f 03 	sts	0x032F, r24	; 0x80032f <MEN_MSG_PTR>
     ecc:	8a e7       	ldi	r24, 0x7A	; 122
     ece:	96 e0       	ldi	r25, 0x06	; 6
     ed0:	08 c0       	rjmp	.+16     	; 0xee2 <Test_menu+0x54>
     ed2:	80 ef       	ldi	r24, 0xF0	; 240
     ed4:	92 e0       	ldi	r25, 0x02	; 2
     ed6:	90 93 30 03 	sts	0x0330, r25	; 0x800330 <MEN_MSG_PTR+0x1>
     eda:	80 93 2f 03 	sts	0x032F, r24	; 0x80032f <MEN_MSG_PTR>
     ede:	84 eb       	ldi	r24, 0xB4	; 180
     ee0:	96 e0       	ldi	r25, 0x06	; 6
     ee2:	90 93 32 03 	sts	0x0332, r25	; 0x800332 <next_cmd_func+0x1>
     ee6:	80 93 31 03 	sts	0x0331, r24	; 0x800331 <next_cmd_func>
     eea:	89 e3       	ldi	r24, 0x39	; 57
     eec:	96 e0       	ldi	r25, 0x06	; 6
     eee:	90 93 34 03 	sts	0x0334, r25	; 0x800334 <cmd_bk_func+0x1>
     ef2:	80 93 33 03 	sts	0x0333, r24	; 0x800333 <cmd_bk_func>
     ef6:	08 95       	ret

00000ef8 <I2C_test>:
     ef8:	cf 93       	push	r28
     efa:	df 93       	push	r29
     efc:	00 d0       	rcall	.+0      	; 0xefe <I2C_test+0x6>
     efe:	00 d0       	rcall	.+0      	; 0xf00 <I2C_test+0x8>
     f00:	1f 92       	push	r1
     f02:	cd b7       	in	r28, 0x3d	; 61
     f04:	de b7       	in	r29, 0x3e	; 62
     f06:	80 e0       	ldi	r24, 0x00	; 0
     f08:	0e 94 c2 05 	call	0xb84	; 0xb84 <Cmd_check>
     f0c:	88 23       	and	r24, r24
     f0e:	09 f4       	brne	.+2      	; 0xf12 <I2C_test+0x1a>
     f10:	4b c0       	rjmp	.+150    	; 0xfa8 <I2C_test+0xb0>
     f12:	8d 32       	cpi	r24, 0x2D	; 45
     f14:	01 f1       	breq	.+64     	; 0xf56 <I2C_test+0x5e>
     f16:	30 f4       	brcc	.+12     	; 0xf24 <I2C_test+0x2c>
     f18:	8b 32       	cpi	r24, 0x2B	; 43
     f1a:	11 f5       	brne	.+68     	; 0xf60 <I2C_test+0x68>
     f1c:	80 91 2e 03 	lds	r24, 0x032E	; 0x80032e <cur_i2c_err_code>
     f20:	8f 5f       	subi	r24, 0xFF	; 255
     f22:	1c c0       	rjmp	.+56     	; 0xf5c <I2C_test+0x64>
     f24:	88 35       	cpi	r24, 0x58	; 88
     f26:	11 f0       	breq	.+4      	; 0xf2c <I2C_test+0x34>
     f28:	88 37       	cpi	r24, 0x78	; 120
     f2a:	d1 f4       	brne	.+52     	; 0xf60 <I2C_test+0x68>
     f2c:	0e 94 42 05 	call	0xa84	; 0xa84 <I2C_Shutdown>
     f30:	88 e4       	ldi	r24, 0x48	; 72
     f32:	93 e0       	ldi	r25, 0x03	; 3
     f34:	90 93 30 03 	sts	0x0330, r25	; 0x800330 <MEN_MSG_PTR+0x1>
     f38:	80 93 2f 03 	sts	0x032F, r24	; 0x80032f <MEN_MSG_PTR>
     f3c:	87 e4       	ldi	r24, 0x47	; 71
     f3e:	97 e0       	ldi	r25, 0x07	; 7
     f40:	90 93 32 03 	sts	0x0332, r25	; 0x800332 <next_cmd_func+0x1>
     f44:	80 93 31 03 	sts	0x0331, r24	; 0x800331 <next_cmd_func>
     f48:	89 e3       	ldi	r24, 0x39	; 57
     f4a:	96 e0       	ldi	r25, 0x06	; 6
     f4c:	90 93 34 03 	sts	0x0334, r25	; 0x800334 <cmd_bk_func+0x1>
     f50:	80 93 33 03 	sts	0x0333, r24	; 0x800333 <cmd_bk_func>
     f54:	29 c0       	rjmp	.+82     	; 0xfa8 <I2C_test+0xb0>
     f56:	80 91 2e 03 	lds	r24, 0x032E	; 0x80032e <cur_i2c_err_code>
     f5a:	81 50       	subi	r24, 0x01	; 1
     f5c:	80 93 2e 03 	sts	0x032E, r24	; 0x80032e <cur_i2c_err_code>
     f60:	80 91 2e 03 	lds	r24, 0x032E	; 0x80032e <cur_i2c_err_code>
     f64:	1f 92       	push	r1
     f66:	8f 93       	push	r24
     f68:	86 e8       	ldi	r24, 0x86	; 134
     f6a:	91 e0       	ldi	r25, 0x01	; 1
     f6c:	9f 93       	push	r25
     f6e:	8f 93       	push	r24
     f70:	85 e3       	ldi	r24, 0x35	; 53
     f72:	93 e0       	ldi	r25, 0x03	; 3
     f74:	9f 93       	push	r25
     f76:	8f 93       	push	r24
     f78:	0e 94 34 0a 	call	0x1468	; 0x1468 <sprintf>
     f7c:	85 e3       	ldi	r24, 0x35	; 53
     f7e:	93 e0       	ldi	r25, 0x03	; 3
     f80:	0e 94 04 04 	call	0x808	; 0x808 <ASC_Asci_msg>
     f84:	81 e1       	ldi	r24, 0x11	; 17
     f86:	89 83       	std	Y+1, r24	; 0x01
     f88:	80 91 2e 03 	lds	r24, 0x032E	; 0x80032e <cur_i2c_err_code>
     f8c:	8a 83       	std	Y+2, r24	; 0x02
     f8e:	ae 01       	movw	r20, r28
     f90:	4f 5f       	subi	r20, 0xFF	; 255
     f92:	5f 4f       	sbci	r21, 0xFF	; 255
     f94:	62 e0       	ldi	r22, 0x02	; 2
     f96:	80 e1       	ldi	r24, 0x10	; 16
     f98:	0e 94 c2 04 	call	0x984	; 0x984 <I2C_Write>
     f9c:	0f 90       	pop	r0
     f9e:	0f 90       	pop	r0
     fa0:	0f 90       	pop	r0
     fa2:	0f 90       	pop	r0
     fa4:	0f 90       	pop	r0
     fa6:	0f 90       	pop	r0
     fa8:	0f 90       	pop	r0
     faa:	0f 90       	pop	r0
     fac:	0f 90       	pop	r0
     fae:	0f 90       	pop	r0
     fb0:	0f 90       	pop	r0
     fb2:	df 91       	pop	r29
     fb4:	cf 91       	pop	r28
     fb6:	08 95       	ret

00000fb8 <Eeprom_fill>:
     fb8:	7f 92       	push	r7
     fba:	8f 92       	push	r8
     fbc:	9f 92       	push	r9
     fbe:	af 92       	push	r10
     fc0:	bf 92       	push	r11
     fc2:	cf 92       	push	r12
     fc4:	df 92       	push	r13
     fc6:	ef 92       	push	r14
     fc8:	ff 92       	push	r15
     fca:	0f 93       	push	r16
     fcc:	1f 93       	push	r17
     fce:	cf 93       	push	r28
     fd0:	df 93       	push	r29
     fd2:	00 d0       	rcall	.+0      	; 0xfd4 <Eeprom_fill+0x1c>
     fd4:	1f 92       	push	r1
     fd6:	cd b7       	in	r28, 0x3d	; 61
     fd8:	de b7       	in	r29, 0x3e	; 62
     fda:	78 2e       	mov	r7, r24
     fdc:	8a 83       	std	Y+2, r24	; 0x02
     fde:	e1 2c       	mov	r14, r1
     fe0:	f1 2c       	mov	r15, r1
     fe2:	00 e0       	ldi	r16, 0x00	; 0
     fe4:	10 e0       	ldi	r17, 0x00	; 0
     fe6:	97 ea       	ldi	r25, 0xA7	; 167
     fe8:	a9 2e       	mov	r10, r25
     fea:	91 e0       	ldi	r25, 0x01	; 1
     fec:	b9 2e       	mov	r11, r25
     fee:	25 e3       	ldi	r18, 0x35	; 53
     ff0:	82 2e       	mov	r8, r18
     ff2:	23 e0       	ldi	r18, 0x03	; 3
     ff4:	92 2e       	mov	r9, r18
     ff6:	67 01       	movw	r12, r14
     ff8:	cd 2c       	mov	r12, r13
     ffa:	dd 24       	eor	r13, r13
     ffc:	c6 94       	lsr	r12
     ffe:	0e 94 3e 04 	call	0x87c	; 0x87c <ASC_Asci_tx_empty>
    1002:	88 23       	and	r24, r24
    1004:	e1 f3       	breq	.-8      	; 0xffe <Eeprom_fill+0x46>
    1006:	c6 01       	movw	r24, r12
    1008:	01 96       	adiw	r24, 0x01	; 1
    100a:	9f 93       	push	r25
    100c:	8f 93       	push	r24
    100e:	8a 81       	ldd	r24, Y+2	; 0x02
    1010:	1f 92       	push	r1
    1012:	8f 93       	push	r24
    1014:	bf 92       	push	r11
    1016:	af 92       	push	r10
    1018:	9f 92       	push	r9
    101a:	8f 92       	push	r8
    101c:	0e 94 34 0a 	call	0x1468	; 0x1468 <sprintf>
    1020:	85 e3       	ldi	r24, 0x35	; 53
    1022:	93 e0       	ldi	r25, 0x03	; 3
    1024:	0e 94 04 04 	call	0x808	; 0x808 <ASC_Asci_msg>
    1028:	d0 90 2d 03 	lds	r13, 0x032D	; 0x80032d <eeprom_i2C_addr>
    102c:	0f b6       	in	r0, 0x3f	; 63
    102e:	f8 94       	cli
    1030:	de bf       	out	0x3e, r29	; 62
    1032:	0f be       	out	0x3f, r0	; 63
    1034:	cd bf       	out	0x3d, r28	; 61
    1036:	0f 3f       	cpi	r16, 0xFF	; 255
    1038:	11 05       	cpc	r17, r1
    103a:	11 f0       	breq	.+4      	; 0x1040 <Eeprom_fill+0x88>
    103c:	08 f0       	brcs	.+2      	; 0x1040 <Eeprom_fill+0x88>
    103e:	d3 94       	inc	r13
    1040:	09 83       	std	Y+1, r16	; 0x01
    1042:	ae 01       	movw	r20, r28
    1044:	4f 5f       	subi	r20, 0xFF	; 255
    1046:	5f 4f       	sbci	r21, 0xFF	; 255
    1048:	61 e0       	ldi	r22, 0x01	; 1
    104a:	8d 2d       	mov	r24, r13
    104c:	0e 94 c2 04 	call	0x984	; 0x984 <I2C_Write>
    1050:	88 32       	cpi	r24, 0x28	; 40
    1052:	b9 f7       	brne	.-18     	; 0x1042 <Eeprom_fill+0x8a>
    1054:	ae 01       	movw	r20, r28
    1056:	4f 5f       	subi	r20, 0xFF	; 255
    1058:	5f 4f       	sbci	r21, 0xFF	; 255
    105a:	62 e0       	ldi	r22, 0x02	; 2
    105c:	8d 2d       	mov	r24, r13
    105e:	0e 94 c2 04 	call	0x984	; 0x984 <I2C_Write>
    1062:	9e 01       	movw	r18, r28
    1064:	2f 5f       	subi	r18, 0xFF	; 255
    1066:	3f 4f       	sbci	r19, 0xFF	; 255
    1068:	41 e0       	ldi	r20, 0x01	; 1
    106a:	50 e0       	ldi	r21, 0x00	; 0
    106c:	b8 01       	movw	r22, r16
    106e:	80 91 2d 03 	lds	r24, 0x032D	; 0x80032d <eeprom_i2C_addr>
    1072:	0e 94 a2 05 	call	0xb44	; 0xb44 <Eeprom_read>
    1076:	8a 81       	ldd	r24, Y+2	; 0x02
    1078:	78 16       	cp	r7, r24
    107a:	e1 f0       	breq	.+56     	; 0x10b4 <Eeprom_fill+0xfc>
    107c:	0e 94 3e 04 	call	0x87c	; 0x87c <ASC_Asci_tx_empty>
    1080:	88 23       	and	r24, r24
    1082:	e1 f3       	breq	.-8      	; 0x107c <Eeprom_fill+0xc4>
    1084:	8a 81       	ldd	r24, Y+2	; 0x02
    1086:	1f 92       	push	r1
    1088:	8f 93       	push	r24
    108a:	86 ed       	ldi	r24, 0xD6	; 214
    108c:	91 e0       	ldi	r25, 0x01	; 1
    108e:	9f 93       	push	r25
    1090:	8f 93       	push	r24
    1092:	85 e3       	ldi	r24, 0x35	; 53
    1094:	93 e0       	ldi	r25, 0x03	; 3
    1096:	9f 93       	push	r25
    1098:	8f 93       	push	r24
    109a:	0e 94 34 0a 	call	0x1468	; 0x1468 <sprintf>
    109e:	85 e3       	ldi	r24, 0x35	; 53
    10a0:	93 e0       	ldi	r25, 0x03	; 3
    10a2:	0e 94 04 04 	call	0x808	; 0x808 <ASC_Asci_msg>
    10a6:	0f 90       	pop	r0
    10a8:	0f 90       	pop	r0
    10aa:	0f 90       	pop	r0
    10ac:	0f 90       	pop	r0
    10ae:	0f 90       	pop	r0
    10b0:	0f 90       	pop	r0
    10b2:	0a c0       	rjmp	.+20     	; 0x10c8 <Eeprom_fill+0x110>
    10b4:	0f 5f       	subi	r16, 0xFF	; 255
    10b6:	1f 4f       	sbci	r17, 0xFF	; 255
    10b8:	94 e6       	ldi	r25, 0x64	; 100
    10ba:	e9 0e       	add	r14, r25
    10bc:	f1 1c       	adc	r15, r1
    10be:	e1 14       	cp	r14, r1
    10c0:	88 ec       	ldi	r24, 0xC8	; 200
    10c2:	f8 06       	cpc	r15, r24
    10c4:	09 f0       	breq	.+2      	; 0x10c8 <Eeprom_fill+0x110>
    10c6:	97 cf       	rjmp	.-210    	; 0xff6 <Eeprom_fill+0x3e>
    10c8:	0e 94 3e 04 	call	0x87c	; 0x87c <ASC_Asci_tx_empty>
    10cc:	88 23       	and	r24, r24
    10ce:	e1 f3       	breq	.-8      	; 0x10c8 <Eeprom_fill+0x110>
    10d0:	0f 90       	pop	r0
    10d2:	0f 90       	pop	r0
    10d4:	0f 90       	pop	r0
    10d6:	df 91       	pop	r29
    10d8:	cf 91       	pop	r28
    10da:	1f 91       	pop	r17
    10dc:	0f 91       	pop	r16
    10de:	ff 90       	pop	r15
    10e0:	ef 90       	pop	r14
    10e2:	df 90       	pop	r13
    10e4:	cf 90       	pop	r12
    10e6:	bf 90       	pop	r11
    10e8:	af 90       	pop	r10
    10ea:	9f 90       	pop	r9
    10ec:	8f 90       	pop	r8
    10ee:	7f 90       	pop	r7
    10f0:	08 95       	ret

000010f2 <Eeprom_debug_menu>:
    10f2:	4f 92       	push	r4
    10f4:	5f 92       	push	r5
    10f6:	6f 92       	push	r6
    10f8:	7f 92       	push	r7
    10fa:	8f 92       	push	r8
    10fc:	9f 92       	push	r9
    10fe:	af 92       	push	r10
    1100:	bf 92       	push	r11
    1102:	cf 92       	push	r12
    1104:	df 92       	push	r13
    1106:	ef 92       	push	r14
    1108:	ff 92       	push	r15
    110a:	0f 93       	push	r16
    110c:	1f 93       	push	r17
    110e:	cf 93       	push	r28
    1110:	df 93       	push	r29
    1112:	cd b7       	in	r28, 0x3d	; 61
    1114:	de b7       	in	r29, 0x3e	; 62
    1116:	6b 97       	sbiw	r28, 0x1b	; 27
    1118:	0f b6       	in	r0, 0x3f	; 63
    111a:	f8 94       	cli
    111c:	de bf       	out	0x3e, r29	; 62
    111e:	0f be       	out	0x3f, r0	; 63
    1120:	cd bf       	out	0x3d, r28	; 61
    1122:	81 e0       	ldi	r24, 0x01	; 1
    1124:	0e 94 c2 05 	call	0xb84	; 0xb84 <Cmd_check>
    1128:	88 23       	and	r24, r24
    112a:	09 f4       	brne	.+2      	; 0x112e <Eeprom_debug_menu+0x3c>
    112c:	0a c1       	rjmp	.+532    	; 0x1342 <Eeprom_debug_menu+0x250>
    112e:	88 35       	cpi	r24, 0x58	; 88
    1130:	09 f4       	brne	.+2      	; 0x1134 <Eeprom_debug_menu+0x42>
    1132:	e8 c0       	rjmp	.+464    	; 0x1304 <Eeprom_debug_menu+0x212>
    1134:	70 f4       	brcc	.+28     	; 0x1152 <Eeprom_debug_menu+0x60>
    1136:	82 35       	cpi	r24, 0x52	; 82
    1138:	09 f4       	brne	.+2      	; 0x113c <Eeprom_debug_menu+0x4a>
    113a:	e0 c0       	rjmp	.+448    	; 0x12fc <Eeprom_debug_menu+0x20a>
    113c:	18 f4       	brcc	.+6      	; 0x1144 <Eeprom_debug_menu+0x52>
    113e:	88 34       	cpi	r24, 0x48	; 72
    1140:	c9 f0       	breq	.+50     	; 0x1174 <Eeprom_debug_menu+0x82>
    1142:	e9 c0       	rjmp	.+466    	; 0x1316 <Eeprom_debug_menu+0x224>
    1144:	83 35       	cpi	r24, 0x53	; 83
    1146:	09 f4       	brne	.+2      	; 0x114a <Eeprom_debug_menu+0x58>
    1148:	d7 c0       	rjmp	.+430    	; 0x12f8 <Eeprom_debug_menu+0x206>
    114a:	87 35       	cpi	r24, 0x57	; 87
    114c:	09 f4       	brne	.+2      	; 0x1150 <Eeprom_debug_menu+0x5e>
    114e:	78 c0       	rjmp	.+240    	; 0x1240 <Eeprom_debug_menu+0x14e>
    1150:	e2 c0       	rjmp	.+452    	; 0x1316 <Eeprom_debug_menu+0x224>
    1152:	83 37       	cpi	r24, 0x73	; 115
    1154:	09 f4       	brne	.+2      	; 0x1158 <Eeprom_debug_menu+0x66>
    1156:	d0 c0       	rjmp	.+416    	; 0x12f8 <Eeprom_debug_menu+0x206>
    1158:	30 f4       	brcc	.+12     	; 0x1166 <Eeprom_debug_menu+0x74>
    115a:	88 36       	cpi	r24, 0x68	; 104
    115c:	59 f0       	breq	.+22     	; 0x1174 <Eeprom_debug_menu+0x82>
    115e:	82 37       	cpi	r24, 0x72	; 114
    1160:	09 f4       	brne	.+2      	; 0x1164 <Eeprom_debug_menu+0x72>
    1162:	cc c0       	rjmp	.+408    	; 0x12fc <Eeprom_debug_menu+0x20a>
    1164:	d8 c0       	rjmp	.+432    	; 0x1316 <Eeprom_debug_menu+0x224>
    1166:	87 37       	cpi	r24, 0x77	; 119
    1168:	09 f4       	brne	.+2      	; 0x116c <Eeprom_debug_menu+0x7a>
    116a:	6a c0       	rjmp	.+212    	; 0x1240 <Eeprom_debug_menu+0x14e>
    116c:	88 37       	cpi	r24, 0x78	; 120
    116e:	09 f4       	brne	.+2      	; 0x1172 <Eeprom_debug_menu+0x80>
    1170:	c9 c0       	rjmp	.+402    	; 0x1304 <Eeprom_debug_menu+0x212>
    1172:	d1 c0       	rjmp	.+418    	; 0x1316 <Eeprom_debug_menu+0x224>
    1174:	87 ee       	ldi	r24, 0xE7	; 231
    1176:	91 e0       	ldi	r25, 0x01	; 1
    1178:	0e 94 04 04 	call	0x808	; 0x808 <ASC_Asci_msg>
    117c:	19 82       	std	Y+1, r1	; 0x01
    117e:	00 e0       	ldi	r16, 0x00	; 0
    1180:	10 e0       	ldi	r17, 0x00	; 0
    1182:	96 ef       	ldi	r25, 0xF6	; 246
    1184:	49 2e       	mov	r4, r25
    1186:	91 e0       	ldi	r25, 0x01	; 1
    1188:	59 2e       	mov	r5, r25
    118a:	25 e3       	ldi	r18, 0x35	; 53
    118c:	62 2e       	mov	r6, r18
    118e:	23 e0       	ldi	r18, 0x03	; 3
    1190:	72 2e       	mov	r7, r18
    1192:	4e 01       	movw	r8, r28
    1194:	82 e1       	ldi	r24, 0x12	; 18
    1196:	88 0e       	add	r8, r24
    1198:	91 1c       	adc	r9, r1
    119a:	34 e0       	ldi	r19, 0x04	; 4
    119c:	a3 2e       	mov	r10, r19
    119e:	32 e0       	ldi	r19, 0x02	; 2
    11a0:	b3 2e       	mov	r11, r19
    11a2:	1f 93       	push	r17
    11a4:	0f 93       	push	r16
    11a6:	5f 92       	push	r5
    11a8:	4f 92       	push	r4
    11aa:	7f 92       	push	r7
    11ac:	6f 92       	push	r6
    11ae:	0e 94 34 0a 	call	0x1468	; 0x1468 <sprintf>
    11b2:	85 e3       	ldi	r24, 0x35	; 53
    11b4:	93 e0       	ldi	r25, 0x03	; 3
    11b6:	0e 94 04 04 	call	0x808	; 0x808 <ASC_Asci_msg>
    11ba:	9e 01       	movw	r18, r28
    11bc:	2f 5f       	subi	r18, 0xFF	; 255
    11be:	3f 4f       	sbci	r19, 0xFF	; 255
    11c0:	40 e1       	ldi	r20, 0x10	; 16
    11c2:	50 e0       	ldi	r21, 0x00	; 0
    11c4:	b8 01       	movw	r22, r16
    11c6:	80 91 2d 03 	lds	r24, 0x032D	; 0x80032d <eeprom_i2C_addr>
    11ca:	0e 94 a2 05 	call	0xb44	; 0xb44 <Eeprom_read>
    11ce:	6e 01       	movw	r12, r28
    11d0:	92 e0       	ldi	r25, 0x02	; 2
    11d2:	c9 0e       	add	r12, r25
    11d4:	d1 1c       	adc	r13, r1
    11d6:	85 e3       	ldi	r24, 0x35	; 53
    11d8:	e8 2e       	mov	r14, r24
    11da:	83 e0       	ldi	r24, 0x03	; 3
    11dc:	f8 2e       	mov	r15, r24
    11de:	0f 90       	pop	r0
    11e0:	0f 90       	pop	r0
    11e2:	0f 90       	pop	r0
    11e4:	0f 90       	pop	r0
    11e6:	0f 90       	pop	r0
    11e8:	0f 90       	pop	r0
    11ea:	f6 01       	movw	r30, r12
    11ec:	81 91       	ld	r24, Z+
    11ee:	6f 01       	movw	r12, r30
    11f0:	1f 92       	push	r1
    11f2:	8f 93       	push	r24
    11f4:	bf 92       	push	r11
    11f6:	af 92       	push	r10
    11f8:	ff 92       	push	r15
    11fa:	ef 92       	push	r14
    11fc:	0e 94 34 0a 	call	0x1468	; 0x1468 <sprintf>
    1200:	f3 e0       	ldi	r31, 0x03	; 3
    1202:	ef 0e       	add	r14, r31
    1204:	f1 1c       	adc	r15, r1
    1206:	0f 90       	pop	r0
    1208:	0f 90       	pop	r0
    120a:	0f 90       	pop	r0
    120c:	0f 90       	pop	r0
    120e:	0f 90       	pop	r0
    1210:	0f 90       	pop	r0
    1212:	c8 14       	cp	r12, r8
    1214:	d9 04       	cpc	r13, r9
    1216:	49 f7       	brne	.-46     	; 0x11ea <Eeprom_debug_menu+0xf8>
    1218:	0e 94 3e 04 	call	0x87c	; 0x87c <ASC_Asci_tx_empty>
    121c:	88 23       	and	r24, r24
    121e:	e1 f3       	breq	.-8      	; 0x1218 <Eeprom_debug_menu+0x126>
    1220:	85 e3       	ldi	r24, 0x35	; 53
    1222:	93 e0       	ldi	r25, 0x03	; 3
    1224:	0e 94 04 04 	call	0x808	; 0x808 <ASC_Asci_msg>
    1228:	8b e1       	ldi	r24, 0x1B	; 27
    122a:	91 e0       	ldi	r25, 0x01	; 1
    122c:	0e 94 04 04 	call	0x808	; 0x808 <ASC_Asci_msg>
    1230:	00 5f       	subi	r16, 0xF0	; 240
    1232:	1f 4f       	sbci	r17, 0xFF	; 255
    1234:	01 15       	cp	r16, r1
    1236:	82 e0       	ldi	r24, 0x02	; 2
    1238:	18 07       	cpc	r17, r24
    123a:	09 f0       	breq	.+2      	; 0x123e <Eeprom_debug_menu+0x14c>
    123c:	b2 cf       	rjmp	.-156    	; 0x11a2 <Eeprom_debug_menu+0xb0>
    123e:	6f c0       	rjmp	.+222    	; 0x131e <Eeprom_debug_menu+0x22c>
    1240:	86 e0       	ldi	r24, 0x06	; 6
    1242:	89 83       	std	Y+1, r24	; 0x01
    1244:	8a e5       	ldi	r24, 0x5A	; 90
    1246:	8a 83       	std	Y+2, r24	; 0x02
    1248:	10 91 2d 03 	lds	r17, 0x032D	; 0x80032d <eeprom_i2C_addr>
    124c:	ae 01       	movw	r20, r28
    124e:	4f 5f       	subi	r20, 0xFF	; 255
    1250:	5f 4f       	sbci	r21, 0xFF	; 255
    1252:	61 e0       	ldi	r22, 0x01	; 1
    1254:	81 2f       	mov	r24, r17
    1256:	0e 94 c2 04 	call	0x984	; 0x984 <I2C_Write>
    125a:	88 32       	cpi	r24, 0x28	; 40
    125c:	b9 f7       	brne	.-18     	; 0x124c <Eeprom_debug_menu+0x15a>
    125e:	ae 01       	movw	r20, r28
    1260:	4f 5f       	subi	r20, 0xFF	; 255
    1262:	5f 4f       	sbci	r21, 0xFF	; 255
    1264:	62 e0       	ldi	r22, 0x02	; 2
    1266:	81 2f       	mov	r24, r17
    1268:	0e 94 c2 04 	call	0x984	; 0x984 <I2C_Write>
    126c:	0e 94 3e 04 	call	0x87c	; 0x87c <ASC_Asci_tx_empty>
    1270:	88 23       	and	r24, r24
    1272:	e1 f3       	breq	.-8      	; 0x126c <Eeprom_debug_menu+0x17a>
    1274:	89 81       	ldd	r24, Y+1	; 0x01
    1276:	1f 92       	push	r1
    1278:	8f 93       	push	r24
    127a:	8a 81       	ldd	r24, Y+2	; 0x02
    127c:	1f 92       	push	r1
    127e:	8f 93       	push	r24
    1280:	8a e0       	ldi	r24, 0x0A	; 10
    1282:	92 e0       	ldi	r25, 0x02	; 2
    1284:	9f 93       	push	r25
    1286:	8f 93       	push	r24
    1288:	85 e3       	ldi	r24, 0x35	; 53
    128a:	93 e0       	ldi	r25, 0x03	; 3
    128c:	9f 93       	push	r25
    128e:	8f 93       	push	r24
    1290:	0e 94 34 0a 	call	0x1468	; 0x1468 <sprintf>
    1294:	85 e3       	ldi	r24, 0x35	; 53
    1296:	93 e0       	ldi	r25, 0x03	; 3
    1298:	0e 94 04 04 	call	0x808	; 0x808 <ASC_Asci_msg>
    129c:	69 81       	ldd	r22, Y+1	; 0x01
    129e:	70 e0       	ldi	r23, 0x00	; 0
    12a0:	9e 01       	movw	r18, r28
    12a2:	2f 5f       	subi	r18, 0xFF	; 255
    12a4:	3f 4f       	sbci	r19, 0xFF	; 255
    12a6:	41 e0       	ldi	r20, 0x01	; 1
    12a8:	50 e0       	ldi	r21, 0x00	; 0
    12aa:	80 91 2d 03 	lds	r24, 0x032D	; 0x80032d <eeprom_i2C_addr>
    12ae:	0e 94 a2 05 	call	0xb44	; 0xb44 <Eeprom_read>
    12b2:	0f b6       	in	r0, 0x3f	; 63
    12b4:	f8 94       	cli
    12b6:	de bf       	out	0x3e, r29	; 62
    12b8:	0f be       	out	0x3f, r0	; 63
    12ba:	cd bf       	out	0x3d, r28	; 61
    12bc:	0e 94 3e 04 	call	0x87c	; 0x87c <ASC_Asci_tx_empty>
    12c0:	88 23       	and	r24, r24
    12c2:	e1 f3       	breq	.-8      	; 0x12bc <Eeprom_debug_menu+0x1ca>
    12c4:	89 81       	ldd	r24, Y+1	; 0x01
    12c6:	1f 92       	push	r1
    12c8:	8f 93       	push	r24
    12ca:	8a 81       	ldd	r24, Y+2	; 0x02
    12cc:	1f 92       	push	r1
    12ce:	8f 93       	push	r24
    12d0:	80 e3       	ldi	r24, 0x30	; 48
    12d2:	92 e0       	ldi	r25, 0x02	; 2
    12d4:	9f 93       	push	r25
    12d6:	8f 93       	push	r24
    12d8:	85 e3       	ldi	r24, 0x35	; 53
    12da:	93 e0       	ldi	r25, 0x03	; 3
    12dc:	9f 93       	push	r25
    12de:	8f 93       	push	r24
    12e0:	0e 94 34 0a 	call	0x1468	; 0x1468 <sprintf>
    12e4:	85 e3       	ldi	r24, 0x35	; 53
    12e6:	93 e0       	ldi	r25, 0x03	; 3
    12e8:	0e 94 04 04 	call	0x808	; 0x808 <ASC_Asci_msg>
    12ec:	0f b6       	in	r0, 0x3f	; 63
    12ee:	f8 94       	cli
    12f0:	de bf       	out	0x3e, r29	; 62
    12f2:	0f be       	out	0x3f, r0	; 63
    12f4:	cd bf       	out	0x3d, r28	; 61
    12f6:	13 c0       	rjmp	.+38     	; 0x131e <Eeprom_debug_menu+0x22c>
    12f8:	8f ef       	ldi	r24, 0xFF	; 255
    12fa:	01 c0       	rjmp	.+2      	; 0x12fe <Eeprom_debug_menu+0x20c>
    12fc:	80 e0       	ldi	r24, 0x00	; 0
    12fe:	0e 94 dc 07 	call	0xfb8	; 0xfb8 <Eeprom_fill>
    1302:	0d c0       	rjmp	.+26     	; 0x131e <Eeprom_debug_menu+0x22c>
    1304:	80 ef       	ldi	r24, 0xF0	; 240
    1306:	92 e0       	ldi	r25, 0x02	; 2
    1308:	90 93 30 03 	sts	0x0330, r25	; 0x800330 <MEN_MSG_PTR+0x1>
    130c:	80 93 2f 03 	sts	0x032F, r24	; 0x80032f <MEN_MSG_PTR>
    1310:	84 eb       	ldi	r24, 0xB4	; 180
    1312:	96 e0       	ldi	r25, 0x06	; 6
    1314:	0c c0       	rjmp	.+24     	; 0x132e <Eeprom_debug_menu+0x23c>
    1316:	89 ee       	ldi	r24, 0xE9	; 233
    1318:	93 e0       	ldi	r25, 0x03	; 3
    131a:	0e 94 04 04 	call	0x808	; 0x808 <ASC_Asci_msg>
    131e:	8b ef       	ldi	r24, 0xFB	; 251
    1320:	90 e0       	ldi	r25, 0x00	; 0
    1322:	90 93 30 03 	sts	0x0330, r25	; 0x800330 <MEN_MSG_PTR+0x1>
    1326:	80 93 2f 03 	sts	0x032F, r24	; 0x80032f <MEN_MSG_PTR>
    132a:	89 e7       	ldi	r24, 0x79	; 121
    132c:	98 e0       	ldi	r25, 0x08	; 8
    132e:	90 93 32 03 	sts	0x0332, r25	; 0x800332 <next_cmd_func+0x1>
    1332:	80 93 31 03 	sts	0x0331, r24	; 0x800331 <next_cmd_func>
    1336:	89 e3       	ldi	r24, 0x39	; 57
    1338:	96 e0       	ldi	r25, 0x06	; 6
    133a:	90 93 34 03 	sts	0x0334, r25	; 0x800334 <cmd_bk_func+0x1>
    133e:	80 93 33 03 	sts	0x0333, r24	; 0x800333 <cmd_bk_func>
    1342:	6b 96       	adiw	r28, 0x1b	; 27
    1344:	0f b6       	in	r0, 0x3f	; 63
    1346:	f8 94       	cli
    1348:	de bf       	out	0x3e, r29	; 62
    134a:	0f be       	out	0x3f, r0	; 63
    134c:	cd bf       	out	0x3d, r28	; 61
    134e:	df 91       	pop	r29
    1350:	cf 91       	pop	r28
    1352:	1f 91       	pop	r17
    1354:	0f 91       	pop	r16
    1356:	ff 90       	pop	r15
    1358:	ef 90       	pop	r14
    135a:	df 90       	pop	r13
    135c:	cf 90       	pop	r12
    135e:	bf 90       	pop	r11
    1360:	af 90       	pop	r10
    1362:	9f 90       	pop	r9
    1364:	8f 90       	pop	r8
    1366:	7f 90       	pop	r7
    1368:	6f 90       	pop	r6
    136a:	5f 90       	pop	r5
    136c:	4f 90       	pop	r4
    136e:	08 95       	ret

00001370 <MEN_Init>:
    1370:	8f e5       	ldi	r24, 0x5F	; 95
    1372:	94 e0       	ldi	r25, 0x04	; 4
    1374:	0e 94 fd 09 	call	0x13fa	; 0x13fa <ROM_Read_romstr>
    1378:	0e 94 04 04 	call	0x808	; 0x808 <ASC_Asci_msg>
    137c:	84 e0       	ldi	r24, 0x04	; 4
    137e:	94 e0       	ldi	r25, 0x04	; 4
    1380:	0e 94 fd 09 	call	0x13fa	; 0x13fa <ROM_Read_romstr>
    1384:	0e 94 04 04 	call	0x808	; 0x808 <ASC_Asci_msg>
    1388:	8d e8       	ldi	r24, 0x8D	; 141
    138a:	93 e0       	ldi	r25, 0x03	; 3
    138c:	90 93 30 03 	sts	0x0330, r25	; 0x800330 <MEN_MSG_PTR+0x1>
    1390:	80 93 2f 03 	sts	0x032F, r24	; 0x80032f <MEN_MSG_PTR>
    1394:	8a e7       	ldi	r24, 0x7A	; 122
    1396:	96 e0       	ldi	r25, 0x06	; 6
    1398:	90 93 32 03 	sts	0x0332, r25	; 0x800332 <next_cmd_func+0x1>
    139c:	80 93 31 03 	sts	0x0331, r24	; 0x800331 <next_cmd_func>
    13a0:	89 e3       	ldi	r24, 0x39	; 57
    13a2:	96 e0       	ldi	r25, 0x06	; 6
    13a4:	90 93 34 03 	sts	0x0334, r25	; 0x800334 <cmd_bk_func+0x1>
    13a8:	80 93 33 03 	sts	0x0333, r24	; 0x800333 <cmd_bk_func>
    13ac:	08 95       	ret

000013ae <MEN_bkproc>:
    13ae:	e0 91 33 03 	lds	r30, 0x0333	; 0x800333 <cmd_bk_func>
    13b2:	f0 91 34 03 	lds	r31, 0x0334	; 0x800334 <cmd_bk_func+0x1>
    13b6:	30 97       	sbiw	r30, 0x00	; 0
    13b8:	09 f0       	breq	.+2      	; 0x13bc <MEN_bkproc+0xe>
    13ba:	09 94       	ijmp
    13bc:	08 95       	ret

000013be <ROM_Read_romdata>:
    13be:	a7 e6       	ldi	r26, 0x67	; 103
    13c0:	b3 e0       	ldi	r27, 0x03	; 3
    13c2:	20 e0       	ldi	r18, 0x00	; 0
    13c4:	30 e0       	ldi	r19, 0x00	; 0
    13c6:	26 17       	cp	r18, r22
    13c8:	37 07       	cpc	r19, r23
    13ca:	41 f0       	breq	.+16     	; 0x13dc <ROM_Read_romdata+0x1e>
    13cc:	fc 01       	movw	r30, r24
    13ce:	e2 0f       	add	r30, r18
    13d0:	f3 1f       	adc	r31, r19
    13d2:	e4 91       	lpm	r30, Z
    13d4:	ed 93       	st	X+, r30
    13d6:	2f 5f       	subi	r18, 0xFF	; 255
    13d8:	3f 4f       	sbci	r19, 0xFF	; 255
    13da:	f5 cf       	rjmp	.-22     	; 0x13c6 <ROM_Read_romdata+0x8>
    13dc:	87 e6       	ldi	r24, 0x67	; 103
    13de:	93 e0       	ldi	r25, 0x03	; 3
    13e0:	08 95       	ret

000013e2 <ROM_Romstrlen>:
    13e2:	9c 01       	movw	r18, r24
    13e4:	80 e0       	ldi	r24, 0x00	; 0
    13e6:	90 e0       	ldi	r25, 0x00	; 0
    13e8:	f9 01       	movw	r30, r18
    13ea:	e8 0f       	add	r30, r24
    13ec:	f9 1f       	adc	r31, r25
    13ee:	e4 91       	lpm	r30, Z
    13f0:	ee 23       	and	r30, r30
    13f2:	11 f0       	breq	.+4      	; 0x13f8 <ROM_Romstrlen+0x16>
    13f4:	01 96       	adiw	r24, 0x01	; 1
    13f6:	f8 cf       	rjmp	.-16     	; 0x13e8 <ROM_Romstrlen+0x6>
    13f8:	08 95       	ret

000013fa <ROM_Read_romstr>:
    13fa:	cf 93       	push	r28
    13fc:	df 93       	push	r29
    13fe:	ec 01       	movw	r28, r24
    1400:	0e 94 f1 09 	call	0x13e2	; 0x13e2 <ROM_Romstrlen>
    1404:	bc 01       	movw	r22, r24
    1406:	6f 5f       	subi	r22, 0xFF	; 255
    1408:	7f 4f       	sbci	r23, 0xFF	; 255
    140a:	ce 01       	movw	r24, r28
    140c:	df 91       	pop	r29
    140e:	cf 91       	pop	r28
    1410:	0c 94 df 09 	jmp	0x13be	; 0x13be <ROM_Read_romdata>

00001414 <__mulsi3>:
    1414:	db 01       	movw	r26, r22
    1416:	8f 93       	push	r24
    1418:	9f 93       	push	r25
    141a:	0e 94 1a 0a 	call	0x1434	; 0x1434 <__muluhisi3>
    141e:	bf 91       	pop	r27
    1420:	af 91       	pop	r26
    1422:	a2 9f       	mul	r26, r18
    1424:	80 0d       	add	r24, r0
    1426:	91 1d       	adc	r25, r1
    1428:	a3 9f       	mul	r26, r19
    142a:	90 0d       	add	r25, r0
    142c:	b2 9f       	mul	r27, r18
    142e:	90 0d       	add	r25, r0
    1430:	11 24       	eor	r1, r1
    1432:	08 95       	ret

00001434 <__muluhisi3>:
    1434:	0e 94 25 0a 	call	0x144a	; 0x144a <__umulhisi3>
    1438:	a5 9f       	mul	r26, r21
    143a:	90 0d       	add	r25, r0
    143c:	b4 9f       	mul	r27, r20
    143e:	90 0d       	add	r25, r0
    1440:	a4 9f       	mul	r26, r20
    1442:	80 0d       	add	r24, r0
    1444:	91 1d       	adc	r25, r1
    1446:	11 24       	eor	r1, r1
    1448:	08 95       	ret

0000144a <__umulhisi3>:
    144a:	a2 9f       	mul	r26, r18
    144c:	b0 01       	movw	r22, r0
    144e:	b3 9f       	mul	r27, r19
    1450:	c0 01       	movw	r24, r0
    1452:	a3 9f       	mul	r26, r19
    1454:	70 0d       	add	r23, r0
    1456:	81 1d       	adc	r24, r1
    1458:	11 24       	eor	r1, r1
    145a:	91 1d       	adc	r25, r1
    145c:	b2 9f       	mul	r27, r18
    145e:	70 0d       	add	r23, r0
    1460:	81 1d       	adc	r24, r1
    1462:	11 24       	eor	r1, r1
    1464:	91 1d       	adc	r25, r1
    1466:	08 95       	ret

00001468 <sprintf>:
    1468:	ae e0       	ldi	r26, 0x0E	; 14
    146a:	b0 e0       	ldi	r27, 0x00	; 0
    146c:	ea e3       	ldi	r30, 0x3A	; 58
    146e:	fa e0       	ldi	r31, 0x0A	; 10
    1470:	0c 94 f5 0c 	jmp	0x19ea	; 0x19ea <__prologue_saves__+0x1c>
    1474:	0d 89       	ldd	r16, Y+21	; 0x15
    1476:	1e 89       	ldd	r17, Y+22	; 0x16
    1478:	86 e0       	ldi	r24, 0x06	; 6
    147a:	8c 83       	std	Y+4, r24	; 0x04
    147c:	1a 83       	std	Y+2, r17	; 0x02
    147e:	09 83       	std	Y+1, r16	; 0x01
    1480:	8f ef       	ldi	r24, 0xFF	; 255
    1482:	9f e7       	ldi	r25, 0x7F	; 127
    1484:	9e 83       	std	Y+6, r25	; 0x06
    1486:	8d 83       	std	Y+5, r24	; 0x05
    1488:	ae 01       	movw	r20, r28
    148a:	47 5e       	subi	r20, 0xE7	; 231
    148c:	5f 4f       	sbci	r21, 0xFF	; 255
    148e:	6f 89       	ldd	r22, Y+23	; 0x17
    1490:	78 8d       	ldd	r23, Y+24	; 0x18
    1492:	ce 01       	movw	r24, r28
    1494:	01 96       	adiw	r24, 0x01	; 1
    1496:	0e 94 56 0a 	call	0x14ac	; 0x14ac <vfprintf>
    149a:	ef 81       	ldd	r30, Y+7	; 0x07
    149c:	f8 85       	ldd	r31, Y+8	; 0x08
    149e:	e0 0f       	add	r30, r16
    14a0:	f1 1f       	adc	r31, r17
    14a2:	10 82       	st	Z, r1
    14a4:	2e 96       	adiw	r28, 0x0e	; 14
    14a6:	e4 e0       	ldi	r30, 0x04	; 4
    14a8:	0c 94 11 0d 	jmp	0x1a22	; 0x1a22 <__epilogue_restores__+0x1c>

000014ac <vfprintf>:
    14ac:	ab e0       	ldi	r26, 0x0B	; 11
    14ae:	b0 e0       	ldi	r27, 0x00	; 0
    14b0:	ec e5       	ldi	r30, 0x5C	; 92
    14b2:	fa e0       	ldi	r31, 0x0A	; 10
    14b4:	0c 94 e7 0c 	jmp	0x19ce	; 0x19ce <__prologue_saves__>
    14b8:	6c 01       	movw	r12, r24
    14ba:	7b 01       	movw	r14, r22
    14bc:	8a 01       	movw	r16, r20
    14be:	fc 01       	movw	r30, r24
    14c0:	17 82       	std	Z+7, r1	; 0x07
    14c2:	16 82       	std	Z+6, r1	; 0x06
    14c4:	83 81       	ldd	r24, Z+3	; 0x03
    14c6:	81 ff       	sbrs	r24, 1
    14c8:	cc c1       	rjmp	.+920    	; 0x1862 <vfprintf+0x3b6>
    14ca:	ce 01       	movw	r24, r28
    14cc:	01 96       	adiw	r24, 0x01	; 1
    14ce:	3c 01       	movw	r6, r24
    14d0:	f6 01       	movw	r30, r12
    14d2:	93 81       	ldd	r25, Z+3	; 0x03
    14d4:	f7 01       	movw	r30, r14
    14d6:	93 fd       	sbrc	r25, 3
    14d8:	85 91       	lpm	r24, Z+
    14da:	93 ff       	sbrs	r25, 3
    14dc:	81 91       	ld	r24, Z+
    14de:	7f 01       	movw	r14, r30
    14e0:	88 23       	and	r24, r24
    14e2:	09 f4       	brne	.+2      	; 0x14e6 <vfprintf+0x3a>
    14e4:	ba c1       	rjmp	.+884    	; 0x185a <vfprintf+0x3ae>
    14e6:	85 32       	cpi	r24, 0x25	; 37
    14e8:	39 f4       	brne	.+14     	; 0x14f8 <vfprintf+0x4c>
    14ea:	93 fd       	sbrc	r25, 3
    14ec:	85 91       	lpm	r24, Z+
    14ee:	93 ff       	sbrs	r25, 3
    14f0:	81 91       	ld	r24, Z+
    14f2:	7f 01       	movw	r14, r30
    14f4:	85 32       	cpi	r24, 0x25	; 37
    14f6:	29 f4       	brne	.+10     	; 0x1502 <vfprintf+0x56>
    14f8:	b6 01       	movw	r22, r12
    14fa:	90 e0       	ldi	r25, 0x00	; 0
    14fc:	0e 94 4d 0c 	call	0x189a	; 0x189a <fputc>
    1500:	e7 cf       	rjmp	.-50     	; 0x14d0 <vfprintf+0x24>
    1502:	91 2c       	mov	r9, r1
    1504:	21 2c       	mov	r2, r1
    1506:	31 2c       	mov	r3, r1
    1508:	ff e1       	ldi	r31, 0x1F	; 31
    150a:	f3 15       	cp	r31, r3
    150c:	d8 f0       	brcs	.+54     	; 0x1544 <vfprintf+0x98>
    150e:	8b 32       	cpi	r24, 0x2B	; 43
    1510:	79 f0       	breq	.+30     	; 0x1530 <vfprintf+0x84>
    1512:	38 f4       	brcc	.+14     	; 0x1522 <vfprintf+0x76>
    1514:	80 32       	cpi	r24, 0x20	; 32
    1516:	79 f0       	breq	.+30     	; 0x1536 <vfprintf+0x8a>
    1518:	83 32       	cpi	r24, 0x23	; 35
    151a:	a1 f4       	brne	.+40     	; 0x1544 <vfprintf+0x98>
    151c:	23 2d       	mov	r18, r3
    151e:	20 61       	ori	r18, 0x10	; 16
    1520:	1d c0       	rjmp	.+58     	; 0x155c <vfprintf+0xb0>
    1522:	8d 32       	cpi	r24, 0x2D	; 45
    1524:	61 f0       	breq	.+24     	; 0x153e <vfprintf+0x92>
    1526:	80 33       	cpi	r24, 0x30	; 48
    1528:	69 f4       	brne	.+26     	; 0x1544 <vfprintf+0x98>
    152a:	23 2d       	mov	r18, r3
    152c:	21 60       	ori	r18, 0x01	; 1
    152e:	16 c0       	rjmp	.+44     	; 0x155c <vfprintf+0xb0>
    1530:	83 2d       	mov	r24, r3
    1532:	82 60       	ori	r24, 0x02	; 2
    1534:	38 2e       	mov	r3, r24
    1536:	e3 2d       	mov	r30, r3
    1538:	e4 60       	ori	r30, 0x04	; 4
    153a:	3e 2e       	mov	r3, r30
    153c:	2a c0       	rjmp	.+84     	; 0x1592 <vfprintf+0xe6>
    153e:	f3 2d       	mov	r31, r3
    1540:	f8 60       	ori	r31, 0x08	; 8
    1542:	1d c0       	rjmp	.+58     	; 0x157e <vfprintf+0xd2>
    1544:	37 fc       	sbrc	r3, 7
    1546:	2d c0       	rjmp	.+90     	; 0x15a2 <vfprintf+0xf6>
    1548:	20 ed       	ldi	r18, 0xD0	; 208
    154a:	28 0f       	add	r18, r24
    154c:	2a 30       	cpi	r18, 0x0A	; 10
    154e:	40 f0       	brcs	.+16     	; 0x1560 <vfprintf+0xb4>
    1550:	8e 32       	cpi	r24, 0x2E	; 46
    1552:	b9 f4       	brne	.+46     	; 0x1582 <vfprintf+0xd6>
    1554:	36 fc       	sbrc	r3, 6
    1556:	81 c1       	rjmp	.+770    	; 0x185a <vfprintf+0x3ae>
    1558:	23 2d       	mov	r18, r3
    155a:	20 64       	ori	r18, 0x40	; 64
    155c:	32 2e       	mov	r3, r18
    155e:	19 c0       	rjmp	.+50     	; 0x1592 <vfprintf+0xe6>
    1560:	36 fe       	sbrs	r3, 6
    1562:	06 c0       	rjmp	.+12     	; 0x1570 <vfprintf+0xc4>
    1564:	8a e0       	ldi	r24, 0x0A	; 10
    1566:	98 9e       	mul	r9, r24
    1568:	20 0d       	add	r18, r0
    156a:	11 24       	eor	r1, r1
    156c:	92 2e       	mov	r9, r18
    156e:	11 c0       	rjmp	.+34     	; 0x1592 <vfprintf+0xe6>
    1570:	ea e0       	ldi	r30, 0x0A	; 10
    1572:	2e 9e       	mul	r2, r30
    1574:	20 0d       	add	r18, r0
    1576:	11 24       	eor	r1, r1
    1578:	22 2e       	mov	r2, r18
    157a:	f3 2d       	mov	r31, r3
    157c:	f0 62       	ori	r31, 0x20	; 32
    157e:	3f 2e       	mov	r3, r31
    1580:	08 c0       	rjmp	.+16     	; 0x1592 <vfprintf+0xe6>
    1582:	8c 36       	cpi	r24, 0x6C	; 108
    1584:	21 f4       	brne	.+8      	; 0x158e <vfprintf+0xe2>
    1586:	83 2d       	mov	r24, r3
    1588:	80 68       	ori	r24, 0x80	; 128
    158a:	38 2e       	mov	r3, r24
    158c:	02 c0       	rjmp	.+4      	; 0x1592 <vfprintf+0xe6>
    158e:	88 36       	cpi	r24, 0x68	; 104
    1590:	41 f4       	brne	.+16     	; 0x15a2 <vfprintf+0xf6>
    1592:	f7 01       	movw	r30, r14
    1594:	93 fd       	sbrc	r25, 3
    1596:	85 91       	lpm	r24, Z+
    1598:	93 ff       	sbrs	r25, 3
    159a:	81 91       	ld	r24, Z+
    159c:	7f 01       	movw	r14, r30
    159e:	81 11       	cpse	r24, r1
    15a0:	b3 cf       	rjmp	.-154    	; 0x1508 <vfprintf+0x5c>
    15a2:	98 2f       	mov	r25, r24
    15a4:	9f 7d       	andi	r25, 0xDF	; 223
    15a6:	95 54       	subi	r25, 0x45	; 69
    15a8:	93 30       	cpi	r25, 0x03	; 3
    15aa:	28 f4       	brcc	.+10     	; 0x15b6 <vfprintf+0x10a>
    15ac:	0c 5f       	subi	r16, 0xFC	; 252
    15ae:	1f 4f       	sbci	r17, 0xFF	; 255
    15b0:	9f e3       	ldi	r25, 0x3F	; 63
    15b2:	99 83       	std	Y+1, r25	; 0x01
    15b4:	0d c0       	rjmp	.+26     	; 0x15d0 <vfprintf+0x124>
    15b6:	83 36       	cpi	r24, 0x63	; 99
    15b8:	31 f0       	breq	.+12     	; 0x15c6 <vfprintf+0x11a>
    15ba:	83 37       	cpi	r24, 0x73	; 115
    15bc:	71 f0       	breq	.+28     	; 0x15da <vfprintf+0x12e>
    15be:	83 35       	cpi	r24, 0x53	; 83
    15c0:	09 f0       	breq	.+2      	; 0x15c4 <vfprintf+0x118>
    15c2:	59 c0       	rjmp	.+178    	; 0x1676 <vfprintf+0x1ca>
    15c4:	21 c0       	rjmp	.+66     	; 0x1608 <vfprintf+0x15c>
    15c6:	f8 01       	movw	r30, r16
    15c8:	80 81       	ld	r24, Z
    15ca:	89 83       	std	Y+1, r24	; 0x01
    15cc:	0e 5f       	subi	r16, 0xFE	; 254
    15ce:	1f 4f       	sbci	r17, 0xFF	; 255
    15d0:	88 24       	eor	r8, r8
    15d2:	83 94       	inc	r8
    15d4:	91 2c       	mov	r9, r1
    15d6:	53 01       	movw	r10, r6
    15d8:	13 c0       	rjmp	.+38     	; 0x1600 <vfprintf+0x154>
    15da:	28 01       	movw	r4, r16
    15dc:	f2 e0       	ldi	r31, 0x02	; 2
    15de:	4f 0e       	add	r4, r31
    15e0:	51 1c       	adc	r5, r1
    15e2:	f8 01       	movw	r30, r16
    15e4:	a0 80       	ld	r10, Z
    15e6:	b1 80       	ldd	r11, Z+1	; 0x01
    15e8:	36 fe       	sbrs	r3, 6
    15ea:	03 c0       	rjmp	.+6      	; 0x15f2 <vfprintf+0x146>
    15ec:	69 2d       	mov	r22, r9
    15ee:	70 e0       	ldi	r23, 0x00	; 0
    15f0:	02 c0       	rjmp	.+4      	; 0x15f6 <vfprintf+0x14a>
    15f2:	6f ef       	ldi	r22, 0xFF	; 255
    15f4:	7f ef       	ldi	r23, 0xFF	; 255
    15f6:	c5 01       	movw	r24, r10
    15f8:	0e 94 42 0c 	call	0x1884	; 0x1884 <strnlen>
    15fc:	4c 01       	movw	r8, r24
    15fe:	82 01       	movw	r16, r4
    1600:	f3 2d       	mov	r31, r3
    1602:	ff 77       	andi	r31, 0x7F	; 127
    1604:	3f 2e       	mov	r3, r31
    1606:	16 c0       	rjmp	.+44     	; 0x1634 <vfprintf+0x188>
    1608:	28 01       	movw	r4, r16
    160a:	22 e0       	ldi	r18, 0x02	; 2
    160c:	42 0e       	add	r4, r18
    160e:	51 1c       	adc	r5, r1
    1610:	f8 01       	movw	r30, r16
    1612:	a0 80       	ld	r10, Z
    1614:	b1 80       	ldd	r11, Z+1	; 0x01
    1616:	36 fe       	sbrs	r3, 6
    1618:	03 c0       	rjmp	.+6      	; 0x1620 <vfprintf+0x174>
    161a:	69 2d       	mov	r22, r9
    161c:	70 e0       	ldi	r23, 0x00	; 0
    161e:	02 c0       	rjmp	.+4      	; 0x1624 <vfprintf+0x178>
    1620:	6f ef       	ldi	r22, 0xFF	; 255
    1622:	7f ef       	ldi	r23, 0xFF	; 255
    1624:	c5 01       	movw	r24, r10
    1626:	0e 94 37 0c 	call	0x186e	; 0x186e <strnlen_P>
    162a:	4c 01       	movw	r8, r24
    162c:	f3 2d       	mov	r31, r3
    162e:	f0 68       	ori	r31, 0x80	; 128
    1630:	3f 2e       	mov	r3, r31
    1632:	82 01       	movw	r16, r4
    1634:	33 fc       	sbrc	r3, 3
    1636:	1b c0       	rjmp	.+54     	; 0x166e <vfprintf+0x1c2>
    1638:	82 2d       	mov	r24, r2
    163a:	90 e0       	ldi	r25, 0x00	; 0
    163c:	88 16       	cp	r8, r24
    163e:	99 06       	cpc	r9, r25
    1640:	b0 f4       	brcc	.+44     	; 0x166e <vfprintf+0x1c2>
    1642:	b6 01       	movw	r22, r12
    1644:	80 e2       	ldi	r24, 0x20	; 32
    1646:	90 e0       	ldi	r25, 0x00	; 0
    1648:	0e 94 4d 0c 	call	0x189a	; 0x189a <fputc>
    164c:	2a 94       	dec	r2
    164e:	f4 cf       	rjmp	.-24     	; 0x1638 <vfprintf+0x18c>
    1650:	f5 01       	movw	r30, r10
    1652:	37 fc       	sbrc	r3, 7
    1654:	85 91       	lpm	r24, Z+
    1656:	37 fe       	sbrs	r3, 7
    1658:	81 91       	ld	r24, Z+
    165a:	5f 01       	movw	r10, r30
    165c:	b6 01       	movw	r22, r12
    165e:	90 e0       	ldi	r25, 0x00	; 0
    1660:	0e 94 4d 0c 	call	0x189a	; 0x189a <fputc>
    1664:	21 10       	cpse	r2, r1
    1666:	2a 94       	dec	r2
    1668:	21 e0       	ldi	r18, 0x01	; 1
    166a:	82 1a       	sub	r8, r18
    166c:	91 08       	sbc	r9, r1
    166e:	81 14       	cp	r8, r1
    1670:	91 04       	cpc	r9, r1
    1672:	71 f7       	brne	.-36     	; 0x1650 <vfprintf+0x1a4>
    1674:	e8 c0       	rjmp	.+464    	; 0x1846 <vfprintf+0x39a>
    1676:	84 36       	cpi	r24, 0x64	; 100
    1678:	11 f0       	breq	.+4      	; 0x167e <vfprintf+0x1d2>
    167a:	89 36       	cpi	r24, 0x69	; 105
    167c:	41 f5       	brne	.+80     	; 0x16ce <vfprintf+0x222>
    167e:	f8 01       	movw	r30, r16
    1680:	37 fe       	sbrs	r3, 7
    1682:	07 c0       	rjmp	.+14     	; 0x1692 <vfprintf+0x1e6>
    1684:	60 81       	ld	r22, Z
    1686:	71 81       	ldd	r23, Z+1	; 0x01
    1688:	82 81       	ldd	r24, Z+2	; 0x02
    168a:	93 81       	ldd	r25, Z+3	; 0x03
    168c:	0c 5f       	subi	r16, 0xFC	; 252
    168e:	1f 4f       	sbci	r17, 0xFF	; 255
    1690:	08 c0       	rjmp	.+16     	; 0x16a2 <vfprintf+0x1f6>
    1692:	60 81       	ld	r22, Z
    1694:	71 81       	ldd	r23, Z+1	; 0x01
    1696:	07 2e       	mov	r0, r23
    1698:	00 0c       	add	r0, r0
    169a:	88 0b       	sbc	r24, r24
    169c:	99 0b       	sbc	r25, r25
    169e:	0e 5f       	subi	r16, 0xFE	; 254
    16a0:	1f 4f       	sbci	r17, 0xFF	; 255
    16a2:	f3 2d       	mov	r31, r3
    16a4:	ff 76       	andi	r31, 0x6F	; 111
    16a6:	3f 2e       	mov	r3, r31
    16a8:	97 ff       	sbrs	r25, 7
    16aa:	09 c0       	rjmp	.+18     	; 0x16be <vfprintf+0x212>
    16ac:	90 95       	com	r25
    16ae:	80 95       	com	r24
    16b0:	70 95       	com	r23
    16b2:	61 95       	neg	r22
    16b4:	7f 4f       	sbci	r23, 0xFF	; 255
    16b6:	8f 4f       	sbci	r24, 0xFF	; 255
    16b8:	9f 4f       	sbci	r25, 0xFF	; 255
    16ba:	f0 68       	ori	r31, 0x80	; 128
    16bc:	3f 2e       	mov	r3, r31
    16be:	2a e0       	ldi	r18, 0x0A	; 10
    16c0:	30 e0       	ldi	r19, 0x00	; 0
    16c2:	a3 01       	movw	r20, r6
    16c4:	0e 94 89 0c 	call	0x1912	; 0x1912 <__ultoa_invert>
    16c8:	88 2e       	mov	r8, r24
    16ca:	86 18       	sub	r8, r6
    16cc:	45 c0       	rjmp	.+138    	; 0x1758 <vfprintf+0x2ac>
    16ce:	85 37       	cpi	r24, 0x75	; 117
    16d0:	31 f4       	brne	.+12     	; 0x16de <vfprintf+0x232>
    16d2:	23 2d       	mov	r18, r3
    16d4:	2f 7e       	andi	r18, 0xEF	; 239
    16d6:	b2 2e       	mov	r11, r18
    16d8:	2a e0       	ldi	r18, 0x0A	; 10
    16da:	30 e0       	ldi	r19, 0x00	; 0
    16dc:	25 c0       	rjmp	.+74     	; 0x1728 <vfprintf+0x27c>
    16de:	93 2d       	mov	r25, r3
    16e0:	99 7f       	andi	r25, 0xF9	; 249
    16e2:	b9 2e       	mov	r11, r25
    16e4:	8f 36       	cpi	r24, 0x6F	; 111
    16e6:	c1 f0       	breq	.+48     	; 0x1718 <vfprintf+0x26c>
    16e8:	18 f4       	brcc	.+6      	; 0x16f0 <vfprintf+0x244>
    16ea:	88 35       	cpi	r24, 0x58	; 88
    16ec:	79 f0       	breq	.+30     	; 0x170c <vfprintf+0x260>
    16ee:	b5 c0       	rjmp	.+362    	; 0x185a <vfprintf+0x3ae>
    16f0:	80 37       	cpi	r24, 0x70	; 112
    16f2:	19 f0       	breq	.+6      	; 0x16fa <vfprintf+0x24e>
    16f4:	88 37       	cpi	r24, 0x78	; 120
    16f6:	21 f0       	breq	.+8      	; 0x1700 <vfprintf+0x254>
    16f8:	b0 c0       	rjmp	.+352    	; 0x185a <vfprintf+0x3ae>
    16fa:	e9 2f       	mov	r30, r25
    16fc:	e0 61       	ori	r30, 0x10	; 16
    16fe:	be 2e       	mov	r11, r30
    1700:	b4 fe       	sbrs	r11, 4
    1702:	0d c0       	rjmp	.+26     	; 0x171e <vfprintf+0x272>
    1704:	fb 2d       	mov	r31, r11
    1706:	f4 60       	ori	r31, 0x04	; 4
    1708:	bf 2e       	mov	r11, r31
    170a:	09 c0       	rjmp	.+18     	; 0x171e <vfprintf+0x272>
    170c:	34 fe       	sbrs	r3, 4
    170e:	0a c0       	rjmp	.+20     	; 0x1724 <vfprintf+0x278>
    1710:	29 2f       	mov	r18, r25
    1712:	26 60       	ori	r18, 0x06	; 6
    1714:	b2 2e       	mov	r11, r18
    1716:	06 c0       	rjmp	.+12     	; 0x1724 <vfprintf+0x278>
    1718:	28 e0       	ldi	r18, 0x08	; 8
    171a:	30 e0       	ldi	r19, 0x00	; 0
    171c:	05 c0       	rjmp	.+10     	; 0x1728 <vfprintf+0x27c>
    171e:	20 e1       	ldi	r18, 0x10	; 16
    1720:	30 e0       	ldi	r19, 0x00	; 0
    1722:	02 c0       	rjmp	.+4      	; 0x1728 <vfprintf+0x27c>
    1724:	20 e1       	ldi	r18, 0x10	; 16
    1726:	32 e0       	ldi	r19, 0x02	; 2
    1728:	f8 01       	movw	r30, r16
    172a:	b7 fe       	sbrs	r11, 7
    172c:	07 c0       	rjmp	.+14     	; 0x173c <vfprintf+0x290>
    172e:	60 81       	ld	r22, Z
    1730:	71 81       	ldd	r23, Z+1	; 0x01
    1732:	82 81       	ldd	r24, Z+2	; 0x02
    1734:	93 81       	ldd	r25, Z+3	; 0x03
    1736:	0c 5f       	subi	r16, 0xFC	; 252
    1738:	1f 4f       	sbci	r17, 0xFF	; 255
    173a:	06 c0       	rjmp	.+12     	; 0x1748 <vfprintf+0x29c>
    173c:	60 81       	ld	r22, Z
    173e:	71 81       	ldd	r23, Z+1	; 0x01
    1740:	80 e0       	ldi	r24, 0x00	; 0
    1742:	90 e0       	ldi	r25, 0x00	; 0
    1744:	0e 5f       	subi	r16, 0xFE	; 254
    1746:	1f 4f       	sbci	r17, 0xFF	; 255
    1748:	a3 01       	movw	r20, r6
    174a:	0e 94 89 0c 	call	0x1912	; 0x1912 <__ultoa_invert>
    174e:	88 2e       	mov	r8, r24
    1750:	86 18       	sub	r8, r6
    1752:	fb 2d       	mov	r31, r11
    1754:	ff 77       	andi	r31, 0x7F	; 127
    1756:	3f 2e       	mov	r3, r31
    1758:	36 fe       	sbrs	r3, 6
    175a:	0d c0       	rjmp	.+26     	; 0x1776 <vfprintf+0x2ca>
    175c:	23 2d       	mov	r18, r3
    175e:	2e 7f       	andi	r18, 0xFE	; 254
    1760:	a2 2e       	mov	r10, r18
    1762:	89 14       	cp	r8, r9
    1764:	58 f4       	brcc	.+22     	; 0x177c <vfprintf+0x2d0>
    1766:	34 fe       	sbrs	r3, 4
    1768:	0b c0       	rjmp	.+22     	; 0x1780 <vfprintf+0x2d4>
    176a:	32 fc       	sbrc	r3, 2
    176c:	09 c0       	rjmp	.+18     	; 0x1780 <vfprintf+0x2d4>
    176e:	83 2d       	mov	r24, r3
    1770:	8e 7e       	andi	r24, 0xEE	; 238
    1772:	a8 2e       	mov	r10, r24
    1774:	05 c0       	rjmp	.+10     	; 0x1780 <vfprintf+0x2d4>
    1776:	b8 2c       	mov	r11, r8
    1778:	a3 2c       	mov	r10, r3
    177a:	03 c0       	rjmp	.+6      	; 0x1782 <vfprintf+0x2d6>
    177c:	b8 2c       	mov	r11, r8
    177e:	01 c0       	rjmp	.+2      	; 0x1782 <vfprintf+0x2d6>
    1780:	b9 2c       	mov	r11, r9
    1782:	a4 fe       	sbrs	r10, 4
    1784:	0f c0       	rjmp	.+30     	; 0x17a4 <vfprintf+0x2f8>
    1786:	fe 01       	movw	r30, r28
    1788:	e8 0d       	add	r30, r8
    178a:	f1 1d       	adc	r31, r1
    178c:	80 81       	ld	r24, Z
    178e:	80 33       	cpi	r24, 0x30	; 48
    1790:	21 f4       	brne	.+8      	; 0x179a <vfprintf+0x2ee>
    1792:	9a 2d       	mov	r25, r10
    1794:	99 7e       	andi	r25, 0xE9	; 233
    1796:	a9 2e       	mov	r10, r25
    1798:	09 c0       	rjmp	.+18     	; 0x17ac <vfprintf+0x300>
    179a:	a2 fe       	sbrs	r10, 2
    179c:	06 c0       	rjmp	.+12     	; 0x17aa <vfprintf+0x2fe>
    179e:	b3 94       	inc	r11
    17a0:	b3 94       	inc	r11
    17a2:	04 c0       	rjmp	.+8      	; 0x17ac <vfprintf+0x300>
    17a4:	8a 2d       	mov	r24, r10
    17a6:	86 78       	andi	r24, 0x86	; 134
    17a8:	09 f0       	breq	.+2      	; 0x17ac <vfprintf+0x300>
    17aa:	b3 94       	inc	r11
    17ac:	a3 fc       	sbrc	r10, 3
    17ae:	11 c0       	rjmp	.+34     	; 0x17d2 <vfprintf+0x326>
    17b0:	a0 fe       	sbrs	r10, 0
    17b2:	06 c0       	rjmp	.+12     	; 0x17c0 <vfprintf+0x314>
    17b4:	b2 14       	cp	r11, r2
    17b6:	88 f4       	brcc	.+34     	; 0x17da <vfprintf+0x32e>
    17b8:	28 0c       	add	r2, r8
    17ba:	92 2c       	mov	r9, r2
    17bc:	9b 18       	sub	r9, r11
    17be:	0e c0       	rjmp	.+28     	; 0x17dc <vfprintf+0x330>
    17c0:	b2 14       	cp	r11, r2
    17c2:	60 f4       	brcc	.+24     	; 0x17dc <vfprintf+0x330>
    17c4:	b6 01       	movw	r22, r12
    17c6:	80 e2       	ldi	r24, 0x20	; 32
    17c8:	90 e0       	ldi	r25, 0x00	; 0
    17ca:	0e 94 4d 0c 	call	0x189a	; 0x189a <fputc>
    17ce:	b3 94       	inc	r11
    17d0:	f7 cf       	rjmp	.-18     	; 0x17c0 <vfprintf+0x314>
    17d2:	b2 14       	cp	r11, r2
    17d4:	18 f4       	brcc	.+6      	; 0x17dc <vfprintf+0x330>
    17d6:	2b 18       	sub	r2, r11
    17d8:	02 c0       	rjmp	.+4      	; 0x17de <vfprintf+0x332>
    17da:	98 2c       	mov	r9, r8
    17dc:	21 2c       	mov	r2, r1
    17de:	a4 fe       	sbrs	r10, 4
    17e0:	10 c0       	rjmp	.+32     	; 0x1802 <vfprintf+0x356>
    17e2:	b6 01       	movw	r22, r12
    17e4:	80 e3       	ldi	r24, 0x30	; 48
    17e6:	90 e0       	ldi	r25, 0x00	; 0
    17e8:	0e 94 4d 0c 	call	0x189a	; 0x189a <fputc>
    17ec:	a2 fe       	sbrs	r10, 2
    17ee:	17 c0       	rjmp	.+46     	; 0x181e <vfprintf+0x372>
    17f0:	a1 fc       	sbrc	r10, 1
    17f2:	03 c0       	rjmp	.+6      	; 0x17fa <vfprintf+0x34e>
    17f4:	88 e7       	ldi	r24, 0x78	; 120
    17f6:	90 e0       	ldi	r25, 0x00	; 0
    17f8:	02 c0       	rjmp	.+4      	; 0x17fe <vfprintf+0x352>
    17fa:	88 e5       	ldi	r24, 0x58	; 88
    17fc:	90 e0       	ldi	r25, 0x00	; 0
    17fe:	b6 01       	movw	r22, r12
    1800:	0c c0       	rjmp	.+24     	; 0x181a <vfprintf+0x36e>
    1802:	8a 2d       	mov	r24, r10
    1804:	86 78       	andi	r24, 0x86	; 134
    1806:	59 f0       	breq	.+22     	; 0x181e <vfprintf+0x372>
    1808:	a1 fe       	sbrs	r10, 1
    180a:	02 c0       	rjmp	.+4      	; 0x1810 <vfprintf+0x364>
    180c:	8b e2       	ldi	r24, 0x2B	; 43
    180e:	01 c0       	rjmp	.+2      	; 0x1812 <vfprintf+0x366>
    1810:	80 e2       	ldi	r24, 0x20	; 32
    1812:	a7 fc       	sbrc	r10, 7
    1814:	8d e2       	ldi	r24, 0x2D	; 45
    1816:	b6 01       	movw	r22, r12
    1818:	90 e0       	ldi	r25, 0x00	; 0
    181a:	0e 94 4d 0c 	call	0x189a	; 0x189a <fputc>
    181e:	89 14       	cp	r8, r9
    1820:	38 f4       	brcc	.+14     	; 0x1830 <vfprintf+0x384>
    1822:	b6 01       	movw	r22, r12
    1824:	80 e3       	ldi	r24, 0x30	; 48
    1826:	90 e0       	ldi	r25, 0x00	; 0
    1828:	0e 94 4d 0c 	call	0x189a	; 0x189a <fputc>
    182c:	9a 94       	dec	r9
    182e:	f7 cf       	rjmp	.-18     	; 0x181e <vfprintf+0x372>
    1830:	8a 94       	dec	r8
    1832:	f3 01       	movw	r30, r6
    1834:	e8 0d       	add	r30, r8
    1836:	f1 1d       	adc	r31, r1
    1838:	80 81       	ld	r24, Z
    183a:	b6 01       	movw	r22, r12
    183c:	90 e0       	ldi	r25, 0x00	; 0
    183e:	0e 94 4d 0c 	call	0x189a	; 0x189a <fputc>
    1842:	81 10       	cpse	r8, r1
    1844:	f5 cf       	rjmp	.-22     	; 0x1830 <vfprintf+0x384>
    1846:	22 20       	and	r2, r2
    1848:	09 f4       	brne	.+2      	; 0x184c <vfprintf+0x3a0>
    184a:	42 ce       	rjmp	.-892    	; 0x14d0 <vfprintf+0x24>
    184c:	b6 01       	movw	r22, r12
    184e:	80 e2       	ldi	r24, 0x20	; 32
    1850:	90 e0       	ldi	r25, 0x00	; 0
    1852:	0e 94 4d 0c 	call	0x189a	; 0x189a <fputc>
    1856:	2a 94       	dec	r2
    1858:	f6 cf       	rjmp	.-20     	; 0x1846 <vfprintf+0x39a>
    185a:	f6 01       	movw	r30, r12
    185c:	86 81       	ldd	r24, Z+6	; 0x06
    185e:	97 81       	ldd	r25, Z+7	; 0x07
    1860:	02 c0       	rjmp	.+4      	; 0x1866 <vfprintf+0x3ba>
    1862:	8f ef       	ldi	r24, 0xFF	; 255
    1864:	9f ef       	ldi	r25, 0xFF	; 255
    1866:	2b 96       	adiw	r28, 0x0b	; 11
    1868:	e2 e1       	ldi	r30, 0x12	; 18
    186a:	0c 94 03 0d 	jmp	0x1a06	; 0x1a06 <__epilogue_restores__>

0000186e <strnlen_P>:
    186e:	fc 01       	movw	r30, r24
    1870:	05 90       	lpm	r0, Z+
    1872:	61 50       	subi	r22, 0x01	; 1
    1874:	70 40       	sbci	r23, 0x00	; 0
    1876:	01 10       	cpse	r0, r1
    1878:	d8 f7       	brcc	.-10     	; 0x1870 <strnlen_P+0x2>
    187a:	80 95       	com	r24
    187c:	90 95       	com	r25
    187e:	8e 0f       	add	r24, r30
    1880:	9f 1f       	adc	r25, r31
    1882:	08 95       	ret

00001884 <strnlen>:
    1884:	fc 01       	movw	r30, r24
    1886:	61 50       	subi	r22, 0x01	; 1
    1888:	70 40       	sbci	r23, 0x00	; 0
    188a:	01 90       	ld	r0, Z+
    188c:	01 10       	cpse	r0, r1
    188e:	d8 f7       	brcc	.-10     	; 0x1886 <strnlen+0x2>
    1890:	80 95       	com	r24
    1892:	90 95       	com	r25
    1894:	8e 0f       	add	r24, r30
    1896:	9f 1f       	adc	r25, r31
    1898:	08 95       	ret

0000189a <fputc>:
    189a:	0f 93       	push	r16
    189c:	1f 93       	push	r17
    189e:	cf 93       	push	r28
    18a0:	df 93       	push	r29
    18a2:	fb 01       	movw	r30, r22
    18a4:	23 81       	ldd	r18, Z+3	; 0x03
    18a6:	21 fd       	sbrc	r18, 1
    18a8:	03 c0       	rjmp	.+6      	; 0x18b0 <fputc+0x16>
    18aa:	8f ef       	ldi	r24, 0xFF	; 255
    18ac:	9f ef       	ldi	r25, 0xFF	; 255
    18ae:	2c c0       	rjmp	.+88     	; 0x1908 <fputc+0x6e>
    18b0:	22 ff       	sbrs	r18, 2
    18b2:	16 c0       	rjmp	.+44     	; 0x18e0 <fputc+0x46>
    18b4:	46 81       	ldd	r20, Z+6	; 0x06
    18b6:	57 81       	ldd	r21, Z+7	; 0x07
    18b8:	24 81       	ldd	r18, Z+4	; 0x04
    18ba:	35 81       	ldd	r19, Z+5	; 0x05
    18bc:	42 17       	cp	r20, r18
    18be:	53 07       	cpc	r21, r19
    18c0:	44 f4       	brge	.+16     	; 0x18d2 <fputc+0x38>
    18c2:	a0 81       	ld	r26, Z
    18c4:	b1 81       	ldd	r27, Z+1	; 0x01
    18c6:	9d 01       	movw	r18, r26
    18c8:	2f 5f       	subi	r18, 0xFF	; 255
    18ca:	3f 4f       	sbci	r19, 0xFF	; 255
    18cc:	31 83       	std	Z+1, r19	; 0x01
    18ce:	20 83       	st	Z, r18
    18d0:	8c 93       	st	X, r24
    18d2:	26 81       	ldd	r18, Z+6	; 0x06
    18d4:	37 81       	ldd	r19, Z+7	; 0x07
    18d6:	2f 5f       	subi	r18, 0xFF	; 255
    18d8:	3f 4f       	sbci	r19, 0xFF	; 255
    18da:	37 83       	std	Z+7, r19	; 0x07
    18dc:	26 83       	std	Z+6, r18	; 0x06
    18de:	14 c0       	rjmp	.+40     	; 0x1908 <fputc+0x6e>
    18e0:	8b 01       	movw	r16, r22
    18e2:	ec 01       	movw	r28, r24
    18e4:	fb 01       	movw	r30, r22
    18e6:	00 84       	ldd	r0, Z+8	; 0x08
    18e8:	f1 85       	ldd	r31, Z+9	; 0x09
    18ea:	e0 2d       	mov	r30, r0
    18ec:	09 95       	icall
    18ee:	89 2b       	or	r24, r25
    18f0:	e1 f6       	brne	.-72     	; 0x18aa <fputc+0x10>
    18f2:	d8 01       	movw	r26, r16
    18f4:	16 96       	adiw	r26, 0x06	; 6
    18f6:	8d 91       	ld	r24, X+
    18f8:	9c 91       	ld	r25, X
    18fa:	17 97       	sbiw	r26, 0x07	; 7
    18fc:	01 96       	adiw	r24, 0x01	; 1
    18fe:	17 96       	adiw	r26, 0x07	; 7
    1900:	9c 93       	st	X, r25
    1902:	8e 93       	st	-X, r24
    1904:	16 97       	sbiw	r26, 0x06	; 6
    1906:	ce 01       	movw	r24, r28
    1908:	df 91       	pop	r29
    190a:	cf 91       	pop	r28
    190c:	1f 91       	pop	r17
    190e:	0f 91       	pop	r16
    1910:	08 95       	ret

00001912 <__ultoa_invert>:
    1912:	fa 01       	movw	r30, r20
    1914:	aa 27       	eor	r26, r26
    1916:	28 30       	cpi	r18, 0x08	; 8
    1918:	51 f1       	breq	.+84     	; 0x196e <__ultoa_invert+0x5c>
    191a:	20 31       	cpi	r18, 0x10	; 16
    191c:	81 f1       	breq	.+96     	; 0x197e <__ultoa_invert+0x6c>
    191e:	e8 94       	clt
    1920:	6f 93       	push	r22
    1922:	6e 7f       	andi	r22, 0xFE	; 254
    1924:	6e 5f       	subi	r22, 0xFE	; 254
    1926:	7f 4f       	sbci	r23, 0xFF	; 255
    1928:	8f 4f       	sbci	r24, 0xFF	; 255
    192a:	9f 4f       	sbci	r25, 0xFF	; 255
    192c:	af 4f       	sbci	r26, 0xFF	; 255
    192e:	b1 e0       	ldi	r27, 0x01	; 1
    1930:	3e d0       	rcall	.+124    	; 0x19ae <__ultoa_invert+0x9c>
    1932:	b4 e0       	ldi	r27, 0x04	; 4
    1934:	3c d0       	rcall	.+120    	; 0x19ae <__ultoa_invert+0x9c>
    1936:	67 0f       	add	r22, r23
    1938:	78 1f       	adc	r23, r24
    193a:	89 1f       	adc	r24, r25
    193c:	9a 1f       	adc	r25, r26
    193e:	a1 1d       	adc	r26, r1
    1940:	68 0f       	add	r22, r24
    1942:	79 1f       	adc	r23, r25
    1944:	8a 1f       	adc	r24, r26
    1946:	91 1d       	adc	r25, r1
    1948:	a1 1d       	adc	r26, r1
    194a:	6a 0f       	add	r22, r26
    194c:	71 1d       	adc	r23, r1
    194e:	81 1d       	adc	r24, r1
    1950:	91 1d       	adc	r25, r1
    1952:	a1 1d       	adc	r26, r1
    1954:	20 d0       	rcall	.+64     	; 0x1996 <__ultoa_invert+0x84>
    1956:	09 f4       	brne	.+2      	; 0x195a <__ultoa_invert+0x48>
    1958:	68 94       	set
    195a:	3f 91       	pop	r19
    195c:	2a e0       	ldi	r18, 0x0A	; 10
    195e:	26 9f       	mul	r18, r22
    1960:	11 24       	eor	r1, r1
    1962:	30 19       	sub	r19, r0
    1964:	30 5d       	subi	r19, 0xD0	; 208
    1966:	31 93       	st	Z+, r19
    1968:	de f6       	brtc	.-74     	; 0x1920 <__ultoa_invert+0xe>
    196a:	cf 01       	movw	r24, r30
    196c:	08 95       	ret
    196e:	46 2f       	mov	r20, r22
    1970:	47 70       	andi	r20, 0x07	; 7
    1972:	40 5d       	subi	r20, 0xD0	; 208
    1974:	41 93       	st	Z+, r20
    1976:	b3 e0       	ldi	r27, 0x03	; 3
    1978:	0f d0       	rcall	.+30     	; 0x1998 <__ultoa_invert+0x86>
    197a:	c9 f7       	brne	.-14     	; 0x196e <__ultoa_invert+0x5c>
    197c:	f6 cf       	rjmp	.-20     	; 0x196a <__ultoa_invert+0x58>
    197e:	46 2f       	mov	r20, r22
    1980:	4f 70       	andi	r20, 0x0F	; 15
    1982:	40 5d       	subi	r20, 0xD0	; 208
    1984:	4a 33       	cpi	r20, 0x3A	; 58
    1986:	18 f0       	brcs	.+6      	; 0x198e <__ultoa_invert+0x7c>
    1988:	49 5d       	subi	r20, 0xD9	; 217
    198a:	31 fd       	sbrc	r19, 1
    198c:	40 52       	subi	r20, 0x20	; 32
    198e:	41 93       	st	Z+, r20
    1990:	02 d0       	rcall	.+4      	; 0x1996 <__ultoa_invert+0x84>
    1992:	a9 f7       	brne	.-22     	; 0x197e <__ultoa_invert+0x6c>
    1994:	ea cf       	rjmp	.-44     	; 0x196a <__ultoa_invert+0x58>
    1996:	b4 e0       	ldi	r27, 0x04	; 4
    1998:	a6 95       	lsr	r26
    199a:	97 95       	ror	r25
    199c:	87 95       	ror	r24
    199e:	77 95       	ror	r23
    19a0:	67 95       	ror	r22
    19a2:	ba 95       	dec	r27
    19a4:	c9 f7       	brne	.-14     	; 0x1998 <__ultoa_invert+0x86>
    19a6:	00 97       	sbiw	r24, 0x00	; 0
    19a8:	61 05       	cpc	r22, r1
    19aa:	71 05       	cpc	r23, r1
    19ac:	08 95       	ret
    19ae:	9b 01       	movw	r18, r22
    19b0:	ac 01       	movw	r20, r24
    19b2:	0a 2e       	mov	r0, r26
    19b4:	06 94       	lsr	r0
    19b6:	57 95       	ror	r21
    19b8:	47 95       	ror	r20
    19ba:	37 95       	ror	r19
    19bc:	27 95       	ror	r18
    19be:	ba 95       	dec	r27
    19c0:	c9 f7       	brne	.-14     	; 0x19b4 <__ultoa_invert+0xa2>
    19c2:	62 0f       	add	r22, r18
    19c4:	73 1f       	adc	r23, r19
    19c6:	84 1f       	adc	r24, r20
    19c8:	95 1f       	adc	r25, r21
    19ca:	a0 1d       	adc	r26, r0
    19cc:	08 95       	ret

000019ce <__prologue_saves__>:
    19ce:	2f 92       	push	r2
    19d0:	3f 92       	push	r3
    19d2:	4f 92       	push	r4
    19d4:	5f 92       	push	r5
    19d6:	6f 92       	push	r6
    19d8:	7f 92       	push	r7
    19da:	8f 92       	push	r8
    19dc:	9f 92       	push	r9
    19de:	af 92       	push	r10
    19e0:	bf 92       	push	r11
    19e2:	cf 92       	push	r12
    19e4:	df 92       	push	r13
    19e6:	ef 92       	push	r14
    19e8:	ff 92       	push	r15
    19ea:	0f 93       	push	r16
    19ec:	1f 93       	push	r17
    19ee:	cf 93       	push	r28
    19f0:	df 93       	push	r29
    19f2:	cd b7       	in	r28, 0x3d	; 61
    19f4:	de b7       	in	r29, 0x3e	; 62
    19f6:	ca 1b       	sub	r28, r26
    19f8:	db 0b       	sbc	r29, r27
    19fa:	0f b6       	in	r0, 0x3f	; 63
    19fc:	f8 94       	cli
    19fe:	de bf       	out	0x3e, r29	; 62
    1a00:	0f be       	out	0x3f, r0	; 63
    1a02:	cd bf       	out	0x3d, r28	; 61
    1a04:	09 94       	ijmp

00001a06 <__epilogue_restores__>:
    1a06:	2a 88       	ldd	r2, Y+18	; 0x12
    1a08:	39 88       	ldd	r3, Y+17	; 0x11
    1a0a:	48 88       	ldd	r4, Y+16	; 0x10
    1a0c:	5f 84       	ldd	r5, Y+15	; 0x0f
    1a0e:	6e 84       	ldd	r6, Y+14	; 0x0e
    1a10:	7d 84       	ldd	r7, Y+13	; 0x0d
    1a12:	8c 84       	ldd	r8, Y+12	; 0x0c
    1a14:	9b 84       	ldd	r9, Y+11	; 0x0b
    1a16:	aa 84       	ldd	r10, Y+10	; 0x0a
    1a18:	b9 84       	ldd	r11, Y+9	; 0x09
    1a1a:	c8 84       	ldd	r12, Y+8	; 0x08
    1a1c:	df 80       	ldd	r13, Y+7	; 0x07
    1a1e:	ee 80       	ldd	r14, Y+6	; 0x06
    1a20:	fd 80       	ldd	r15, Y+5	; 0x05
    1a22:	0c 81       	ldd	r16, Y+4	; 0x04
    1a24:	1b 81       	ldd	r17, Y+3	; 0x03
    1a26:	aa 81       	ldd	r26, Y+2	; 0x02
    1a28:	b9 81       	ldd	r27, Y+1	; 0x01
    1a2a:	ce 0f       	add	r28, r30
    1a2c:	d1 1d       	adc	r29, r1
    1a2e:	0f b6       	in	r0, 0x3f	; 63
    1a30:	f8 94       	cli
    1a32:	de bf       	out	0x3e, r29	; 62
    1a34:	0f be       	out	0x3f, r0	; 63
    1a36:	cd bf       	out	0x3d, r28	; 61
    1a38:	ed 01       	movw	r28, r26
    1a3a:	08 95       	ret

00001a3c <_exit>:
    1a3c:	f8 94       	cli

00001a3e <__stop_program>:
    1a3e:	ff cf       	rjmp	.-2      	; 0x1a3e <__stop_program>
