
TJ000006_SW.elf:     file format elf32-avr

Sections:
Idx Name          Size      VMA       LMA       File off  Algn
  0 .data         00000178  00800100  00001cd0  00001d64  2**0
                  CONTENTS, ALLOC, LOAD, DATA
  1 .text         00001cd0  00000000  00000000  00000094  2**1
                  CONTENTS, ALLOC, LOAD, READONLY, CODE
  2 .bss          000001e3  00800278  00800278  00001edc  2**0
                  ALLOC
  3 .comment      0000005c  00000000  00000000  00001edc  2**0
                  CONTENTS, READONLY
  4 .note.gnu.avr.deviceinfo 00000040  00000000  00000000  00001f38  2**2
                  CONTENTS, READONLY
  5 .debug_info   000005f4  00000000  00000000  00001f78  2**0
                  CONTENTS, READONLY, DEBUGGING
  6 .debug_abbrev 000005a2  00000000  00000000  0000256c  2**0
                  CONTENTS, READONLY, DEBUGGING
  7 .debug_line   00000134  00000000  00000000  00002b0e  2**0
                  CONTENTS, READONLY, DEBUGGING
  8 .debug_str    00000208  00000000  00000000  00002c42  2**0
                  CONTENTS, READONLY, DEBUGGING

Disassembly of section .text:

00000000 <__vectors>:
       0:	0c 94 f7 02 	jmp	0x5ee	; 0x5ee <__ctors_end>
       4:	0c 94 14 03 	jmp	0x628	; 0x628 <__bad_interrupt>
       8:	0c 94 14 03 	jmp	0x628	; 0x628 <__bad_interrupt>
       c:	0c 94 14 03 	jmp	0x628	; 0x628 <__bad_interrupt>
      10:	0c 94 14 03 	jmp	0x628	; 0x628 <__bad_interrupt>
      14:	0c 94 14 03 	jmp	0x628	; 0x628 <__bad_interrupt>
      18:	0c 94 14 03 	jmp	0x628	; 0x628 <__bad_interrupt>
      1c:	0c 94 14 03 	jmp	0x628	; 0x628 <__bad_interrupt>
      20:	0c 94 14 03 	jmp	0x628	; 0x628 <__bad_interrupt>
      24:	0c 94 14 03 	jmp	0x628	; 0x628 <__bad_interrupt>
      28:	0c 94 14 03 	jmp	0x628	; 0x628 <__bad_interrupt>
      2c:	0c 94 3b 0b 	jmp	0x1676	; 0x1676 <__vector_11>
      30:	0c 94 14 03 	jmp	0x628	; 0x628 <__bad_interrupt>
      34:	0c 94 14 03 	jmp	0x628	; 0x628 <__bad_interrupt>
      38:	0c 94 14 03 	jmp	0x628	; 0x628 <__bad_interrupt>
      3c:	0c 94 14 03 	jmp	0x628	; 0x628 <__bad_interrupt>
      40:	0c 94 14 03 	jmp	0x628	; 0x628 <__bad_interrupt>
      44:	0c 94 14 03 	jmp	0x628	; 0x628 <__bad_interrupt>
      48:	0c 94 ed 03 	jmp	0x7da	; 0x7da <__vector_18>
      4c:	0c 94 2a 03 	jmp	0x654	; 0x654 <__vector_19>
      50:	0c 94 14 03 	jmp	0x628	; 0x628 <__bad_interrupt>
      54:	0c 94 14 03 	jmp	0x628	; 0x628 <__bad_interrupt>
      58:	0c 94 14 03 	jmp	0x628	; 0x628 <__bad_interrupt>
      5c:	0c 94 14 03 	jmp	0x628	; 0x628 <__bad_interrupt>
      60:	0c 94 14 03 	jmp	0x628	; 0x628 <__bad_interrupt>
      64:	0c 94 14 03 	jmp	0x628	; 0x628 <__bad_interrupt>

00000068 <EEPROM_ADDR_SEL_MSG>:
      68:	0a 0a 0a 0a 0d 53 65 6c 65 63 74 20 45 45 50 52     .....Select EEPR
      78:	4f 4d 20 41 64 64 72 65 73 73 3a 0a 0d 31 20 2d     OM Address:..1 -
      88:	20 30 78 35 30 3a 20 4e 65 74 20 43 6f 6e 6e 65      0x50: Net Conne
      98:	63 74 6f 72 0a 0d 32 20 2d 20 30 78 35 32 3a 20     ctor..2 - 0x52: 
      a8:	41 44 43 20 42 6f 74 74 6f 6d 20 42 64 0a 0d 33     ADC Bottom Bd..3
      b8:	20 2d 20 30 78 35 34 3a 20 4e 65 74 20 45 78 74      - 0x54: Net Ext
      c8:	65 6e 73 69 6f 6e 0a 0d 34 20 2d 20 30 78 35 36     ension..4 - 0x56
      d8:	3a 20 41 44 43 20 54 6f 70 20 42 64 0a 0d 0a 0d     : ADC Top Bd....
      e8:	50 72 65 73 73 20 58 20 74 6f 20 65 78 69 74 0a     Press X to exit.
      f8:	0a 0d 00                                            ...

000000fb <EEPROM_DEBUG_MSG>:
      fb:	0a 0a 0a 0a 0d 45 45 50 52 4f 4d 20 44 65 62 75     .....EEPROM Debu
     10b:	67 0a 0d 3d 3d 3d 3d 3d 3d 3d 3d 3d 3d 3d 0a 0a     g..===========..
     11b:	0d 50 20 2d 20 50 72 6f 64 75 63 74 20 43 6f 64     .P - Product Cod
     12b:	65 0a 0d 48 20 2d 20 48 65 78 20 44 75 6d 70 0a     e..H - Hex Dump.
     13b:	0d 4b 20 2d 20 43 68 65 63 6b 73 75 6d 0a 0d 57     .K - Checksum..W
     14b:	20 2d 20 57 72 69 74 65 0a 0d 52 20 2d 20 52 65      - Write..R - Re
     15b:	73 65 74 20 45 45 50 52 4f 4d 20 74 6f 20 30 30     set EEPROM to 00
     16b:	0a 0d 53 20 2d 20 53 65 74 20 45 45 50 52 4f 4d     ..S - Set EEPROM
     17b:	20 74 6f 20 46 46 0a 0d 58 20 2d 20 52 65 74 75      to FF..X - Retu
     18b:	72 6e 20 74 6f 20 44 65 62 75 67 20 4d 65 6e 75     rn to Debug Menu
     19b:	0a 0d 00                                            ...

0000019e <DEBUG_MENU_MSG>:
     19e:	0a 0a 0a 0a 0d 44 45 42 55 47 20 4d 45 4e 55 0a     .....DEBUG MENU.
     1ae:	0d 3d 3d 3d 3d 3d 3d 3d 3d 3d 3d 3d 3d 3d 0a 0d     .=============..
     1be:	45 20 2d 20 45 45 50 52 4f 4d 20 44 65 62 75 67     E - EEPROM Debug
     1ce:	0a 0d 58 20 2d 20 45 78 69 74 20 74 6f 20 53 74     ..X - Exit to St
     1de:	61 72 74 20 4d 65 6e 75 0a 0d 00                    art Menu...

000001e9 <MAX_USER_IP_LEN_EXEEDED_MSG>:
     1e9:	0a 0d 54 6f 6f 20 6d 61 6e 79 20 63 68 61 72 61     ..Too many chara
     1f9:	63 74 65 72 73 20 65 6e 74 65 72 65 64 20 2d 20     cters entered - 
     209:	50 6c 65 61 73 65 20 72 65 74 72 79 0a 0d 00        Please retry...

00000218 <PROG_SUCCESS_MSG>:
     218:	53 55 43 43 45 53 53 46 55 4c 4c 59 20 43 68 65     SUCCESSFULLY Che
     228:	63 6b 65 64 20 61 6e 64 20 50 72 6f 67 72 61 6d     cked and Program
     238:	6d 65 64 20 45 45 50 52 4f 4d 21 21 0a 0a 0d 52     med EEPROM!!...R
     248:	65 6d 6f 76 65 20 42 6f 61 72 64 20 61 6e 64 20     emove Board and 
     258:	61 70 70 6c 79 20 54 45 53 54 45 44 20 4d 41 52     apply TESTED MAR
     268:	4b 0a 0a 0d 00                                      K....

0000026d <PROG_EEPROM_MSG>:
     26d:	0a 0a 0a 0d 41 75 74 6f 6d 61 74 69 63 61 6c 6c     ....Automaticall
     27d:	79 20 63 68 65 63 6b 69 6e 67 20 61 6e 64 20 50     y checking and P
     28d:	72 6f 67 72 61 6d 6d 69 6e 67 20 45 45 50 52 4f     rogramming EEPRO
     29d:	4d 0a 0d 00                                         M...

000002a1 <CONNECT_BD_MSG>:
     2a1:	0a 0a 0a 0d 43 6f 6e 6e 65 63 74 20 74 68 65 20     ....Connect the 
     2b1:	62 6f 61 72 64 20 55 6e 64 65 72 20 54 65 73 74     board Under Test
     2c1:	20 74 6f 20 74 68 65 20 4a 69 67 0a 0d 45 4e 53      to the Jig..ENS
     2d1:	55 52 45 20 46 4c 59 49 4e 47 20 4c 45 41 44 20     URE FLYING LEAD 
     2e1:	49 53 20 43 4f 4e 4e 43 54 45 44 20 74 6f 20 4a     IS CONNCTED to J
     2f1:	55 4d 50 45 52 0a 0d 50 72 65 73 73 20 27 58 27     UMPER..Press 'X'
     301:	20 74 6f 20 65 78 69 74 20 6f 72 20 61 6e 79 20      to exit or any 
     311:	6f 74 68 65 72 20 6b 65 79 20 74 6f 20 70 72 6f     other key to pro
     321:	63 65 65 64 0a 0d 00                                ceed...

00000328 <ENTER_NEXT_SN_MSG>:
     328:	0a 0a 0a 0d 45 6e 74 65 72 20 74 68 65 20 4e 65     ....Enter the Ne
     338:	78 74 20 62 6f 61 72 64 27 73 20 53 65 72 69 61     xt board's Seria
     348:	6c 20 4e 6f 0a 0d 00                                l No...

0000034f <ENTER_SN_MSG>:
     34f:	0a 0a 0a 0d 45 6e 74 65 72 20 74 68 65 20 62 6f     ....Enter the bo
     35f:	61 72 64 27 73 20 53 65 72 69 61 6c 20 4e 6f 0a     ard's Serial No.
     36f:	0d 00                                               ..

00000371 <CHECK_DETAILS_MSG>:
     371:	0a 0a 0a 0d 43 68 65 63 6b 20 74 68 65 20 66 6f     ....Check the fo
     381:	6c 6c 6f 77 69 6e 67 20 64 65 74 61 69 6c 73 20     llowing details 
     391:	61 72 65 20 63 6f 72 72 65 63 74 0a 0d 50 72 65     are correct..Pre
     3a1:	73 73 20 27 58 27 20 74 6f 20 65 78 69 74 20 6f     ss 'X' to exit o
     3b1:	72 20 61 6e 79 20 6f 74 68 65 72 20 6b 65 79 20     r any other key 
     3c1:	74 6f 20 70 72 6f 63 65 65 64 0a 0d 00              to proceed...

000003ce <ENTER_ASSY_REV_MSG>:
     3ce:	0a 0a 0a 0d 45 6e 74 65 72 20 74 68 65 20 62 6f     ....Enter the bo
     3de:	61 72 64 27 73 20 41 73 73 65 6d 62 6c 79 20 52     ard's Assembly R
     3ee:	65 76 69 73 69 6f 6e 20 4e 6f 20 6f 66 20 74 68     evision No of th
     3fe:	65 20 62 61 74 63 68 20 6f 66 20 62 6f 61 72 64     e batch of board
     40e:	73 20 55 6e 64 65 72 20 54 65 73 74 0a 0d 00        s Under Test...

0000041d <ENTER_ASSY_NO_MSG>:
     41d:	0a 0a 0a 0d 45 6e 74 65 72 20 74 68 65 20 62 6f     ....Enter the bo
     42d:	61 72 64 27 73 20 41 73 73 65 6d 62 6c 79 20 4e     ard's Assembly N
     43d:	6f 20 6f 66 20 74 68 65 20 62 61 74 63 68 20 6f     o of the batch o
     44d:	66 20 62 6f 61 72 64 73 20 55 6e 64 65 72 20 54     f boards Under T
     45d:	65 73 74 0a 0d 00                                   est...

00000463 <ENTER_WO_MSG>:
     463:	0a 0a 0a 0d 45 6e 74 65 72 20 74 68 65 20 57 6f     ....Enter the Wo
     473:	72 6b 73 20 4f 72 64 65 72 20 4e 6f 20 28 57 4f     rks Order No (WO
     483:	29 20 6f 66 20 74 68 65 20 62 61 74 63 68 20 6f     ) of the batch o
     493:	66 20 62 6f 61 72 64 73 20 55 6e 64 65 72 20 54     f boards Under T
     4a3:	65 73 74 0a 0d 00                                   est...

000004a9 <START_MENU_MSG>:
     4a9:	0a 0a 0d 53 74 61 72 74 20 4d 45 4e 55 0a 0d 3d     ...Start MENU..=
     4b9:	3d 3d 3d 3d 3d 3d 3d 3d 3d 3d 3d 0a 0d 54 20 2d     ===========..T -
     4c9:	20 42 6f 61 72 64 20 74 65 73 74 73 0a 0d 44 20      Board tests..D 
     4d9:	2d 20 44 65 62 75 67 20 4d 65 6e 75 0a 0d 3c 45     - Debug Menu..<E
     4e9:	4e 54 45 52 3e 2d 20 54 6f 20 72 65 66 72 65 73     NTER>- To refres
     4f9:	68 20 73 63 72 65 65 6e 0a 0a 0d 00                 h screen....

00000505 <CMD_NOT_IMPLEMENTED_MSG>:
     505:	20 43 6f 6d 6d 61 6e 64 20 6e 6f 74 20 69 6d 70      Command not imp
     515:	6c 65 6d 65 6e 74 65 64 0a 0d 00                    lemented...

00000520 <OPENING_MENU_MSG>:
     520:	0a 0a 0d 45 45 47 20 4e 65 74 20 43 6f 6e 6e 65     ...EEG Net Conne
     530:	63 74 6f 72 20 2d 20 49 32 43 20 45 45 50 52 4f     ctor - I2C EEPRO
     540:	4d 20 50 72 6f 67 72 61 6d 6d 65 72 0a 0d 3d 3d     M Programmer..==
     550:	3d 3d 3d 3d 3d 3d 3d 3d 3d 3d 3d 3d 3d 3d 3d 3d     ================
     560:	3d 3d 3d 3d 3d 3d 3d 3d 3d 3d 3d 3d 3d 3d 3d 3d     ================
     570:	3d 3d 3d 3d 3d 3d 3d 0a 0d 46 69 72 6d 77 61 72     =======..Firmwar
     580:	65 20 49 44 3a 20 00                                e ID: .

00000587 <COPYRIGHT_MSG>:
     587:	0a 0a 0a 0a 0a 0a 0a 0a 0a 0a 0a 0d 28 63 29 20     ............(c) 
     597:	43 6f 70 79 72 69 67 68 74 20 54 68 65 20 4d 61     Copyright The Ma
     5a7:	67 73 74 69 6d 20 43 6f 6d 70 61 6e 79 20 4c 74     gstim Company Lt
     5b7:	64 2e 20 32 30 32 35 0a 0a 0d 00                    d. 2025....

000005c2 <DOT_MSG>:
     5c2:	2e 00                                               ..

000005c4 <NEWPAGE_MSG>:
     5c4:	0a 0a 0a 0a 0a 0a 0a 0a 0a 0a 0a 0a 0a 0a 0a 0d     ................
	...

000005d5 <NEWLINE_MSG>:
     5d5:	0a 0d 00                                            ...

000005d8 <FW_PN>:
     5d8:	54 4a 30 30 30 30 30 36 5f 53 57 20 2d 20 56 65     TJ000006_SW - Ve
     5e8:	72 20 30 31 00 00                                   r 01..

000005ee <__ctors_end>:
     5ee:	11 24       	eor	r1, r1
     5f0:	1f be       	out	0x3f, r1	; 63
     5f2:	cf ef       	ldi	r28, 0xFF	; 255
     5f4:	d8 e0       	ldi	r29, 0x08	; 8
     5f6:	de bf       	out	0x3e, r29	; 62
     5f8:	cd bf       	out	0x3d, r28	; 61

000005fa <__do_copy_data>:
     5fa:	12 e0       	ldi	r17, 0x02	; 2
     5fc:	a0 e0       	ldi	r26, 0x00	; 0
     5fe:	b1 e0       	ldi	r27, 0x01	; 1
     600:	e0 ed       	ldi	r30, 0xD0	; 208
     602:	fc e1       	ldi	r31, 0x1C	; 28
     604:	02 c0       	rjmp	.+4      	; 0x60a <__do_copy_data+0x10>
     606:	05 90       	lpm	r0, Z+
     608:	0d 92       	st	X+, r0
     60a:	a8 37       	cpi	r26, 0x78	; 120
     60c:	b1 07       	cpc	r27, r17
     60e:	d9 f7       	brne	.-10     	; 0x606 <__do_copy_data+0xc>

00000610 <__do_clear_bss>:
     610:	24 e0       	ldi	r18, 0x04	; 4
     612:	a8 e7       	ldi	r26, 0x78	; 120
     614:	b2 e0       	ldi	r27, 0x02	; 2
     616:	01 c0       	rjmp	.+2      	; 0x61a <.do_clear_bss_start>

00000618 <.do_clear_bss_loop>:
     618:	1d 92       	st	X+, r1

0000061a <.do_clear_bss_start>:
     61a:	ab 35       	cpi	r26, 0x5B	; 91
     61c:	b2 07       	cpc	r27, r18
     61e:	e1 f7       	brne	.-8      	; 0x618 <.do_clear_bss_loop>
     620:	0e 94 fc 04 	call	0x9f8	; 0x9f8 <main>
     624:	0c 94 66 0e 	jmp	0x1ccc	; 0x1ccc <_exit>

00000628 <__bad_interrupt>:
     628:	0c 94 00 00 	jmp	0	; 0x0 <__vectors>

0000062c <ASC_Init_asci>:
     62c:	10 92 39 03 	sts	0x0339, r1	; 0x800339 <rx_ip_pos>
     630:	10 92 38 03 	sts	0x0338, r1	; 0x800338 <rx_op_pos>
     634:	10 92 37 03 	sts	0x0337, r1	; 0x800337 <tx_ip_pos>
     638:	10 92 36 03 	sts	0x0336, r1	; 0x800336 <tx_op_pos>
     63c:	10 92 c5 00 	sts	0x00C5, r1	; 0x8000c5 <__TEXT_REGION_LENGTH__+0x7f80c5>
     640:	87 e6       	ldi	r24, 0x67	; 103
     642:	80 93 c4 00 	sts	0x00C4, r24	; 0x8000c4 <__TEXT_REGION_LENGTH__+0x7f80c4>
     646:	86 e0       	ldi	r24, 0x06	; 6
     648:	80 93 c2 00 	sts	0x00C2, r24	; 0x8000c2 <__TEXT_REGION_LENGTH__+0x7f80c2>
     64c:	88 e9       	ldi	r24, 0x98	; 152
     64e:	80 93 c1 00 	sts	0x00C1, r24	; 0x8000c1 <__TEXT_REGION_LENGTH__+0x7f80c1>
     652:	08 95       	ret

00000654 <__vector_19>:
     654:	1f 92       	push	r1
     656:	0f 92       	push	r0
     658:	0f b6       	in	r0, 0x3f	; 63
     65a:	0f 92       	push	r0
     65c:	11 24       	eor	r1, r1
     65e:	8f 93       	push	r24
     660:	9f 93       	push	r25
     662:	ef 93       	push	r30
     664:	ff 93       	push	r31
     666:	90 91 37 03 	lds	r25, 0x0337	; 0x800337 <tx_ip_pos>
     66a:	80 91 36 03 	lds	r24, 0x0336	; 0x800336 <tx_op_pos>
     66e:	98 13       	cpse	r25, r24
     670:	06 c0       	rjmp	.+12     	; 0x67e <__vector_19+0x2a>
     672:	80 91 c1 00 	lds	r24, 0x00C1	; 0x8000c1 <__TEXT_REGION_LENGTH__+0x7f80c1>
     676:	8f 7d       	andi	r24, 0xDF	; 223
     678:	80 93 c1 00 	sts	0x00C1, r24	; 0x8000c1 <__TEXT_REGION_LENGTH__+0x7f80c1>
     67c:	11 c0       	rjmp	.+34     	; 0x6a0 <__vector_19+0x4c>
     67e:	e0 91 36 03 	lds	r30, 0x0336	; 0x800336 <tx_op_pos>
     682:	f0 e0       	ldi	r31, 0x00	; 0
     684:	ee 57       	subi	r30, 0x7E	; 126
     686:	fd 4f       	sbci	r31, 0xFD	; 253
     688:	80 81       	ld	r24, Z
     68a:	80 93 c6 00 	sts	0x00C6, r24	; 0x8000c6 <__TEXT_REGION_LENGTH__+0x7f80c6>
     68e:	80 91 36 03 	lds	r24, 0x0336	; 0x800336 <tx_op_pos>
     692:	8f 5f       	subi	r24, 0xFF	; 255
     694:	80 93 36 03 	sts	0x0336, r24	; 0x800336 <tx_op_pos>
     698:	84 3b       	cpi	r24, 0xB4	; 180
     69a:	10 f0       	brcs	.+4      	; 0x6a0 <__vector_19+0x4c>
     69c:	10 92 36 03 	sts	0x0336, r1	; 0x800336 <tx_op_pos>
     6a0:	ff 91       	pop	r31
     6a2:	ef 91       	pop	r30
     6a4:	9f 91       	pop	r25
     6a6:	8f 91       	pop	r24
     6a8:	0f 90       	pop	r0
     6aa:	0f be       	out	0x3f, r0	; 63
     6ac:	0f 90       	pop	r0
     6ae:	1f 90       	pop	r1
     6b0:	18 95       	reti

000006b2 <ASC_Get_asci_tx_space>:
     6b2:	f8 94       	cli
     6b4:	20 91 37 03 	lds	r18, 0x0337	; 0x800337 <tx_ip_pos>
     6b8:	30 e0       	ldi	r19, 0x00	; 0
     6ba:	80 91 36 03 	lds	r24, 0x0336	; 0x800336 <tx_op_pos>
     6be:	78 94       	sei
     6c0:	48 2f       	mov	r20, r24
     6c2:	50 e0       	ldi	r21, 0x00	; 0
     6c4:	24 17       	cp	r18, r20
     6c6:	35 07       	cpc	r19, r21
     6c8:	10 f4       	brcc	.+4      	; 0x6ce <ASC_Get_asci_tx_space+0x1c>
     6ca:	2c 54       	subi	r18, 0x4C	; 76
     6cc:	3f 4f       	sbci	r19, 0xFF	; 255
     6ce:	8d 54       	subi	r24, 0x4D	; 77
     6d0:	82 1b       	sub	r24, r18
     6d2:	08 95       	ret

000006d4 <ASC_Asci_tx>:
     6d4:	1f 93       	push	r17
     6d6:	cf 93       	push	r28
     6d8:	df 93       	push	r29
     6da:	d8 2f       	mov	r29, r24
     6dc:	19 2f       	mov	r17, r25
     6de:	c6 2f       	mov	r28, r22
     6e0:	0e 94 59 03 	call	0x6b2	; 0x6b2 <ASC_Get_asci_tx_space>
     6e4:	8c 17       	cp	r24, r28
     6e6:	e0 f3       	brcs	.-8      	; 0x6e0 <ASC_Asci_tx+0xc>
     6e8:	80 91 37 03 	lds	r24, 0x0337	; 0x800337 <tx_ip_pos>
     6ec:	2d 2f       	mov	r18, r29
     6ee:	ed 2f       	mov	r30, r29
     6f0:	f1 2f       	mov	r31, r17
     6f2:	9e 2f       	mov	r25, r30
     6f4:	92 1b       	sub	r25, r18
     6f6:	9c 17       	cp	r25, r28
     6f8:	58 f4       	brcc	.+22     	; 0x710 <ASC_Asci_tx+0x3c>
     6fa:	91 91       	ld	r25, Z+
     6fc:	a8 2f       	mov	r26, r24
     6fe:	b0 e0       	ldi	r27, 0x00	; 0
     700:	ae 57       	subi	r26, 0x7E	; 126
     702:	bd 4f       	sbci	r27, 0xFD	; 253
     704:	9c 93       	st	X, r25
     706:	8f 5f       	subi	r24, 0xFF	; 255
     708:	84 3b       	cpi	r24, 0xB4	; 180
     70a:	98 f3       	brcs	.-26     	; 0x6f2 <ASC_Asci_tx+0x1e>
     70c:	80 e0       	ldi	r24, 0x00	; 0
     70e:	f1 cf       	rjmp	.-30     	; 0x6f2 <ASC_Asci_tx+0x1e>
     710:	f8 94       	cli
     712:	80 93 37 03 	sts	0x0337, r24	; 0x800337 <tx_ip_pos>
     716:	80 91 c1 00 	lds	r24, 0x00C1	; 0x8000c1 <__TEXT_REGION_LENGTH__+0x7f80c1>
     71a:	85 fd       	sbrc	r24, 5
     71c:	16 c0       	rjmp	.+44     	; 0x74a <ASC_Asci_tx+0x76>
     71e:	e0 91 36 03 	lds	r30, 0x0336	; 0x800336 <tx_op_pos>
     722:	f0 e0       	ldi	r31, 0x00	; 0
     724:	ee 57       	subi	r30, 0x7E	; 126
     726:	fd 4f       	sbci	r31, 0xFD	; 253
     728:	80 81       	ld	r24, Z
     72a:	80 93 c6 00 	sts	0x00C6, r24	; 0x8000c6 <__TEXT_REGION_LENGTH__+0x7f80c6>
     72e:	80 91 36 03 	lds	r24, 0x0336	; 0x800336 <tx_op_pos>
     732:	8f 5f       	subi	r24, 0xFF	; 255
     734:	80 93 36 03 	sts	0x0336, r24	; 0x800336 <tx_op_pos>
     738:	84 3b       	cpi	r24, 0xB4	; 180
     73a:	10 f0       	brcs	.+4      	; 0x740 <ASC_Asci_tx+0x6c>
     73c:	10 92 36 03 	sts	0x0336, r1	; 0x800336 <tx_op_pos>
     740:	80 91 c1 00 	lds	r24, 0x00C1	; 0x8000c1 <__TEXT_REGION_LENGTH__+0x7f80c1>
     744:	80 62       	ori	r24, 0x20	; 32
     746:	80 93 c1 00 	sts	0x00C1, r24	; 0x8000c1 <__TEXT_REGION_LENGTH__+0x7f80c1>
     74a:	78 94       	sei
     74c:	84 e0       	ldi	r24, 0x04	; 4
     74e:	df 91       	pop	r29
     750:	cf 91       	pop	r28
     752:	1f 91       	pop	r17
     754:	08 95       	ret

00000756 <ASC_Asci_msg>:
     756:	cf 93       	push	r28
     758:	df 93       	push	r29
     75a:	fc 01       	movw	r30, r24
     75c:	01 90       	ld	r0, Z+
     75e:	00 20       	and	r0, r0
     760:	e9 f7       	brne	.-6      	; 0x75c <ASC_Asci_msg+0x6>
     762:	31 97       	sbiw	r30, 0x01	; 1
     764:	ef 01       	movw	r28, r30
     766:	c8 1b       	sub	r28, r24
     768:	d9 0b       	sbc	r29, r25
     76a:	6c 2f       	mov	r22, r28
     76c:	0e 94 6a 03 	call	0x6d4	; 0x6d4 <ASC_Asci_tx>
     770:	84 30       	cpi	r24, 0x04	; 4
     772:	11 f4       	brne	.+4      	; 0x778 <ASC_Asci_msg+0x22>
     774:	8c 2f       	mov	r24, r28
     776:	01 c0       	rjmp	.+2      	; 0x77a <ASC_Asci_msg+0x24>
     778:	80 e0       	ldi	r24, 0x00	; 0
     77a:	df 91       	pop	r29
     77c:	cf 91       	pop	r28
     77e:	08 95       	ret

00000780 <ASC_err>:
     780:	cf 93       	push	r28
     782:	c8 2f       	mov	r28, r24
     784:	10 92 c1 00 	sts	0x00C1, r1	; 0x8000c1 <__TEXT_REGION_LENGTH__+0x7f80c1>
     788:	0e 94 16 03 	call	0x62c	; 0x62c <ASC_Init_asci>
     78c:	ec 2f       	mov	r30, r28
     78e:	f0 e0       	ldi	r31, 0x00	; 0
     790:	ee 0f       	add	r30, r30
     792:	ff 1f       	adc	r31, r31
     794:	e0 50       	subi	r30, 0x00	; 0
     796:	ff 4f       	sbci	r31, 0xFF	; 255
     798:	81 81       	ldd	r24, Z+1	; 0x01
     79a:	8f 93       	push	r24
     79c:	80 81       	ld	r24, Z
     79e:	8f 93       	push	r24
     7a0:	88 e0       	ldi	r24, 0x08	; 8
     7a2:	91 e0       	ldi	r25, 0x01	; 1
     7a4:	9f 93       	push	r25
     7a6:	8f 93       	push	r24
     7a8:	84 e7       	ldi	r24, 0x74	; 116
     7aa:	93 e0       	ldi	r25, 0x03	; 3
     7ac:	9f 93       	push	r25
     7ae:	8f 93       	push	r24
     7b0:	0e 94 7c 0b 	call	0x16f8	; 0x16f8 <sprintf>
     7b4:	0f 90       	pop	r0
     7b6:	0f 90       	pop	r0
     7b8:	0f 90       	pop	r0
     7ba:	0f 90       	pop	r0
     7bc:	0f 90       	pop	r0
     7be:	0f 90       	pop	r0
     7c0:	84 e7       	ldi	r24, 0x74	; 116
     7c2:	93 e0       	ldi	r25, 0x03	; 3
     7c4:	cf 91       	pop	r28
     7c6:	0c 94 ab 03 	jmp	0x756	; 0x756 <ASC_Asci_msg>

000007ca <ASC_Asci_tx_empty>:
     7ca:	20 91 37 03 	lds	r18, 0x0337	; 0x800337 <tx_ip_pos>
     7ce:	90 91 36 03 	lds	r25, 0x0336	; 0x800336 <tx_op_pos>
     7d2:	81 e0       	ldi	r24, 0x01	; 1
     7d4:	29 13       	cpse	r18, r25
     7d6:	80 e0       	ldi	r24, 0x00	; 0
     7d8:	08 95       	ret

000007da <__vector_18>:
     7da:	1f 92       	push	r1
     7dc:	0f 92       	push	r0
     7de:	0f b6       	in	r0, 0x3f	; 63
     7e0:	0f 92       	push	r0
     7e2:	11 24       	eor	r1, r1
     7e4:	2f 93       	push	r18
     7e6:	3f 93       	push	r19
     7e8:	4f 93       	push	r20
     7ea:	5f 93       	push	r21
     7ec:	6f 93       	push	r22
     7ee:	7f 93       	push	r23
     7f0:	8f 93       	push	r24
     7f2:	9f 93       	push	r25
     7f4:	af 93       	push	r26
     7f6:	bf 93       	push	r27
     7f8:	ef 93       	push	r30
     7fa:	ff 93       	push	r31
     7fc:	90 91 c0 00 	lds	r25, 0x00C0	; 0x8000c0 <__TEXT_REGION_LENGTH__+0x7f80c0>
     800:	80 91 c6 00 	lds	r24, 0x00C6	; 0x8000c6 <__TEXT_REGION_LENGTH__+0x7f80c6>
     804:	e0 91 39 03 	lds	r30, 0x0339	; 0x800339 <rx_ip_pos>
     808:	f0 e0       	ldi	r31, 0x00	; 0
     80a:	e8 58       	subi	r30, 0x88	; 136
     80c:	fd 4f       	sbci	r31, 0xFD	; 253
     80e:	80 83       	st	Z, r24
     810:	80 91 39 03 	lds	r24, 0x0339	; 0x800339 <rx_ip_pos>
     814:	8f 5f       	subi	r24, 0xFF	; 255
     816:	80 93 39 03 	sts	0x0339, r24	; 0x800339 <rx_ip_pos>
     81a:	8a 30       	cpi	r24, 0x0A	; 10
     81c:	10 f0       	brcs	.+4      	; 0x822 <__DATA_REGION_LENGTH__+0x22>
     81e:	10 92 39 03 	sts	0x0339, r1	; 0x800339 <rx_ip_pos>
     822:	89 2f       	mov	r24, r25
     824:	8c 71       	andi	r24, 0x1C	; 28
     826:	59 f0       	breq	.+22     	; 0x83e <__DATA_REGION_LENGTH__+0x3e>
     828:	94 ff       	sbrs	r25, 4
     82a:	02 c0       	rjmp	.+4      	; 0x830 <__DATA_REGION_LENGTH__+0x30>
     82c:	80 e0       	ldi	r24, 0x00	; 0
     82e:	05 c0       	rjmp	.+10     	; 0x83a <__DATA_REGION_LENGTH__+0x3a>
     830:	93 ff       	sbrs	r25, 3
     832:	02 c0       	rjmp	.+4      	; 0x838 <__DATA_REGION_LENGTH__+0x38>
     834:	81 e0       	ldi	r24, 0x01	; 1
     836:	01 c0       	rjmp	.+2      	; 0x83a <__DATA_REGION_LENGTH__+0x3a>
     838:	82 e0       	ldi	r24, 0x02	; 2
     83a:	0e 94 c0 03 	call	0x780	; 0x780 <ASC_err>
     83e:	ff 91       	pop	r31
     840:	ef 91       	pop	r30
     842:	bf 91       	pop	r27
     844:	af 91       	pop	r26
     846:	9f 91       	pop	r25
     848:	8f 91       	pop	r24
     84a:	7f 91       	pop	r23
     84c:	6f 91       	pop	r22
     84e:	5f 91       	pop	r21
     850:	4f 91       	pop	r20
     852:	3f 91       	pop	r19
     854:	2f 91       	pop	r18
     856:	0f 90       	pop	r0
     858:	0f be       	out	0x3f, r0	; 63
     85a:	0f 90       	pop	r0
     85c:	1f 90       	pop	r1
     85e:	18 95       	reti

00000860 <ASC_Asci_getchar>:
     860:	30 91 39 03 	lds	r19, 0x0339	; 0x800339 <rx_ip_pos>
     864:	20 91 38 03 	lds	r18, 0x0338	; 0x800338 <rx_op_pos>
     868:	32 17       	cp	r19, r18
     86a:	a9 f0       	breq	.+42     	; 0x896 <ASC_Asci_getchar+0x36>
     86c:	f8 94       	cli
     86e:	e0 91 38 03 	lds	r30, 0x0338	; 0x800338 <rx_op_pos>
     872:	f0 e0       	ldi	r31, 0x00	; 0
     874:	e8 58       	subi	r30, 0x88	; 136
     876:	fd 4f       	sbci	r31, 0xFD	; 253
     878:	20 81       	ld	r18, Z
     87a:	fc 01       	movw	r30, r24
     87c:	20 83       	st	Z, r18
     87e:	80 91 38 03 	lds	r24, 0x0338	; 0x800338 <rx_op_pos>
     882:	8f 5f       	subi	r24, 0xFF	; 255
     884:	80 93 38 03 	sts	0x0338, r24	; 0x800338 <rx_op_pos>
     888:	8a 30       	cpi	r24, 0x0A	; 10
     88a:	10 f0       	brcs	.+4      	; 0x890 <ASC_Asci_getchar+0x30>
     88c:	10 92 38 03 	sts	0x0338, r1	; 0x800338 <rx_op_pos>
     890:	78 94       	sei
     892:	84 e0       	ldi	r24, 0x04	; 4
     894:	08 95       	ret
     896:	80 e0       	ldi	r24, 0x00	; 0
     898:	08 95       	ret

0000089a <I2C_WaitForComplete>:
     89a:	cf 93       	push	r28
     89c:	df 93       	push	r29
     89e:	1f 92       	push	r1
     8a0:	cd b7       	in	r28, 0x3d	; 61
     8a2:	de b7       	in	r29, 0x3e	; 62
     8a4:	8f ef       	ldi	r24, 0xFF	; 255
     8a6:	9f ef       	ldi	r25, 0xFF	; 255
     8a8:	20 91 bc 00 	lds	r18, 0x00BC	; 0x8000bc <__TEXT_REGION_LENGTH__+0x7f80bc>
     8ac:	29 83       	std	Y+1, r18	; 0x01
     8ae:	29 81       	ldd	r18, Y+1	; 0x01
     8b0:	27 fd       	sbrc	r18, 7
     8b2:	02 c0       	rjmp	.+4      	; 0x8b8 <I2C_WaitForComplete+0x1e>
     8b4:	01 97       	sbiw	r24, 0x01	; 1
     8b6:	c1 f7       	brne	.-16     	; 0x8a8 <I2C_WaitForComplete+0xe>
     8b8:	0f 90       	pop	r0
     8ba:	df 91       	pop	r29
     8bc:	cf 91       	pop	r28
     8be:	08 95       	ret

000008c0 <I2C_Init>:
     8c0:	8c e0       	ldi	r24, 0x0C	; 12
     8c2:	80 93 b8 00 	sts	0x00B8, r24	; 0x8000b8 <__TEXT_REGION_LENGTH__+0x7f80b8>
     8c6:	ec eb       	ldi	r30, 0xBC	; 188
     8c8:	f0 e0       	ldi	r31, 0x00	; 0
     8ca:	80 81       	ld	r24, Z
     8cc:	84 60       	ori	r24, 0x04	; 4
     8ce:	80 83       	st	Z, r24
     8d0:	08 95       	ret

000008d2 <I2C_Write>:
     8d2:	ff 92       	push	r15
     8d4:	0f 93       	push	r16
     8d6:	1f 93       	push	r17
     8d8:	cf 93       	push	r28
     8da:	df 93       	push	r29
     8dc:	c8 2f       	mov	r28, r24
     8de:	16 2f       	mov	r17, r22
     8e0:	f4 2e       	mov	r15, r20
     8e2:	05 2f       	mov	r16, r21
     8e4:	84 ea       	ldi	r24, 0xA4	; 164
     8e6:	80 93 bc 00 	sts	0x00BC, r24	; 0x8000bc <__TEXT_REGION_LENGTH__+0x7f80bc>
     8ea:	0e 94 4d 04 	call	0x89a	; 0x89a <I2C_WaitForComplete>
     8ee:	cc 0f       	add	r28, r28
     8f0:	c0 93 bb 00 	sts	0x00BB, r28	; 0x8000bb <__TEXT_REGION_LENGTH__+0x7f80bb>
     8f4:	84 e8       	ldi	r24, 0x84	; 132
     8f6:	80 93 bc 00 	sts	0x00BC, r24	; 0x8000bc <__TEXT_REGION_LENGTH__+0x7f80bc>
     8fa:	0e 94 4d 04 	call	0x89a	; 0x89a <I2C_WaitForComplete>
     8fe:	cf 2d       	mov	r28, r15
     900:	d0 2f       	mov	r29, r16
     902:	ce 01       	movw	r24, r28
     904:	81 0f       	add	r24, r17
     906:	91 1d       	adc	r25, r1
     908:	8c 01       	movw	r16, r24
     90a:	84 e8       	ldi	r24, 0x84	; 132
     90c:	f8 2e       	mov	r15, r24
     90e:	c0 17       	cp	r28, r16
     910:	d1 07       	cpc	r29, r17
     912:	41 f0       	breq	.+16     	; 0x924 <__stack+0x25>
     914:	89 91       	ld	r24, Y+
     916:	80 93 bb 00 	sts	0x00BB, r24	; 0x8000bb <__TEXT_REGION_LENGTH__+0x7f80bb>
     91a:	f0 92 bc 00 	sts	0x00BC, r15	; 0x8000bc <__TEXT_REGION_LENGTH__+0x7f80bc>
     91e:	0e 94 4d 04 	call	0x89a	; 0x89a <I2C_WaitForComplete>
     922:	f5 cf       	rjmp	.-22     	; 0x90e <__stack+0xf>
     924:	80 91 b9 00 	lds	r24, 0x00B9	; 0x8000b9 <__TEXT_REGION_LENGTH__+0x7f80b9>
     928:	94 e9       	ldi	r25, 0x94	; 148
     92a:	90 93 bc 00 	sts	0x00BC, r25	; 0x8000bc <__TEXT_REGION_LENGTH__+0x7f80bc>
     92e:	df 91       	pop	r29
     930:	cf 91       	pop	r28
     932:	1f 91       	pop	r17
     934:	0f 91       	pop	r16
     936:	ff 90       	pop	r15
     938:	08 95       	ret

0000093a <I2C_Read>:
     93a:	af 92       	push	r10
     93c:	bf 92       	push	r11
     93e:	cf 92       	push	r12
     940:	df 92       	push	r13
     942:	ef 92       	push	r14
     944:	ff 92       	push	r15
     946:	0f 93       	push	r16
     948:	1f 93       	push	r17
     94a:	cf 93       	push	r28
     94c:	df 93       	push	r29
     94e:	c8 2f       	mov	r28, r24
     950:	06 2f       	mov	r16, r22
     952:	f4 2e       	mov	r15, r20
     954:	15 2f       	mov	r17, r21
     956:	84 ea       	ldi	r24, 0xA4	; 164
     958:	80 93 bc 00 	sts	0x00BC, r24	; 0x8000bc <__TEXT_REGION_LENGTH__+0x7f80bc>
     95c:	0e 94 4d 04 	call	0x89a	; 0x89a <I2C_WaitForComplete>
     960:	cc 0f       	add	r28, r28
     962:	c1 60       	ori	r28, 0x01	; 1
     964:	c0 93 bb 00 	sts	0x00BB, r28	; 0x8000bb <__TEXT_REGION_LENGTH__+0x7f80bb>
     968:	84 e8       	ldi	r24, 0x84	; 132
     96a:	80 93 bc 00 	sts	0x00BC, r24	; 0x8000bc <__TEXT_REGION_LENGTH__+0x7f80bc>
     96e:	0e 94 4d 04 	call	0x89a	; 0x89a <I2C_WaitForComplete>
     972:	cf 2d       	mov	r28, r15
     974:	d1 2f       	mov	r29, r17
     976:	10 e0       	ldi	r17, 0x00	; 0
     978:	e1 2c       	mov	r14, r1
     97a:	f1 2c       	mov	r15, r1
     97c:	68 01       	movw	r12, r16
     97e:	81 e0       	ldi	r24, 0x01	; 1
     980:	c8 1a       	sub	r12, r24
     982:	d1 08       	sbc	r13, r1
     984:	84 ec       	ldi	r24, 0xC4	; 196
     986:	b8 2e       	mov	r11, r24
     988:	94 e8       	ldi	r25, 0x84	; 132
     98a:	a9 2e       	mov	r10, r25
     98c:	e0 16       	cp	r14, r16
     98e:	f1 06       	cpc	r15, r17
     990:	91 f0       	breq	.+36     	; 0x9b6 <I2C_Read+0x7c>
     992:	ce 14       	cp	r12, r14
     994:	df 04       	cpc	r13, r15
     996:	19 f4       	brne	.+6      	; 0x99e <I2C_Read+0x64>
     998:	a0 92 bc 00 	sts	0x00BC, r10	; 0x8000bc <__TEXT_REGION_LENGTH__+0x7f80bc>
     99c:	02 c0       	rjmp	.+4      	; 0x9a2 <I2C_Read+0x68>
     99e:	b0 92 bc 00 	sts	0x00BC, r11	; 0x8000bc <__TEXT_REGION_LENGTH__+0x7f80bc>
     9a2:	0e 94 4d 04 	call	0x89a	; 0x89a <I2C_WaitForComplete>
     9a6:	80 91 bb 00 	lds	r24, 0x00BB	; 0x8000bb <__TEXT_REGION_LENGTH__+0x7f80bb>
     9aa:	88 83       	st	Y, r24
     9ac:	8f ef       	ldi	r24, 0xFF	; 255
     9ae:	e8 1a       	sub	r14, r24
     9b0:	f8 0a       	sbc	r15, r24
     9b2:	21 96       	adiw	r28, 0x01	; 1
     9b4:	eb cf       	rjmp	.-42     	; 0x98c <I2C_Read+0x52>
     9b6:	84 e9       	ldi	r24, 0x94	; 148
     9b8:	80 93 bc 00 	sts	0x00BC, r24	; 0x8000bc <__TEXT_REGION_LENGTH__+0x7f80bc>
     9bc:	df 91       	pop	r29
     9be:	cf 91       	pop	r28
     9c0:	1f 91       	pop	r17
     9c2:	0f 91       	pop	r16
     9c4:	ff 90       	pop	r15
     9c6:	ef 90       	pop	r14
     9c8:	df 90       	pop	r13
     9ca:	cf 90       	pop	r12
     9cc:	bf 90       	pop	r11
     9ce:	af 90       	pop	r10
     9d0:	08 95       	ret

000009d2 <MAI_Set_power>:
     9d2:	81 30       	cpi	r24, 0x01	; 1
     9d4:	11 f4       	brne	.+4      	; 0x9da <MAI_Set_power+0x8>
     9d6:	28 9a       	sbi	0x05, 0	; 5
     9d8:	08 95       	ret
     9da:	28 98       	cbi	0x05, 0	; 5
     9dc:	08 95       	ret

000009de <InitIO>:
     9de:	52 9a       	sbi	0x0a, 2	; 10
     9e0:	5a 98       	cbi	0x0b, 2	; 11
     9e2:	5a 9a       	sbi	0x0b, 2	; 11
     9e4:	5a 98       	cbi	0x0b, 2	; 11
     9e6:	5a 9a       	sbi	0x0b, 2	; 11
     9e8:	5a 98       	cbi	0x0b, 2	; 11
     9ea:	5a 9a       	sbi	0x0b, 2	; 11
     9ec:	5a 98       	cbi	0x0b, 2	; 11
     9ee:	20 9a       	sbi	0x04, 0	; 4
     9f0:	80 e0       	ldi	r24, 0x00	; 0
     9f2:	90 e0       	ldi	r25, 0x00	; 0
     9f4:	0c 94 e9 04 	jmp	0x9d2	; 0x9d2 <MAI_Set_power>

000009f8 <main>:
     9f8:	0e 94 ef 04 	call	0x9de	; 0x9de <InitIO>
     9fc:	0e 94 16 03 	call	0x62c	; 0x62c <ASC_Init_asci>
     a00:	0e 94 0b 0b 	call	0x1616	; 0x1616 <TIM_Init_timer>
     a04:	0e 94 af 0a 	call	0x155e	; 0x155e <MEN_Init>
     a08:	0e 94 d8 0a 	call	0x15b0	; 0x15b0 <MEN_bkproc>
     a0c:	fd cf       	rjmp	.-6      	; 0xa08 <main+0x10>

00000a0e <Eeprom_read>:
     a0e:	ef 92       	push	r14
     a10:	ff 92       	push	r15
     a12:	0f 93       	push	r16
     a14:	1f 93       	push	r17
     a16:	cf 93       	push	r28
     a18:	df 93       	push	r29
     a1a:	7a 01       	movw	r14, r20
     a1c:	e9 01       	movw	r28, r18
     a1e:	6f 3f       	cpi	r22, 0xFF	; 255
     a20:	71 05       	cpc	r23, r1
     a22:	11 f0       	breq	.+4      	; 0xa28 <Eeprom_read+0x1a>
     a24:	08 f0       	brcs	.+2      	; 0xa28 <Eeprom_read+0x1a>
     a26:	8f 5f       	subi	r24, 0xFF	; 255
     a28:	68 83       	st	Y, r22
     a2a:	08 2f       	mov	r16, r24
     a2c:	10 e0       	ldi	r17, 0x00	; 0
     a2e:	ae 01       	movw	r20, r28
     a30:	61 e0       	ldi	r22, 0x01	; 1
     a32:	70 e0       	ldi	r23, 0x00	; 0
     a34:	c8 01       	movw	r24, r16
     a36:	0e 94 69 04 	call	0x8d2	; 0x8d2 <I2C_Write>
     a3a:	88 97       	sbiw	r24, 0x28	; 40
     a3c:	c1 f7       	brne	.-16     	; 0xa2e <Eeprom_read+0x20>
     a3e:	21 96       	adiw	r28, 0x01	; 1
     a40:	ae 01       	movw	r20, r28
     a42:	b7 01       	movw	r22, r14
     a44:	c8 01       	movw	r24, r16
     a46:	0e 94 9d 04 	call	0x93a	; 0x93a <I2C_Read>
     a4a:	ce 01       	movw	r24, r28
     a4c:	df 91       	pop	r29
     a4e:	cf 91       	pop	r28
     a50:	1f 91       	pop	r17
     a52:	0f 91       	pop	r16
     a54:	ff 90       	pop	r15
     a56:	ef 90       	pop	r14
     a58:	08 95       	ret

00000a5a <Start_eeprom_prog>:
     a5a:	cf 93       	push	r28
     a5c:	84 ec       	ldi	r24, 0xC4	; 196
     a5e:	95 e0       	ldi	r25, 0x05	; 5
     a60:	0e 94 fe 0a 	call	0x15fc	; 0x15fc <ROM_Read_romstr>
     a64:	0e 94 ab 03 	call	0x756	; 0x756 <ASC_Asci_msg>
     a68:	8b e3       	ldi	r24, 0x3B	; 59
     a6a:	93 e0       	ldi	r25, 0x03	; 3
     a6c:	9f 93       	push	r25
     a6e:	8f 93       	push	r24
     a70:	88 e4       	ldi	r24, 0x48	; 72
     a72:	93 e0       	ldi	r25, 0x03	; 3
     a74:	9f 93       	push	r25
     a76:	8f 93       	push	r24
     a78:	86 e8       	ldi	r24, 0x86	; 134
     a7a:	91 e0       	ldi	r25, 0x01	; 1
     a7c:	9f 93       	push	r25
     a7e:	8f 93       	push	r24
     a80:	84 e7       	ldi	r24, 0x74	; 116
     a82:	93 e0       	ldi	r25, 0x03	; 3
     a84:	9f 93       	push	r25
     a86:	8f 93       	push	r24
     a88:	0e 94 7c 0b 	call	0x16f8	; 0x16f8 <sprintf>
     a8c:	84 e7       	ldi	r24, 0x74	; 116
     a8e:	93 e0       	ldi	r25, 0x03	; 3
     a90:	0e 94 ab 03 	call	0x756	; 0x756 <ASC_Asci_msg>
     a94:	81 e0       	ldi	r24, 0x01	; 1
     a96:	0e 94 e9 04 	call	0x9d2	; 0x9d2 <MAI_Set_power>
     a9a:	8d b7       	in	r24, 0x3d	; 61
     a9c:	9e b7       	in	r25, 0x3e	; 62
     a9e:	08 96       	adiw	r24, 0x08	; 8
     aa0:	0f b6       	in	r0, 0x3f	; 63
     aa2:	f8 94       	cli
     aa4:	9e bf       	out	0x3e, r25	; 62
     aa6:	0f be       	out	0x3f, r0	; 63
     aa8:	8d bf       	out	0x3d, r24	; 61
     aaa:	ca e0       	ldi	r28, 0x0A	; 10
     aac:	82 ec       	ldi	r24, 0xC2	; 194
     aae:	95 e0       	ldi	r25, 0x05	; 5
     ab0:	0e 94 fe 0a 	call	0x15fc	; 0x15fc <ROM_Read_romstr>
     ab4:	0e 94 ab 03 	call	0x756	; 0x756 <ASC_Asci_msg>
     ab8:	88 ec       	ldi	r24, 0xC8	; 200
     aba:	90 e0       	ldi	r25, 0x00	; 0
     abc:	0e 94 16 0b 	call	0x162c	; 0x162c <TIM_Delay>
     ac0:	0e 94 33 0b 	call	0x1666	; 0x1666 <TIM_Get_delay_flag>
     ac4:	88 23       	and	r24, r24
     ac6:	e1 f3       	breq	.-8      	; 0xac0 <Start_eeprom_prog+0x66>
     ac8:	c1 50       	subi	r28, 0x01	; 1
     aca:	81 f7       	brne	.-32     	; 0xaac <Start_eeprom_prog+0x52>
     acc:	80 e0       	ldi	r24, 0x00	; 0
     ace:	0e 94 e9 04 	call	0x9d2	; 0x9d2 <MAI_Set_power>
     ad2:	84 ec       	ldi	r24, 0xC4	; 196
     ad4:	95 e0       	ldi	r25, 0x05	; 5
     ad6:	0e 94 fe 0a 	call	0x15fc	; 0x15fc <ROM_Read_romstr>
     ada:	0e 94 ab 03 	call	0x756	; 0x756 <ASC_Asci_msg>
     ade:	88 e1       	ldi	r24, 0x18	; 24
     ae0:	92 e0       	ldi	r25, 0x02	; 2
     ae2:	0e 94 fe 0a 	call	0x15fc	; 0x15fc <ROM_Read_romstr>
     ae6:	0e 94 ab 03 	call	0x756	; 0x756 <ASC_Asci_msg>
     aea:	10 92 53 03 	sts	0x0353, r1	; 0x800353 <user_ip_buf_ix>
     aee:	84 e0       	ldi	r24, 0x04	; 4
     af0:	80 93 52 03 	sts	0x0352, r24	; 0x800352 <user_ip_max_chars>
     af4:	88 e2       	ldi	r24, 0x28	; 40
     af6:	93 e0       	ldi	r25, 0x03	; 3
     af8:	90 93 6a 03 	sts	0x036A, r25	; 0x80036a <MEN_MSG_PTR+0x1>
     afc:	80 93 69 03 	sts	0x0369, r24	; 0x800369 <MEN_MSG_PTR>
     b00:	8f eb       	ldi	r24, 0xBF	; 191
     b02:	96 e0       	ldi	r25, 0x06	; 6
     b04:	90 93 6c 03 	sts	0x036C, r25	; 0x80036c <next_cmd_func+0x1>
     b08:	80 93 6b 03 	sts	0x036B, r24	; 0x80036b <next_cmd_func>
     b0c:	8e e8       	ldi	r24, 0x8E	; 142
     b0e:	95 e0       	ldi	r25, 0x05	; 5
     b10:	90 93 6e 03 	sts	0x036E, r25	; 0x80036e <cmd_bk_func+0x1>
     b14:	80 93 6d 03 	sts	0x036D, r24	; 0x80036d <cmd_bk_func>
     b18:	cf 91       	pop	r28
     b1a:	08 95       	ret

00000b1c <Test_msg_func>:
     b1c:	cf 93       	push	r28
     b1e:	df 93       	push	r29
     b20:	80 91 69 03 	lds	r24, 0x0369	; 0x800369 <MEN_MSG_PTR>
     b24:	90 91 6a 03 	lds	r25, 0x036A	; 0x80036a <MEN_MSG_PTR+0x1>
     b28:	00 97       	sbiw	r24, 0x00	; 0
     b2a:	71 f1       	breq	.+92     	; 0xb88 <Test_msg_func+0x6c>
     b2c:	0e 94 f2 0a 	call	0x15e4	; 0x15e4 <ROM_Romstrlen>
     b30:	ec 01       	movw	r28, r24
     b32:	83 3b       	cpi	r24, 0xB3	; 179
     b34:	91 05       	cpc	r25, r1
     b36:	10 f0       	brcs	.+4      	; 0xb3c <Test_msg_func+0x20>
     b38:	c2 eb       	ldi	r28, 0xB2	; 178
     b3a:	d0 e0       	ldi	r29, 0x00	; 0
     b3c:	0e 94 59 03 	call	0x6b2	; 0x6b2 <ASC_Get_asci_tx_space>
     b40:	90 e0       	ldi	r25, 0x00	; 0
     b42:	8c 17       	cp	r24, r28
     b44:	9d 07       	cpc	r25, r29
     b46:	d0 f3       	brcs	.-12     	; 0xb3c <Test_msg_func+0x20>
     b48:	be 01       	movw	r22, r28
     b4a:	80 91 69 03 	lds	r24, 0x0369	; 0x800369 <MEN_MSG_PTR>
     b4e:	90 91 6a 03 	lds	r25, 0x036A	; 0x80036a <MEN_MSG_PTR+0x1>
     b52:	0e 94 e0 0a 	call	0x15c0	; 0x15c0 <ROM_Read_romdata>
     b56:	20 91 69 03 	lds	r18, 0x0369	; 0x800369 <MEN_MSG_PTR>
     b5a:	30 91 6a 03 	lds	r19, 0x036A	; 0x80036a <MEN_MSG_PTR+0x1>
     b5e:	2c 0f       	add	r18, r28
     b60:	3d 1f       	adc	r19, r29
     b62:	30 93 6a 03 	sts	0x036A, r19	; 0x80036a <MEN_MSG_PTR+0x1>
     b66:	20 93 69 03 	sts	0x0369, r18	; 0x800369 <MEN_MSG_PTR>
     b6a:	6c 2f       	mov	r22, r28
     b6c:	0e 94 6a 03 	call	0x6d4	; 0x6d4 <ASC_Asci_tx>
     b70:	e0 91 69 03 	lds	r30, 0x0369	; 0x800369 <MEN_MSG_PTR>
     b74:	f0 91 6a 03 	lds	r31, 0x036A	; 0x80036a <MEN_MSG_PTR+0x1>
     b78:	e4 91       	lpm	r30, Z
     b7a:	e1 11       	cpse	r30, r1
     b7c:	0d c0       	rjmp	.+26     	; 0xb98 <Test_msg_func+0x7c>
     b7e:	10 92 6a 03 	sts	0x036A, r1	; 0x80036a <MEN_MSG_PTR+0x1>
     b82:	10 92 69 03 	sts	0x0369, r1	; 0x800369 <MEN_MSG_PTR>
     b86:	08 c0       	rjmp	.+16     	; 0xb98 <Test_msg_func+0x7c>
     b88:	80 91 6b 03 	lds	r24, 0x036B	; 0x80036b <next_cmd_func>
     b8c:	90 91 6c 03 	lds	r25, 0x036C	; 0x80036c <next_cmd_func+0x1>
     b90:	90 93 6e 03 	sts	0x036E, r25	; 0x80036e <cmd_bk_func+0x1>
     b94:	80 93 6d 03 	sts	0x036D, r24	; 0x80036d <cmd_bk_func>
     b98:	df 91       	pop	r29
     b9a:	cf 91       	pop	r28
     b9c:	08 95       	ret

00000b9e <Eeprom_write.constprop.9>:
     b9e:	0f 93       	push	r16
     ba0:	1f 93       	push	r17
     ba2:	cf 93       	push	r28
     ba4:	df 93       	push	r29
     ba6:	8a 01       	movw	r16, r20
     ba8:	6f 3f       	cpi	r22, 0xFF	; 255
     baa:	71 05       	cpc	r23, r1
     bac:	11 f0       	breq	.+4      	; 0xbb2 <Eeprom_write.constprop.9+0x14>
     bae:	08 f0       	brcs	.+2      	; 0xbb2 <Eeprom_write.constprop.9+0x14>
     bb0:	8f 5f       	subi	r24, 0xFF	; 255
     bb2:	f8 01       	movw	r30, r16
     bb4:	60 83       	st	Z, r22
     bb6:	c8 2f       	mov	r28, r24
     bb8:	d0 e0       	ldi	r29, 0x00	; 0
     bba:	a8 01       	movw	r20, r16
     bbc:	61 e0       	ldi	r22, 0x01	; 1
     bbe:	70 e0       	ldi	r23, 0x00	; 0
     bc0:	ce 01       	movw	r24, r28
     bc2:	0e 94 69 04 	call	0x8d2	; 0x8d2 <I2C_Write>
     bc6:	88 97       	sbiw	r24, 0x28	; 40
     bc8:	c1 f7       	brne	.-16     	; 0xbba <Eeprom_write.constprop.9+0x1c>
     bca:	a8 01       	movw	r20, r16
     bcc:	62 e0       	ldi	r22, 0x02	; 2
     bce:	70 e0       	ldi	r23, 0x00	; 0
     bd0:	ce 01       	movw	r24, r28
     bd2:	df 91       	pop	r29
     bd4:	cf 91       	pop	r28
     bd6:	1f 91       	pop	r17
     bd8:	0f 91       	pop	r16
     bda:	0c 94 69 04 	jmp	0x8d2	; 0x8d2 <I2C_Write>

00000bde <Eeprom_fill>:
     bde:	7f 92       	push	r7
     be0:	8f 92       	push	r8
     be2:	9f 92       	push	r9
     be4:	af 92       	push	r10
     be6:	bf 92       	push	r11
     be8:	cf 92       	push	r12
     bea:	df 92       	push	r13
     bec:	ef 92       	push	r14
     bee:	ff 92       	push	r15
     bf0:	0f 93       	push	r16
     bf2:	1f 93       	push	r17
     bf4:	cf 93       	push	r28
     bf6:	df 93       	push	r29
     bf8:	00 d0       	rcall	.+0      	; 0xbfa <Eeprom_fill+0x1c>
     bfa:	1f 92       	push	r1
     bfc:	cd b7       	in	r28, 0x3d	; 61
     bfe:	de b7       	in	r29, 0x3e	; 62
     c00:	78 2e       	mov	r7, r24
     c02:	8a 83       	std	Y+2, r24	; 0x02
     c04:	00 e0       	ldi	r16, 0x00	; 0
     c06:	10 e0       	ldi	r17, 0x00	; 0
     c08:	e1 2c       	mov	r14, r1
     c0a:	f1 2c       	mov	r15, r1
     c0c:	90 ea       	ldi	r25, 0xA0	; 160
     c0e:	c9 2e       	mov	r12, r25
     c10:	91 e0       	ldi	r25, 0x01	; 1
     c12:	d9 2e       	mov	r13, r25
     c14:	24 e7       	ldi	r18, 0x74	; 116
     c16:	a2 2e       	mov	r10, r18
     c18:	23 e0       	ldi	r18, 0x03	; 3
     c1a:	b2 2e       	mov	r11, r18
     c1c:	48 01       	movw	r8, r16
     c1e:	89 2c       	mov	r8, r9
     c20:	99 24       	eor	r9, r9
     c22:	86 94       	lsr	r8
     c24:	0e 94 e5 03 	call	0x7ca	; 0x7ca <ASC_Asci_tx_empty>
     c28:	88 23       	and	r24, r24
     c2a:	e1 f3       	breq	.-8      	; 0xc24 <Eeprom_fill+0x46>
     c2c:	c4 01       	movw	r24, r8
     c2e:	01 96       	adiw	r24, 0x01	; 1
     c30:	9f 93       	push	r25
     c32:	8f 93       	push	r24
     c34:	8a 81       	ldd	r24, Y+2	; 0x02
     c36:	1f 92       	push	r1
     c38:	8f 93       	push	r24
     c3a:	df 92       	push	r13
     c3c:	cf 92       	push	r12
     c3e:	bf 92       	push	r11
     c40:	af 92       	push	r10
     c42:	0e 94 7c 0b 	call	0x16f8	; 0x16f8 <sprintf>
     c46:	84 e7       	ldi	r24, 0x74	; 116
     c48:	93 e0       	ldi	r25, 0x03	; 3
     c4a:	0e 94 ab 03 	call	0x756	; 0x756 <ASC_Asci_msg>
     c4e:	ae 01       	movw	r20, r28
     c50:	4f 5f       	subi	r20, 0xFF	; 255
     c52:	5f 4f       	sbci	r21, 0xFF	; 255
     c54:	b7 01       	movw	r22, r14
     c56:	80 91 3a 03 	lds	r24, 0x033A	; 0x80033a <eeprom_i2C_addr>
     c5a:	0e 94 cf 05 	call	0xb9e	; 0xb9e <Eeprom_write.constprop.9>
     c5e:	9e 01       	movw	r18, r28
     c60:	2f 5f       	subi	r18, 0xFF	; 255
     c62:	3f 4f       	sbci	r19, 0xFF	; 255
     c64:	41 e0       	ldi	r20, 0x01	; 1
     c66:	50 e0       	ldi	r21, 0x00	; 0
     c68:	b7 01       	movw	r22, r14
     c6a:	80 91 3a 03 	lds	r24, 0x033A	; 0x80033a <eeprom_i2C_addr>
     c6e:	0e 94 07 05 	call	0xa0e	; 0xa0e <Eeprom_read>
     c72:	0f b6       	in	r0, 0x3f	; 63
     c74:	f8 94       	cli
     c76:	de bf       	out	0x3e, r29	; 62
     c78:	0f be       	out	0x3f, r0	; 63
     c7a:	cd bf       	out	0x3d, r28	; 61
     c7c:	8a 81       	ldd	r24, Y+2	; 0x02
     c7e:	78 16       	cp	r7, r24
     c80:	e1 f0       	breq	.+56     	; 0xcba <Eeprom_fill+0xdc>
     c82:	0e 94 e5 03 	call	0x7ca	; 0x7ca <ASC_Asci_tx_empty>
     c86:	88 23       	and	r24, r24
     c88:	e1 f3       	breq	.-8      	; 0xc82 <Eeprom_fill+0xa4>
     c8a:	8a 81       	ldd	r24, Y+2	; 0x02
     c8c:	1f 92       	push	r1
     c8e:	8f 93       	push	r24
     c90:	8f ec       	ldi	r24, 0xCF	; 207
     c92:	91 e0       	ldi	r25, 0x01	; 1
     c94:	9f 93       	push	r25
     c96:	8f 93       	push	r24
     c98:	84 e7       	ldi	r24, 0x74	; 116
     c9a:	93 e0       	ldi	r25, 0x03	; 3
     c9c:	9f 93       	push	r25
     c9e:	8f 93       	push	r24
     ca0:	0e 94 7c 0b 	call	0x16f8	; 0x16f8 <sprintf>
     ca4:	84 e7       	ldi	r24, 0x74	; 116
     ca6:	93 e0       	ldi	r25, 0x03	; 3
     ca8:	0e 94 ab 03 	call	0x756	; 0x756 <ASC_Asci_msg>
     cac:	0f 90       	pop	r0
     cae:	0f 90       	pop	r0
     cb0:	0f 90       	pop	r0
     cb2:	0f 90       	pop	r0
     cb4:	0f 90       	pop	r0
     cb6:	0f 90       	pop	r0
     cb8:	0a c0       	rjmp	.+20     	; 0xcce <Eeprom_fill+0xf0>
     cba:	9f ef       	ldi	r25, 0xFF	; 255
     cbc:	e9 1a       	sub	r14, r25
     cbe:	f9 0a       	sbc	r15, r25
     cc0:	0c 59       	subi	r16, 0x9C	; 156
     cc2:	1f 4f       	sbci	r17, 0xFF	; 255
     cc4:	01 15       	cp	r16, r1
     cc6:	88 ec       	ldi	r24, 0xC8	; 200
     cc8:	18 07       	cpc	r17, r24
     cca:	09 f0       	breq	.+2      	; 0xcce <Eeprom_fill+0xf0>
     ccc:	a7 cf       	rjmp	.-178    	; 0xc1c <Eeprom_fill+0x3e>
     cce:	0e 94 e5 03 	call	0x7ca	; 0x7ca <ASC_Asci_tx_empty>
     cd2:	88 23       	and	r24, r24
     cd4:	e1 f3       	breq	.-8      	; 0xcce <Eeprom_fill+0xf0>
     cd6:	0f 90       	pop	r0
     cd8:	0f 90       	pop	r0
     cda:	0f 90       	pop	r0
     cdc:	df 91       	pop	r29
     cde:	cf 91       	pop	r28
     ce0:	1f 91       	pop	r17
     ce2:	0f 91       	pop	r16
     ce4:	ff 90       	pop	r15
     ce6:	ef 90       	pop	r14
     ce8:	df 90       	pop	r13
     cea:	cf 90       	pop	r12
     cec:	bf 90       	pop	r11
     cee:	af 90       	pop	r10
     cf0:	9f 90       	pop	r9
     cf2:	8f 90       	pop	r8
     cf4:	7f 90       	pop	r7
     cf6:	08 95       	ret

00000cf8 <Cmd_check.constprop.10>:
     cf8:	cf 93       	push	r28
     cfa:	df 93       	push	r29
     cfc:	1f 92       	push	r1
     cfe:	cd b7       	in	r28, 0x3d	; 61
     d00:	de b7       	in	r29, 0x3e	; 62
     d02:	ce 01       	movw	r24, r28
     d04:	01 96       	adiw	r24, 0x01	; 1
     d06:	0e 94 30 04 	call	0x860	; 0x860 <ASC_Asci_getchar>
     d0a:	88 23       	and	r24, r24
     d0c:	81 f0       	breq	.+32     	; 0xd2e <Cmd_check.constprop.10+0x36>
     d0e:	89 81       	ldd	r24, Y+1	; 0x01
     d10:	8d 30       	cpi	r24, 0x0D	; 13
     d12:	39 f4       	brne	.+14     	; 0xd22 <Cmd_check.constprop.10+0x2a>
     d14:	85 ed       	ldi	r24, 0xD5	; 213
     d16:	95 e0       	ldi	r25, 0x05	; 5
     d18:	0e 94 fe 0a 	call	0x15fc	; 0x15fc <ROM_Read_romstr>
     d1c:	0e 94 ab 03 	call	0x756	; 0x756 <ASC_Asci_msg>
     d20:	05 c0       	rjmp	.+10     	; 0xd2c <Cmd_check.constprop.10+0x34>
     d22:	61 e0       	ldi	r22, 0x01	; 1
     d24:	ce 01       	movw	r24, r28
     d26:	01 96       	adiw	r24, 0x01	; 1
     d28:	0e 94 6a 03 	call	0x6d4	; 0x6d4 <ASC_Asci_tx>
     d2c:	89 81       	ldd	r24, Y+1	; 0x01
     d2e:	0f 90       	pop	r0
     d30:	df 91       	pop	r29
     d32:	cf 91       	pop	r28
     d34:	08 95       	ret

00000d36 <Connect_bd_menu>:
     d36:	0e 94 7c 06 	call	0xcf8	; 0xcf8 <Cmd_check.constprop.10>
     d3a:	88 23       	and	r24, r24
     d3c:	f9 f0       	breq	.+62     	; 0xd7c <Connect_bd_menu+0x46>
     d3e:	88 35       	cpi	r24, 0x58	; 88
     d40:	11 f0       	breq	.+4      	; 0xd46 <Connect_bd_menu+0x10>
     d42:	88 37       	cpi	r24, 0x78	; 120
     d44:	49 f4       	brne	.+18     	; 0xd58 <Connect_bd_menu+0x22>
     d46:	8f e4       	ldi	r24, 0x4F	; 79
     d48:	93 e0       	ldi	r25, 0x03	; 3
     d4a:	90 93 6a 03 	sts	0x036A, r25	; 0x80036a <MEN_MSG_PTR+0x1>
     d4e:	80 93 69 03 	sts	0x0369, r24	; 0x800369 <MEN_MSG_PTR>
     d52:	8f eb       	ldi	r24, 0xBF	; 191
     d54:	96 e0       	ldi	r25, 0x06	; 6
     d56:	08 c0       	rjmp	.+16     	; 0xd68 <Connect_bd_menu+0x32>
     d58:	8d e6       	ldi	r24, 0x6D	; 109
     d5a:	92 e0       	ldi	r25, 0x02	; 2
     d5c:	90 93 6a 03 	sts	0x036A, r25	; 0x80036a <MEN_MSG_PTR+0x1>
     d60:	80 93 69 03 	sts	0x0369, r24	; 0x800369 <MEN_MSG_PTR>
     d64:	8d e2       	ldi	r24, 0x2D	; 45
     d66:	95 e0       	ldi	r25, 0x05	; 5
     d68:	90 93 6c 03 	sts	0x036C, r25	; 0x80036c <next_cmd_func+0x1>
     d6c:	80 93 6b 03 	sts	0x036B, r24	; 0x80036b <next_cmd_func>
     d70:	8e e8       	ldi	r24, 0x8E	; 142
     d72:	95 e0       	ldi	r25, 0x05	; 5
     d74:	90 93 6e 03 	sts	0x036E, r25	; 0x80036e <cmd_bk_func+0x1>
     d78:	80 93 6d 03 	sts	0x036D, r24	; 0x80036d <cmd_bk_func>
     d7c:	08 95       	ret

00000d7e <Get_serial_no>:
     d7e:	0e 94 7c 06 	call	0xcf8	; 0xcf8 <Cmd_check.constprop.10>
     d82:	88 23       	and	r24, r24
     d84:	e9 f1       	breq	.+122    	; 0xe00 <Get_serial_no+0x82>
     d86:	e0 91 53 03 	lds	r30, 0x0353	; 0x800353 <user_ip_buf_ix>
     d8a:	8a 30       	cpi	r24, 0x0A	; 10
     d8c:	11 f0       	breq	.+4      	; 0xd92 <Get_serial_no+0x14>
     d8e:	8d 30       	cpi	r24, 0x0D	; 13
     d90:	99 f4       	brne	.+38     	; 0xdb8 <Get_serial_no+0x3a>
     d92:	f0 e0       	ldi	r31, 0x00	; 0
     d94:	ec 5a       	subi	r30, 0xAC	; 172
     d96:	fc 4f       	sbci	r31, 0xFC	; 252
     d98:	10 82       	st	Z, r1
     d9a:	64 e5       	ldi	r22, 0x54	; 84
     d9c:	73 e0       	ldi	r23, 0x03	; 3
     d9e:	8b e3       	ldi	r24, 0x3B	; 59
     da0:	93 e0       	ldi	r25, 0x03	; 3
     da2:	0e 94 75 0b 	call	0x16ea	; 0x16ea <strcpy>
     da6:	81 ea       	ldi	r24, 0xA1	; 161
     da8:	92 e0       	ldi	r25, 0x02	; 2
     daa:	90 93 6a 03 	sts	0x036A, r25	; 0x80036a <MEN_MSG_PTR+0x1>
     dae:	80 93 69 03 	sts	0x0369, r24	; 0x800369 <MEN_MSG_PTR>
     db2:	8b e9       	ldi	r24, 0x9B	; 155
     db4:	96 e0       	ldi	r25, 0x06	; 6
     db6:	1a c0       	rjmp	.+52     	; 0xdec <Get_serial_no+0x6e>
     db8:	ae 2f       	mov	r26, r30
     dba:	b0 e0       	ldi	r27, 0x00	; 0
     dbc:	ac 5a       	subi	r26, 0xAC	; 172
     dbe:	bc 4f       	sbci	r27, 0xFC	; 252
     dc0:	8c 93       	st	X, r24
     dc2:	ef 5f       	subi	r30, 0xFF	; 255
     dc4:	e0 93 53 03 	sts	0x0353, r30	; 0x800353 <user_ip_buf_ix>
     dc8:	80 91 52 03 	lds	r24, 0x0352	; 0x800352 <user_ip_max_chars>
     dcc:	e8 17       	cp	r30, r24
     dce:	c0 f0       	brcs	.+48     	; 0xe00 <Get_serial_no+0x82>
     dd0:	89 ee       	ldi	r24, 0xE9	; 233
     dd2:	91 e0       	ldi	r25, 0x01	; 1
     dd4:	0e 94 fe 0a 	call	0x15fc	; 0x15fc <ROM_Read_romstr>
     dd8:	0e 94 ab 03 	call	0x756	; 0x756 <ASC_Asci_msg>
     ddc:	8f eb       	ldi	r24, 0xBF	; 191
     dde:	96 e0       	ldi	r25, 0x06	; 6
     de0:	90 93 6a 03 	sts	0x036A, r25	; 0x80036a <MEN_MSG_PTR+0x1>
     de4:	80 93 69 03 	sts	0x0369, r24	; 0x800369 <MEN_MSG_PTR>
     de8:	8f e4       	ldi	r24, 0x4F	; 79
     dea:	93 e0       	ldi	r25, 0x03	; 3
     dec:	90 93 6c 03 	sts	0x036C, r25	; 0x80036c <next_cmd_func+0x1>
     df0:	80 93 6b 03 	sts	0x036B, r24	; 0x80036b <next_cmd_func>
     df4:	8e e8       	ldi	r24, 0x8E	; 142
     df6:	95 e0       	ldi	r25, 0x05	; 5
     df8:	90 93 6e 03 	sts	0x036E, r25	; 0x80036e <cmd_bk_func+0x1>
     dfc:	80 93 6d 03 	sts	0x036D, r24	; 0x80036d <cmd_bk_func>
     e00:	08 95       	ret

00000e02 <Bd_test_start_menu>:
     e02:	0e 94 7c 06 	call	0xcf8	; 0xcf8 <Cmd_check.constprop.10>
     e06:	88 23       	and	r24, r24
     e08:	51 f1       	breq	.+84     	; 0xe5e <Bd_test_start_menu+0x5c>
     e0a:	88 35       	cpi	r24, 0x58	; 88
     e0c:	11 f0       	breq	.+4      	; 0xe12 <Bd_test_start_menu+0x10>
     e0e:	88 37       	cpi	r24, 0x78	; 120
     e10:	79 f4       	brne	.+30     	; 0xe30 <Bd_test_start_menu+0x2e>
     e12:	84 ec       	ldi	r24, 0xC4	; 196
     e14:	95 e0       	ldi	r25, 0x05	; 5
     e16:	0e 94 fe 0a 	call	0x15fc	; 0x15fc <ROM_Read_romstr>
     e1a:	0e 94 ab 03 	call	0x756	; 0x756 <ASC_Asci_msg>
     e1e:	89 ea       	ldi	r24, 0xA9	; 169
     e20:	94 e0       	ldi	r25, 0x04	; 4
     e22:	90 93 6a 03 	sts	0x036A, r25	; 0x80036a <MEN_MSG_PTR+0x1>
     e26:	80 93 69 03 	sts	0x0369, r24	; 0x800369 <MEN_MSG_PTR>
     e2a:	81 e7       	ldi	r24, 0x71	; 113
     e2c:	9a e0       	ldi	r25, 0x0A	; 10
     e2e:	0d c0       	rjmp	.+26     	; 0xe4a <Bd_test_start_menu+0x48>
     e30:	10 92 53 03 	sts	0x0353, r1	; 0x800353 <user_ip_buf_ix>
     e34:	84 e0       	ldi	r24, 0x04	; 4
     e36:	80 93 52 03 	sts	0x0352, r24	; 0x800352 <user_ip_max_chars>
     e3a:	8f e4       	ldi	r24, 0x4F	; 79
     e3c:	93 e0       	ldi	r25, 0x03	; 3
     e3e:	90 93 6a 03 	sts	0x036A, r25	; 0x80036a <MEN_MSG_PTR+0x1>
     e42:	80 93 69 03 	sts	0x0369, r24	; 0x800369 <MEN_MSG_PTR>
     e46:	8f eb       	ldi	r24, 0xBF	; 191
     e48:	96 e0       	ldi	r25, 0x06	; 6
     e4a:	90 93 6c 03 	sts	0x036C, r25	; 0x80036c <next_cmd_func+0x1>
     e4e:	80 93 6b 03 	sts	0x036B, r24	; 0x80036b <next_cmd_func>
     e52:	8e e8       	ldi	r24, 0x8E	; 142
     e54:	95 e0       	ldi	r25, 0x05	; 5
     e56:	90 93 6e 03 	sts	0x036E, r25	; 0x80036e <cmd_bk_func+0x1>
     e5a:	80 93 6d 03 	sts	0x036D, r24	; 0x80036d <cmd_bk_func>
     e5e:	08 95       	ret

00000e60 <Get_assy_rev_no>:
     e60:	0e 94 7c 06 	call	0xcf8	; 0xcf8 <Cmd_check.constprop.10>
     e64:	88 23       	and	r24, r24
     e66:	09 f4       	brne	.+2      	; 0xe6a <Get_assy_rev_no+0xa>
     e68:	74 c0       	rjmp	.+232    	; 0xf52 <Get_assy_rev_no+0xf2>
     e6a:	e0 91 53 03 	lds	r30, 0x0353	; 0x800353 <user_ip_buf_ix>
     e6e:	8a 30       	cpi	r24, 0x0A	; 10
     e70:	19 f0       	breq	.+6      	; 0xe78 <Get_assy_rev_no+0x18>
     e72:	8d 30       	cpi	r24, 0x0D	; 13
     e74:	09 f0       	breq	.+2      	; 0xe78 <Get_assy_rev_no+0x18>
     e76:	44 c0       	rjmp	.+136    	; 0xf00 <Get_assy_rev_no+0xa0>
     e78:	f0 e0       	ldi	r31, 0x00	; 0
     e7a:	ec 5a       	subi	r30, 0xAC	; 172
     e7c:	fc 4f       	sbci	r31, 0xFC	; 252
     e7e:	10 82       	st	Z, r1
     e80:	64 e5       	ldi	r22, 0x54	; 84
     e82:	73 e0       	ldi	r23, 0x03	; 3
     e84:	8f e3       	ldi	r24, 0x3F	; 63
     e86:	93 e0       	ldi	r25, 0x03	; 3
     e88:	0e 94 75 0b 	call	0x16ea	; 0x16ea <strcpy>
     e8c:	84 ec       	ldi	r24, 0xC4	; 196
     e8e:	95 e0       	ldi	r25, 0x05	; 5
     e90:	0e 94 fe 0a 	call	0x15fc	; 0x15fc <ROM_Read_romstr>
     e94:	0e 94 ab 03 	call	0x756	; 0x756 <ASC_Asci_msg>
     e98:	81 e7       	ldi	r24, 0x71	; 113
     e9a:	93 e0       	ldi	r25, 0x03	; 3
     e9c:	90 93 6a 03 	sts	0x036A, r25	; 0x80036a <MEN_MSG_PTR+0x1>
     ea0:	80 93 69 03 	sts	0x0369, r24	; 0x800369 <MEN_MSG_PTR>
     ea4:	81 e0       	ldi	r24, 0x01	; 1
     ea6:	97 e0       	ldi	r25, 0x07	; 7
     ea8:	90 93 6c 03 	sts	0x036C, r25	; 0x80036c <next_cmd_func+0x1>
     eac:	80 93 6b 03 	sts	0x036B, r24	; 0x80036b <next_cmd_func>
     eb0:	8e e8       	ldi	r24, 0x8E	; 142
     eb2:	95 e0       	ldi	r25, 0x05	; 5
     eb4:	90 93 6e 03 	sts	0x036E, r25	; 0x80036e <cmd_bk_func+0x1>
     eb8:	80 93 6d 03 	sts	0x036D, r24	; 0x80036d <cmd_bk_func>
     ebc:	8f e3       	ldi	r24, 0x3F	; 63
     ebe:	93 e0       	ldi	r25, 0x03	; 3
     ec0:	9f 93       	push	r25
     ec2:	8f 93       	push	r24
     ec4:	83 e4       	ldi	r24, 0x43	; 67
     ec6:	93 e0       	ldi	r25, 0x03	; 3
     ec8:	9f 93       	push	r25
     eca:	8f 93       	push	r24
     ecc:	88 e4       	ldi	r24, 0x48	; 72
     ece:	93 e0       	ldi	r25, 0x03	; 3
     ed0:	9f 93       	push	r25
     ed2:	8f 93       	push	r24
     ed4:	80 ee       	ldi	r24, 0xE0	; 224
     ed6:	91 e0       	ldi	r25, 0x01	; 1
     ed8:	9f 93       	push	r25
     eda:	8f 93       	push	r24
     edc:	84 e7       	ldi	r24, 0x74	; 116
     ede:	93 e0       	ldi	r25, 0x03	; 3
     ee0:	9f 93       	push	r25
     ee2:	8f 93       	push	r24
     ee4:	0e 94 7c 0b 	call	0x16f8	; 0x16f8 <sprintf>
     ee8:	8d b7       	in	r24, 0x3d	; 61
     eea:	9e b7       	in	r25, 0x3e	; 62
     eec:	0a 96       	adiw	r24, 0x0a	; 10
     eee:	0f b6       	in	r0, 0x3f	; 63
     ef0:	f8 94       	cli
     ef2:	9e bf       	out	0x3e, r25	; 62
     ef4:	0f be       	out	0x3f, r0	; 63
     ef6:	8d bf       	out	0x3d, r24	; 61
     ef8:	84 e7       	ldi	r24, 0x74	; 116
     efa:	93 e0       	ldi	r25, 0x03	; 3
     efc:	0c 94 ab 03 	jmp	0x756	; 0x756 <ASC_Asci_msg>
     f00:	ae 2f       	mov	r26, r30
     f02:	b0 e0       	ldi	r27, 0x00	; 0
     f04:	ac 5a       	subi	r26, 0xAC	; 172
     f06:	bc 4f       	sbci	r27, 0xFC	; 252
     f08:	8c 93       	st	X, r24
     f0a:	ef 5f       	subi	r30, 0xFF	; 255
     f0c:	e0 93 53 03 	sts	0x0353, r30	; 0x800353 <user_ip_buf_ix>
     f10:	80 91 52 03 	lds	r24, 0x0352	; 0x800352 <user_ip_max_chars>
     f14:	e8 17       	cp	r30, r24
     f16:	e8 f0       	brcs	.+58     	; 0xf52 <Get_assy_rev_no+0xf2>
     f18:	89 ee       	ldi	r24, 0xE9	; 233
     f1a:	91 e0       	ldi	r25, 0x01	; 1
     f1c:	0e 94 fe 0a 	call	0x15fc	; 0x15fc <ROM_Read_romstr>
     f20:	0e 94 ab 03 	call	0x756	; 0x756 <ASC_Asci_msg>
     f24:	10 92 53 03 	sts	0x0353, r1	; 0x800353 <user_ip_buf_ix>
     f28:	84 e0       	ldi	r24, 0x04	; 4
     f2a:	80 93 52 03 	sts	0x0352, r24	; 0x800352 <user_ip_max_chars>
     f2e:	8e ec       	ldi	r24, 0xCE	; 206
     f30:	93 e0       	ldi	r25, 0x03	; 3
     f32:	90 93 6a 03 	sts	0x036A, r25	; 0x80036a <MEN_MSG_PTR+0x1>
     f36:	80 93 69 03 	sts	0x0369, r24	; 0x800369 <MEN_MSG_PTR>
     f3a:	80 e3       	ldi	r24, 0x30	; 48
     f3c:	97 e0       	ldi	r25, 0x07	; 7
     f3e:	90 93 6c 03 	sts	0x036C, r25	; 0x80036c <next_cmd_func+0x1>
     f42:	80 93 6b 03 	sts	0x036B, r24	; 0x80036b <next_cmd_func>
     f46:	8e e8       	ldi	r24, 0x8E	; 142
     f48:	95 e0       	ldi	r25, 0x05	; 5
     f4a:	90 93 6e 03 	sts	0x036E, r25	; 0x80036e <cmd_bk_func+0x1>
     f4e:	80 93 6d 03 	sts	0x036D, r24	; 0x80036d <cmd_bk_func>
     f52:	08 95       	ret

00000f54 <Get_assy_no>:
     f54:	0e 94 7c 06 	call	0xcf8	; 0xcf8 <Cmd_check.constprop.10>
     f58:	88 23       	and	r24, r24
     f5a:	09 f4       	brne	.+2      	; 0xf5e <Get_assy_no+0xa>
     f5c:	47 c0       	rjmp	.+142    	; 0xfec <Get_assy_no+0x98>
     f5e:	e0 91 53 03 	lds	r30, 0x0353	; 0x800353 <user_ip_buf_ix>
     f62:	8a 30       	cpi	r24, 0x0A	; 10
     f64:	11 f0       	breq	.+4      	; 0xf6a <Get_assy_no+0x16>
     f66:	8d 30       	cpi	r24, 0x0D	; 13
     f68:	c1 f4       	brne	.+48     	; 0xf9a <Get_assy_no+0x46>
     f6a:	f0 e0       	ldi	r31, 0x00	; 0
     f6c:	ec 5a       	subi	r30, 0xAC	; 172
     f6e:	fc 4f       	sbci	r31, 0xFC	; 252
     f70:	10 82       	st	Z, r1
     f72:	64 e5       	ldi	r22, 0x54	; 84
     f74:	73 e0       	ldi	r23, 0x03	; 3
     f76:	83 e4       	ldi	r24, 0x43	; 67
     f78:	93 e0       	ldi	r25, 0x03	; 3
     f7a:	0e 94 75 0b 	call	0x16ea	; 0x16ea <strcpy>
     f7e:	10 92 53 03 	sts	0x0353, r1	; 0x800353 <user_ip_buf_ix>
     f82:	84 e0       	ldi	r24, 0x04	; 4
     f84:	80 93 52 03 	sts	0x0352, r24	; 0x800352 <user_ip_max_chars>
     f88:	8e ec       	ldi	r24, 0xCE	; 206
     f8a:	93 e0       	ldi	r25, 0x03	; 3
     f8c:	90 93 6a 03 	sts	0x036A, r25	; 0x80036a <MEN_MSG_PTR+0x1>
     f90:	80 93 69 03 	sts	0x0369, r24	; 0x800369 <MEN_MSG_PTR>
     f94:	80 e3       	ldi	r24, 0x30	; 48
     f96:	97 e0       	ldi	r25, 0x07	; 7
     f98:	1f c0       	rjmp	.+62     	; 0xfd8 <Get_assy_no+0x84>
     f9a:	ae 2f       	mov	r26, r30
     f9c:	b0 e0       	ldi	r27, 0x00	; 0
     f9e:	ac 5a       	subi	r26, 0xAC	; 172
     fa0:	bc 4f       	sbci	r27, 0xFC	; 252
     fa2:	8c 93       	st	X, r24
     fa4:	ef 5f       	subi	r30, 0xFF	; 255
     fa6:	e0 93 53 03 	sts	0x0353, r30	; 0x800353 <user_ip_buf_ix>
     faa:	80 91 52 03 	lds	r24, 0x0352	; 0x800352 <user_ip_max_chars>
     fae:	e8 17       	cp	r30, r24
     fb0:	e8 f0       	brcs	.+58     	; 0xfec <Get_assy_no+0x98>
     fb2:	89 ee       	ldi	r24, 0xE9	; 233
     fb4:	91 e0       	ldi	r25, 0x01	; 1
     fb6:	0e 94 fe 0a 	call	0x15fc	; 0x15fc <ROM_Read_romstr>
     fba:	0e 94 ab 03 	call	0x756	; 0x756 <ASC_Asci_msg>
     fbe:	10 92 53 03 	sts	0x0353, r1	; 0x800353 <user_ip_buf_ix>
     fc2:	85 e0       	ldi	r24, 0x05	; 5
     fc4:	80 93 52 03 	sts	0x0352, r24	; 0x800352 <user_ip_max_chars>
     fc8:	8d e1       	ldi	r24, 0x1D	; 29
     fca:	94 e0       	ldi	r25, 0x04	; 4
     fcc:	90 93 6a 03 	sts	0x036A, r25	; 0x80036a <MEN_MSG_PTR+0x1>
     fd0:	80 93 69 03 	sts	0x0369, r24	; 0x800369 <MEN_MSG_PTR>
     fd4:	8a ea       	ldi	r24, 0xAA	; 170
     fd6:	97 e0       	ldi	r25, 0x07	; 7
     fd8:	90 93 6c 03 	sts	0x036C, r25	; 0x80036c <next_cmd_func+0x1>
     fdc:	80 93 6b 03 	sts	0x036B, r24	; 0x80036b <next_cmd_func>
     fe0:	8e e8       	ldi	r24, 0x8E	; 142
     fe2:	95 e0       	ldi	r25, 0x05	; 5
     fe4:	90 93 6e 03 	sts	0x036E, r25	; 0x80036e <cmd_bk_func+0x1>
     fe8:	80 93 6d 03 	sts	0x036D, r24	; 0x80036d <cmd_bk_func>
     fec:	08 95       	ret

00000fee <Get_wo_no>:
     fee:	0e 94 7c 06 	call	0xcf8	; 0xcf8 <Cmd_check.constprop.10>
     ff2:	88 23       	and	r24, r24
     ff4:	09 f4       	brne	.+2      	; 0xff8 <Get_wo_no+0xa>
     ff6:	4d c0       	rjmp	.+154    	; 0x1092 <Get_wo_no+0xa4>
     ff8:	e0 91 53 03 	lds	r30, 0x0353	; 0x800353 <user_ip_buf_ix>
     ffc:	8a 30       	cpi	r24, 0x0A	; 10
     ffe:	11 f0       	breq	.+4      	; 0x1004 <Get_wo_no+0x16>
    1000:	8d 30       	cpi	r24, 0x0D	; 13
    1002:	f1 f4       	brne	.+60     	; 0x1040 <Get_wo_no+0x52>
    1004:	f0 e0       	ldi	r31, 0x00	; 0
    1006:	ec 5a       	subi	r30, 0xAC	; 172
    1008:	fc 4f       	sbci	r31, 0xFC	; 252
    100a:	10 82       	st	Z, r1
    100c:	64 e5       	ldi	r22, 0x54	; 84
    100e:	73 e0       	ldi	r23, 0x03	; 3
    1010:	88 e4       	ldi	r24, 0x48	; 72
    1012:	93 e0       	ldi	r25, 0x03	; 3
    1014:	0e 94 75 0b 	call	0x16ea	; 0x16ea <strcpy>
    1018:	10 92 53 03 	sts	0x0353, r1	; 0x800353 <user_ip_buf_ix>
    101c:	85 e0       	ldi	r24, 0x05	; 5
    101e:	80 93 52 03 	sts	0x0352, r24	; 0x800352 <user_ip_max_chars>
    1022:	84 ec       	ldi	r24, 0xC4	; 196
    1024:	95 e0       	ldi	r25, 0x05	; 5
    1026:	0e 94 fe 0a 	call	0x15fc	; 0x15fc <ROM_Read_romstr>
    102a:	0e 94 ab 03 	call	0x756	; 0x756 <ASC_Asci_msg>
    102e:	8d e1       	ldi	r24, 0x1D	; 29
    1030:	94 e0       	ldi	r25, 0x04	; 4
    1032:	90 93 6a 03 	sts	0x036A, r25	; 0x80036a <MEN_MSG_PTR+0x1>
    1036:	80 93 69 03 	sts	0x0369, r24	; 0x800369 <MEN_MSG_PTR>
    103a:	8a ea       	ldi	r24, 0xAA	; 170
    103c:	97 e0       	ldi	r25, 0x07	; 7
    103e:	1f c0       	rjmp	.+62     	; 0x107e <Get_wo_no+0x90>
    1040:	ae 2f       	mov	r26, r30
    1042:	b0 e0       	ldi	r27, 0x00	; 0
    1044:	ac 5a       	subi	r26, 0xAC	; 172
    1046:	bc 4f       	sbci	r27, 0xFC	; 252
    1048:	8c 93       	st	X, r24
    104a:	ef 5f       	subi	r30, 0xFF	; 255
    104c:	e0 93 53 03 	sts	0x0353, r30	; 0x800353 <user_ip_buf_ix>
    1050:	80 91 52 03 	lds	r24, 0x0352	; 0x800352 <user_ip_max_chars>
    1054:	e8 17       	cp	r30, r24
    1056:	e8 f0       	brcs	.+58     	; 0x1092 <Get_wo_no+0xa4>
    1058:	89 ee       	ldi	r24, 0xE9	; 233
    105a:	91 e0       	ldi	r25, 0x01	; 1
    105c:	0e 94 fe 0a 	call	0x15fc	; 0x15fc <ROM_Read_romstr>
    1060:	0e 94 ab 03 	call	0x756	; 0x756 <ASC_Asci_msg>
    1064:	10 92 53 03 	sts	0x0353, r1	; 0x800353 <user_ip_buf_ix>
    1068:	8a e0       	ldi	r24, 0x0A	; 10
    106a:	80 93 52 03 	sts	0x0352, r24	; 0x800352 <user_ip_max_chars>
    106e:	83 e6       	ldi	r24, 0x63	; 99
    1070:	94 e0       	ldi	r25, 0x04	; 4
    1072:	90 93 6a 03 	sts	0x036A, r25	; 0x80036a <MEN_MSG_PTR+0x1>
    1076:	80 93 69 03 	sts	0x0369, r24	; 0x800369 <MEN_MSG_PTR>
    107a:	87 ef       	ldi	r24, 0xF7	; 247
    107c:	97 e0       	ldi	r25, 0x07	; 7
    107e:	90 93 6c 03 	sts	0x036C, r25	; 0x80036c <next_cmd_func+0x1>
    1082:	80 93 6b 03 	sts	0x036B, r24	; 0x80036b <next_cmd_func>
    1086:	8e e8       	ldi	r24, 0x8E	; 142
    1088:	95 e0       	ldi	r25, 0x05	; 5
    108a:	90 93 6e 03 	sts	0x036E, r25	; 0x80036e <cmd_bk_func+0x1>
    108e:	80 93 6d 03 	sts	0x036D, r24	; 0x80036d <cmd_bk_func>
    1092:	08 95       	ret

00001094 <Eeprom_debug_menu>:
    1094:	4f 92       	push	r4
    1096:	5f 92       	push	r5
    1098:	6f 92       	push	r6
    109a:	7f 92       	push	r7
    109c:	8f 92       	push	r8
    109e:	9f 92       	push	r9
    10a0:	af 92       	push	r10
    10a2:	bf 92       	push	r11
    10a4:	cf 92       	push	r12
    10a6:	df 92       	push	r13
    10a8:	ef 92       	push	r14
    10aa:	ff 92       	push	r15
    10ac:	0f 93       	push	r16
    10ae:	1f 93       	push	r17
    10b0:	cf 93       	push	r28
    10b2:	df 93       	push	r29
    10b4:	cd b7       	in	r28, 0x3d	; 61
    10b6:	de b7       	in	r29, 0x3e	; 62
    10b8:	6b 97       	sbiw	r28, 0x1b	; 27
    10ba:	0f b6       	in	r0, 0x3f	; 63
    10bc:	f8 94       	cli
    10be:	de bf       	out	0x3e, r29	; 62
    10c0:	0f be       	out	0x3f, r0	; 63
    10c2:	cd bf       	out	0x3d, r28	; 61
    10c4:	0e 94 7c 06 	call	0xcf8	; 0xcf8 <Cmd_check.constprop.10>
    10c8:	88 23       	and	r24, r24
    10ca:	09 f4       	brne	.+2      	; 0x10ce <Eeprom_debug_menu+0x3a>
    10cc:	62 c1       	rjmp	.+708    	; 0x1392 <Eeprom_debug_menu+0x2fe>
    10ce:	88 35       	cpi	r24, 0x58	; 88
    10d0:	09 f4       	brne	.+2      	; 0x10d4 <Eeprom_debug_menu+0x40>
    10d2:	33 c1       	rjmp	.+614    	; 0x133a <Eeprom_debug_menu+0x2a6>
    10d4:	70 f4       	brcc	.+28     	; 0x10f2 <Eeprom_debug_menu+0x5e>
    10d6:	82 35       	cpi	r24, 0x52	; 82
    10d8:	09 f4       	brne	.+2      	; 0x10dc <Eeprom_debug_menu+0x48>
    10da:	2b c1       	rjmp	.+598    	; 0x1332 <Eeprom_debug_menu+0x29e>
    10dc:	18 f4       	brcc	.+6      	; 0x10e4 <Eeprom_debug_menu+0x50>
    10de:	88 34       	cpi	r24, 0x48	; 72
    10e0:	c9 f0       	breq	.+50     	; 0x1114 <Eeprom_debug_menu+0x80>
    10e2:	41 c1       	rjmp	.+642    	; 0x1366 <Eeprom_debug_menu+0x2d2>
    10e4:	83 35       	cpi	r24, 0x53	; 83
    10e6:	09 f4       	brne	.+2      	; 0x10ea <Eeprom_debug_menu+0x56>
    10e8:	22 c1       	rjmp	.+580    	; 0x132e <Eeprom_debug_menu+0x29a>
    10ea:	87 35       	cpi	r24, 0x57	; 87
    10ec:	09 f4       	brne	.+2      	; 0x10f0 <Eeprom_debug_menu+0x5c>
    10ee:	78 c0       	rjmp	.+240    	; 0x11e0 <Eeprom_debug_menu+0x14c>
    10f0:	3a c1       	rjmp	.+628    	; 0x1366 <Eeprom_debug_menu+0x2d2>
    10f2:	83 37       	cpi	r24, 0x73	; 115
    10f4:	09 f4       	brne	.+2      	; 0x10f8 <Eeprom_debug_menu+0x64>
    10f6:	1b c1       	rjmp	.+566    	; 0x132e <Eeprom_debug_menu+0x29a>
    10f8:	30 f4       	brcc	.+12     	; 0x1106 <Eeprom_debug_menu+0x72>
    10fa:	88 36       	cpi	r24, 0x68	; 104
    10fc:	59 f0       	breq	.+22     	; 0x1114 <Eeprom_debug_menu+0x80>
    10fe:	82 37       	cpi	r24, 0x72	; 114
    1100:	09 f4       	brne	.+2      	; 0x1104 <Eeprom_debug_menu+0x70>
    1102:	17 c1       	rjmp	.+558    	; 0x1332 <Eeprom_debug_menu+0x29e>
    1104:	30 c1       	rjmp	.+608    	; 0x1366 <Eeprom_debug_menu+0x2d2>
    1106:	87 37       	cpi	r24, 0x77	; 119
    1108:	09 f4       	brne	.+2      	; 0x110c <Eeprom_debug_menu+0x78>
    110a:	6a c0       	rjmp	.+212    	; 0x11e0 <Eeprom_debug_menu+0x14c>
    110c:	88 37       	cpi	r24, 0x78	; 120
    110e:	09 f4       	brne	.+2      	; 0x1112 <Eeprom_debug_menu+0x7e>
    1110:	14 c1       	rjmp	.+552    	; 0x133a <Eeprom_debug_menu+0x2a6>
    1112:	29 c1       	rjmp	.+594    	; 0x1366 <Eeprom_debug_menu+0x2d2>
    1114:	86 e0       	ldi	r24, 0x06	; 6
    1116:	92 e0       	ldi	r25, 0x02	; 2
    1118:	0e 94 ab 03 	call	0x756	; 0x756 <ASC_Asci_msg>
    111c:	19 82       	std	Y+1, r1	; 0x01
    111e:	00 e0       	ldi	r16, 0x00	; 0
    1120:	10 e0       	ldi	r17, 0x00	; 0
    1122:	95 e1       	ldi	r25, 0x15	; 21
    1124:	49 2e       	mov	r4, r25
    1126:	92 e0       	ldi	r25, 0x02	; 2
    1128:	59 2e       	mov	r5, r25
    112a:	24 e7       	ldi	r18, 0x74	; 116
    112c:	62 2e       	mov	r6, r18
    112e:	23 e0       	ldi	r18, 0x03	; 3
    1130:	72 2e       	mov	r7, r18
    1132:	4e 01       	movw	r8, r28
    1134:	82 e1       	ldi	r24, 0x12	; 18
    1136:	88 0e       	add	r8, r24
    1138:	91 1c       	adc	r9, r1
    113a:	33 e2       	ldi	r19, 0x23	; 35
    113c:	a3 2e       	mov	r10, r19
    113e:	32 e0       	ldi	r19, 0x02	; 2
    1140:	b3 2e       	mov	r11, r19
    1142:	1f 93       	push	r17
    1144:	0f 93       	push	r16
    1146:	5f 92       	push	r5
    1148:	4f 92       	push	r4
    114a:	7f 92       	push	r7
    114c:	6f 92       	push	r6
    114e:	0e 94 7c 0b 	call	0x16f8	; 0x16f8 <sprintf>
    1152:	84 e7       	ldi	r24, 0x74	; 116
    1154:	93 e0       	ldi	r25, 0x03	; 3
    1156:	0e 94 ab 03 	call	0x756	; 0x756 <ASC_Asci_msg>
    115a:	9e 01       	movw	r18, r28
    115c:	2f 5f       	subi	r18, 0xFF	; 255
    115e:	3f 4f       	sbci	r19, 0xFF	; 255
    1160:	40 e1       	ldi	r20, 0x10	; 16
    1162:	50 e0       	ldi	r21, 0x00	; 0
    1164:	b8 01       	movw	r22, r16
    1166:	80 91 3a 03 	lds	r24, 0x033A	; 0x80033a <eeprom_i2C_addr>
    116a:	0e 94 07 05 	call	0xa0e	; 0xa0e <Eeprom_read>
    116e:	6e 01       	movw	r12, r28
    1170:	92 e0       	ldi	r25, 0x02	; 2
    1172:	c9 0e       	add	r12, r25
    1174:	d1 1c       	adc	r13, r1
    1176:	84 e7       	ldi	r24, 0x74	; 116
    1178:	e8 2e       	mov	r14, r24
    117a:	83 e0       	ldi	r24, 0x03	; 3
    117c:	f8 2e       	mov	r15, r24
    117e:	0f 90       	pop	r0
    1180:	0f 90       	pop	r0
    1182:	0f 90       	pop	r0
    1184:	0f 90       	pop	r0
    1186:	0f 90       	pop	r0
    1188:	0f 90       	pop	r0
    118a:	f6 01       	movw	r30, r12
    118c:	81 91       	ld	r24, Z+
    118e:	6f 01       	movw	r12, r30
    1190:	1f 92       	push	r1
    1192:	8f 93       	push	r24
    1194:	bf 92       	push	r11
    1196:	af 92       	push	r10
    1198:	ff 92       	push	r15
    119a:	ef 92       	push	r14
    119c:	0e 94 7c 0b 	call	0x16f8	; 0x16f8 <sprintf>
    11a0:	f3 e0       	ldi	r31, 0x03	; 3
    11a2:	ef 0e       	add	r14, r31
    11a4:	f1 1c       	adc	r15, r1
    11a6:	0f 90       	pop	r0
    11a8:	0f 90       	pop	r0
    11aa:	0f 90       	pop	r0
    11ac:	0f 90       	pop	r0
    11ae:	0f 90       	pop	r0
    11b0:	0f 90       	pop	r0
    11b2:	c8 14       	cp	r12, r8
    11b4:	d9 04       	cpc	r13, r9
    11b6:	49 f7       	brne	.-46     	; 0x118a <Eeprom_debug_menu+0xf6>
    11b8:	0e 94 e5 03 	call	0x7ca	; 0x7ca <ASC_Asci_tx_empty>
    11bc:	88 23       	and	r24, r24
    11be:	e1 f3       	breq	.-8      	; 0x11b8 <Eeprom_debug_menu+0x124>
    11c0:	84 e7       	ldi	r24, 0x74	; 116
    11c2:	93 e0       	ldi	r25, 0x03	; 3
    11c4:	0e 94 ab 03 	call	0x756	; 0x756 <ASC_Asci_msg>
    11c8:	85 e7       	ldi	r24, 0x75	; 117
    11ca:	92 e0       	ldi	r25, 0x02	; 2
    11cc:	0e 94 ab 03 	call	0x756	; 0x756 <ASC_Asci_msg>
    11d0:	00 5f       	subi	r16, 0xF0	; 240
    11d2:	1f 4f       	sbci	r17, 0xFF	; 255
    11d4:	01 15       	cp	r16, r1
    11d6:	82 e0       	ldi	r24, 0x02	; 2
    11d8:	18 07       	cpc	r17, r24
    11da:	09 f0       	breq	.+2      	; 0x11de <Eeprom_debug_menu+0x14a>
    11dc:	b2 cf       	rjmp	.-156    	; 0x1142 <Eeprom_debug_menu+0xae>
    11de:	c7 c0       	rjmp	.+398    	; 0x136e <Eeprom_debug_menu+0x2da>
    11e0:	80 e4       	ldi	r24, 0x40	; 64
    11e2:	89 83       	std	Y+1, r24	; 0x01
    11e4:	8a e5       	ldi	r24, 0x5A	; 90
    11e6:	8a 83       	std	Y+2, r24	; 0x02
    11e8:	ae 01       	movw	r20, r28
    11ea:	4f 5f       	subi	r20, 0xFF	; 255
    11ec:	5f 4f       	sbci	r21, 0xFF	; 255
    11ee:	60 e4       	ldi	r22, 0x40	; 64
    11f0:	70 e0       	ldi	r23, 0x00	; 0
    11f2:	80 91 3a 03 	lds	r24, 0x033A	; 0x80033a <eeprom_i2C_addr>
    11f6:	0e 94 cf 05 	call	0xb9e	; 0xb9e <Eeprom_write.constprop.9>
    11fa:	0e 94 e5 03 	call	0x7ca	; 0x7ca <ASC_Asci_tx_empty>
    11fe:	88 23       	and	r24, r24
    1200:	e1 f3       	breq	.-8      	; 0x11fa <Eeprom_debug_menu+0x166>
    1202:	1f 92       	push	r1
    1204:	80 e4       	ldi	r24, 0x40	; 64
    1206:	8f 93       	push	r24
    1208:	8a 81       	ldd	r24, Y+2	; 0x02
    120a:	1f 92       	push	r1
    120c:	8f 93       	push	r24
    120e:	89 e2       	ldi	r24, 0x29	; 41
    1210:	92 e0       	ldi	r25, 0x02	; 2
    1212:	9f 93       	push	r25
    1214:	8f 93       	push	r24
    1216:	84 e7       	ldi	r24, 0x74	; 116
    1218:	93 e0       	ldi	r25, 0x03	; 3
    121a:	9f 93       	push	r25
    121c:	8f 93       	push	r24
    121e:	0e 94 7c 0b 	call	0x16f8	; 0x16f8 <sprintf>
    1222:	84 e7       	ldi	r24, 0x74	; 116
    1224:	93 e0       	ldi	r25, 0x03	; 3
    1226:	0e 94 ab 03 	call	0x756	; 0x756 <ASC_Asci_msg>
    122a:	9e 01       	movw	r18, r28
    122c:	2f 5f       	subi	r18, 0xFF	; 255
    122e:	3f 4f       	sbci	r19, 0xFF	; 255
    1230:	41 e0       	ldi	r20, 0x01	; 1
    1232:	50 e0       	ldi	r21, 0x00	; 0
    1234:	60 e4       	ldi	r22, 0x40	; 64
    1236:	70 e0       	ldi	r23, 0x00	; 0
    1238:	80 91 3a 03 	lds	r24, 0x033A	; 0x80033a <eeprom_i2C_addr>
    123c:	0e 94 07 05 	call	0xa0e	; 0xa0e <Eeprom_read>
    1240:	0f b6       	in	r0, 0x3f	; 63
    1242:	f8 94       	cli
    1244:	de bf       	out	0x3e, r29	; 62
    1246:	0f be       	out	0x3f, r0	; 63
    1248:	cd bf       	out	0x3d, r28	; 61
    124a:	0e 94 e5 03 	call	0x7ca	; 0x7ca <ASC_Asci_tx_empty>
    124e:	88 23       	and	r24, r24
    1250:	e1 f3       	breq	.-8      	; 0x124a <Eeprom_debug_menu+0x1b6>
    1252:	1f 92       	push	r1
    1254:	80 e4       	ldi	r24, 0x40	; 64
    1256:	8f 93       	push	r24
    1258:	8a 81       	ldd	r24, Y+2	; 0x02
    125a:	1f 92       	push	r1
    125c:	8f 93       	push	r24
    125e:	8f e4       	ldi	r24, 0x4F	; 79
    1260:	92 e0       	ldi	r25, 0x02	; 2
    1262:	9f 93       	push	r25
    1264:	8f 93       	push	r24
    1266:	84 e7       	ldi	r24, 0x74	; 116
    1268:	93 e0       	ldi	r25, 0x03	; 3
    126a:	9f 93       	push	r25
    126c:	8f 93       	push	r24
    126e:	0e 94 7c 0b 	call	0x16f8	; 0x16f8 <sprintf>
    1272:	84 e7       	ldi	r24, 0x74	; 116
    1274:	93 e0       	ldi	r25, 0x03	; 3
    1276:	0e 94 ab 03 	call	0x756	; 0x756 <ASC_Asci_msg>
    127a:	8f e0       	ldi	r24, 0x0F	; 15
    127c:	89 83       	std	Y+1, r24	; 0x01
    127e:	85 ea       	ldi	r24, 0xA5	; 165
    1280:	8a 83       	std	Y+2, r24	; 0x02
    1282:	ae 01       	movw	r20, r28
    1284:	4f 5f       	subi	r20, 0xFF	; 255
    1286:	5f 4f       	sbci	r21, 0xFF	; 255
    1288:	6f e0       	ldi	r22, 0x0F	; 15
    128a:	71 e0       	ldi	r23, 0x01	; 1
    128c:	80 91 3a 03 	lds	r24, 0x033A	; 0x80033a <eeprom_i2C_addr>
    1290:	0e 94 cf 05 	call	0xb9e	; 0xb9e <Eeprom_write.constprop.9>
    1294:	0f b6       	in	r0, 0x3f	; 63
    1296:	f8 94       	cli
    1298:	de bf       	out	0x3e, r29	; 62
    129a:	0f be       	out	0x3f, r0	; 63
    129c:	cd bf       	out	0x3d, r28	; 61
    129e:	0e 94 e5 03 	call	0x7ca	; 0x7ca <ASC_Asci_tx_empty>
    12a2:	88 23       	and	r24, r24
    12a4:	e1 f3       	breq	.-8      	; 0x129e <Eeprom_debug_menu+0x20a>
    12a6:	81 e0       	ldi	r24, 0x01	; 1
    12a8:	8f 93       	push	r24
    12aa:	8f e0       	ldi	r24, 0x0F	; 15
    12ac:	8f 93       	push	r24
    12ae:	8a 81       	ldd	r24, Y+2	; 0x02
    12b0:	1f 92       	push	r1
    12b2:	8f 93       	push	r24
    12b4:	89 e2       	ldi	r24, 0x29	; 41
    12b6:	92 e0       	ldi	r25, 0x02	; 2
    12b8:	9f 93       	push	r25
    12ba:	8f 93       	push	r24
    12bc:	84 e7       	ldi	r24, 0x74	; 116
    12be:	93 e0       	ldi	r25, 0x03	; 3
    12c0:	9f 93       	push	r25
    12c2:	8f 93       	push	r24
    12c4:	0e 94 7c 0b 	call	0x16f8	; 0x16f8 <sprintf>
    12c8:	84 e7       	ldi	r24, 0x74	; 116
    12ca:	93 e0       	ldi	r25, 0x03	; 3
    12cc:	0e 94 ab 03 	call	0x756	; 0x756 <ASC_Asci_msg>
    12d0:	9e 01       	movw	r18, r28
    12d2:	2f 5f       	subi	r18, 0xFF	; 255
    12d4:	3f 4f       	sbci	r19, 0xFF	; 255
    12d6:	41 e0       	ldi	r20, 0x01	; 1
    12d8:	50 e0       	ldi	r21, 0x00	; 0
    12da:	6f e0       	ldi	r22, 0x0F	; 15
    12dc:	71 e0       	ldi	r23, 0x01	; 1
    12de:	80 91 3a 03 	lds	r24, 0x033A	; 0x80033a <eeprom_i2C_addr>
    12e2:	0e 94 07 05 	call	0xa0e	; 0xa0e <Eeprom_read>
    12e6:	0f b6       	in	r0, 0x3f	; 63
    12e8:	f8 94       	cli
    12ea:	de bf       	out	0x3e, r29	; 62
    12ec:	0f be       	out	0x3f, r0	; 63
    12ee:	cd bf       	out	0x3d, r28	; 61
    12f0:	0e 94 e5 03 	call	0x7ca	; 0x7ca <ASC_Asci_tx_empty>
    12f4:	88 23       	and	r24, r24
    12f6:	e1 f3       	breq	.-8      	; 0x12f0 <Eeprom_debug_menu+0x25c>
    12f8:	81 e0       	ldi	r24, 0x01	; 1
    12fa:	8f 93       	push	r24
    12fc:	8f e0       	ldi	r24, 0x0F	; 15
    12fe:	8f 93       	push	r24
    1300:	8a 81       	ldd	r24, Y+2	; 0x02
    1302:	1f 92       	push	r1
    1304:	8f 93       	push	r24
    1306:	8f e4       	ldi	r24, 0x4F	; 79
    1308:	92 e0       	ldi	r25, 0x02	; 2
    130a:	9f 93       	push	r25
    130c:	8f 93       	push	r24
    130e:	84 e7       	ldi	r24, 0x74	; 116
    1310:	93 e0       	ldi	r25, 0x03	; 3
    1312:	9f 93       	push	r25
    1314:	8f 93       	push	r24
    1316:	0e 94 7c 0b 	call	0x16f8	; 0x16f8 <sprintf>
    131a:	84 e7       	ldi	r24, 0x74	; 116
    131c:	93 e0       	ldi	r25, 0x03	; 3
    131e:	0e 94 ab 03 	call	0x756	; 0x756 <ASC_Asci_msg>
    1322:	0f b6       	in	r0, 0x3f	; 63
    1324:	f8 94       	cli
    1326:	de bf       	out	0x3e, r29	; 62
    1328:	0f be       	out	0x3f, r0	; 63
    132a:	cd bf       	out	0x3d, r28	; 61
    132c:	20 c0       	rjmp	.+64     	; 0x136e <Eeprom_debug_menu+0x2da>
    132e:	8f ef       	ldi	r24, 0xFF	; 255
    1330:	01 c0       	rjmp	.+2      	; 0x1334 <Eeprom_debug_menu+0x2a0>
    1332:	80 e0       	ldi	r24, 0x00	; 0
    1334:	0e 94 ef 05 	call	0xbde	; 0xbde <Eeprom_fill>
    1338:	1a c0       	rjmp	.+52     	; 0x136e <Eeprom_debug_menu+0x2da>
    133a:	8e e9       	ldi	r24, 0x9E	; 158
    133c:	91 e0       	ldi	r25, 0x01	; 1
    133e:	90 93 6a 03 	sts	0x036A, r25	; 0x80036a <MEN_MSG_PTR+0x1>
    1342:	80 93 69 03 	sts	0x0369, r24	; 0x800369 <MEN_MSG_PTR>
    1346:	82 e3       	ldi	r24, 0x32	; 50
    1348:	9a e0       	ldi	r25, 0x0A	; 10
    134a:	90 93 6c 03 	sts	0x036C, r25	; 0x80036c <next_cmd_func+0x1>
    134e:	80 93 6b 03 	sts	0x036B, r24	; 0x80036b <next_cmd_func>
    1352:	8e e8       	ldi	r24, 0x8E	; 142
    1354:	95 e0       	ldi	r25, 0x05	; 5
    1356:	90 93 6e 03 	sts	0x036E, r25	; 0x80036e <cmd_bk_func+0x1>
    135a:	80 93 6d 03 	sts	0x036D, r24	; 0x80036d <cmd_bk_func>
    135e:	80 e0       	ldi	r24, 0x00	; 0
    1360:	0e 94 e9 04 	call	0x9d2	; 0x9d2 <MAI_Set_power>
    1364:	16 c0       	rjmp	.+44     	; 0x1392 <Eeprom_debug_menu+0x2fe>
    1366:	85 e0       	ldi	r24, 0x05	; 5
    1368:	95 e0       	ldi	r25, 0x05	; 5
    136a:	0e 94 ab 03 	call	0x756	; 0x756 <ASC_Asci_msg>
    136e:	8b ef       	ldi	r24, 0xFB	; 251
    1370:	90 e0       	ldi	r25, 0x00	; 0
    1372:	90 93 6a 03 	sts	0x036A, r25	; 0x80036a <MEN_MSG_PTR+0x1>
    1376:	80 93 69 03 	sts	0x0369, r24	; 0x800369 <MEN_MSG_PTR>
    137a:	8a e4       	ldi	r24, 0x4A	; 74
    137c:	98 e0       	ldi	r25, 0x08	; 8
    137e:	90 93 6c 03 	sts	0x036C, r25	; 0x80036c <next_cmd_func+0x1>
    1382:	80 93 6b 03 	sts	0x036B, r24	; 0x80036b <next_cmd_func>
    1386:	8e e8       	ldi	r24, 0x8E	; 142
    1388:	95 e0       	ldi	r25, 0x05	; 5
    138a:	90 93 6e 03 	sts	0x036E, r25	; 0x80036e <cmd_bk_func+0x1>
    138e:	80 93 6d 03 	sts	0x036D, r24	; 0x80036d <cmd_bk_func>
    1392:	6b 96       	adiw	r28, 0x1b	; 27
    1394:	0f b6       	in	r0, 0x3f	; 63
    1396:	f8 94       	cli
    1398:	de bf       	out	0x3e, r29	; 62
    139a:	0f be       	out	0x3f, r0	; 63
    139c:	cd bf       	out	0x3d, r28	; 61
    139e:	df 91       	pop	r29
    13a0:	cf 91       	pop	r28
    13a2:	1f 91       	pop	r17
    13a4:	0f 91       	pop	r16
    13a6:	ff 90       	pop	r15
    13a8:	ef 90       	pop	r14
    13aa:	df 90       	pop	r13
    13ac:	cf 90       	pop	r12
    13ae:	bf 90       	pop	r11
    13b0:	af 90       	pop	r10
    13b2:	9f 90       	pop	r9
    13b4:	8f 90       	pop	r8
    13b6:	7f 90       	pop	r7
    13b8:	6f 90       	pop	r6
    13ba:	5f 90       	pop	r5
    13bc:	4f 90       	pop	r4
    13be:	08 95       	ret

000013c0 <Eeprom_addr_select_menu>:
    13c0:	0e 94 7c 06 	call	0xcf8	; 0xcf8 <Cmd_check.constprop.10>
    13c4:	88 23       	and	r24, r24
    13c6:	09 f4       	brne	.+2      	; 0x13ca <Eeprom_addr_select_menu+0xa>
    13c8:	4c c0       	rjmp	.+152    	; 0x1462 <Eeprom_addr_select_menu+0xa2>
    13ca:	83 33       	cpi	r24, 0x33	; 51
    13cc:	89 f0       	breq	.+34     	; 0x13f0 <Eeprom_addr_select_menu+0x30>
    13ce:	30 f4       	brcc	.+12     	; 0x13dc <Eeprom_addr_select_menu+0x1c>
    13d0:	81 33       	cpi	r24, 0x31	; 49
    13d2:	61 f0       	breq	.+24     	; 0x13ec <Eeprom_addr_select_menu+0x2c>
    13d4:	82 33       	cpi	r24, 0x32	; 50
    13d6:	69 f5       	brne	.+90     	; 0x1432 <Eeprom_addr_select_menu+0x72>
    13d8:	82 e5       	ldi	r24, 0x52	; 82
    13da:	0b c0       	rjmp	.+22     	; 0x13f2 <Eeprom_addr_select_menu+0x32>
    13dc:	88 35       	cpi	r24, 0x58	; 88
    13de:	a1 f0       	breq	.+40     	; 0x1408 <Eeprom_addr_select_menu+0x48>
    13e0:	88 37       	cpi	r24, 0x78	; 120
    13e2:	91 f0       	breq	.+36     	; 0x1408 <Eeprom_addr_select_menu+0x48>
    13e4:	84 33       	cpi	r24, 0x34	; 52
    13e6:	29 f5       	brne	.+74     	; 0x1432 <Eeprom_addr_select_menu+0x72>
    13e8:	86 e5       	ldi	r24, 0x56	; 86
    13ea:	03 c0       	rjmp	.+6      	; 0x13f2 <Eeprom_addr_select_menu+0x32>
    13ec:	80 e5       	ldi	r24, 0x50	; 80
    13ee:	01 c0       	rjmp	.+2      	; 0x13f2 <Eeprom_addr_select_menu+0x32>
    13f0:	84 e5       	ldi	r24, 0x54	; 84
    13f2:	80 93 3a 03 	sts	0x033A, r24	; 0x80033a <eeprom_i2C_addr>
    13f6:	8b ef       	ldi	r24, 0xFB	; 251
    13f8:	90 e0       	ldi	r25, 0x00	; 0
    13fa:	90 93 6a 03 	sts	0x036A, r25	; 0x80036a <MEN_MSG_PTR+0x1>
    13fe:	80 93 69 03 	sts	0x0369, r24	; 0x800369 <MEN_MSG_PTR>
    1402:	8a e4       	ldi	r24, 0x4A	; 74
    1404:	98 e0       	ldi	r25, 0x08	; 8
    1406:	23 c0       	rjmp	.+70     	; 0x144e <Eeprom_addr_select_menu+0x8e>
    1408:	8e e9       	ldi	r24, 0x9E	; 158
    140a:	91 e0       	ldi	r25, 0x01	; 1
    140c:	90 93 6a 03 	sts	0x036A, r25	; 0x80036a <MEN_MSG_PTR+0x1>
    1410:	80 93 69 03 	sts	0x0369, r24	; 0x800369 <MEN_MSG_PTR>
    1414:	82 e3       	ldi	r24, 0x32	; 50
    1416:	9a e0       	ldi	r25, 0x0A	; 10
    1418:	90 93 6c 03 	sts	0x036C, r25	; 0x80036c <next_cmd_func+0x1>
    141c:	80 93 6b 03 	sts	0x036B, r24	; 0x80036b <next_cmd_func>
    1420:	8e e8       	ldi	r24, 0x8E	; 142
    1422:	95 e0       	ldi	r25, 0x05	; 5
    1424:	90 93 6e 03 	sts	0x036E, r25	; 0x80036e <cmd_bk_func+0x1>
    1428:	80 93 6d 03 	sts	0x036D, r24	; 0x80036d <cmd_bk_func>
    142c:	80 e0       	ldi	r24, 0x00	; 0
    142e:	0c 94 e9 04 	jmp	0x9d2	; 0x9d2 <MAI_Set_power>
    1432:	85 e0       	ldi	r24, 0x05	; 5
    1434:	95 e0       	ldi	r25, 0x05	; 5
    1436:	0e 94 fe 0a 	call	0x15fc	; 0x15fc <ROM_Read_romstr>
    143a:	0e 94 ab 03 	call	0x756	; 0x756 <ASC_Asci_msg>
    143e:	88 e6       	ldi	r24, 0x68	; 104
    1440:	90 e0       	ldi	r25, 0x00	; 0
    1442:	90 93 6a 03 	sts	0x036A, r25	; 0x80036a <MEN_MSG_PTR+0x1>
    1446:	80 93 69 03 	sts	0x0369, r24	; 0x800369 <MEN_MSG_PTR>
    144a:	80 ee       	ldi	r24, 0xE0	; 224
    144c:	99 e0       	ldi	r25, 0x09	; 9
    144e:	90 93 6c 03 	sts	0x036C, r25	; 0x80036c <next_cmd_func+0x1>
    1452:	80 93 6b 03 	sts	0x036B, r24	; 0x80036b <next_cmd_func>
    1456:	8e e8       	ldi	r24, 0x8E	; 142
    1458:	95 e0       	ldi	r25, 0x05	; 5
    145a:	90 93 6e 03 	sts	0x036E, r25	; 0x80036e <cmd_bk_func+0x1>
    145e:	80 93 6d 03 	sts	0x036D, r24	; 0x80036d <cmd_bk_func>
    1462:	08 95       	ret

00001464 <Debug_menu>:
    1464:	0e 94 7c 06 	call	0xcf8	; 0xcf8 <Cmd_check.constprop.10>
    1468:	88 23       	and	r24, r24
    146a:	d1 f1       	breq	.+116    	; 0x14e0 <Debug_menu+0x7c>
    146c:	88 35       	cpi	r24, 0x58	; 88
    146e:	b9 f0       	breq	.+46     	; 0x149e <Debug_menu+0x3a>
    1470:	18 f4       	brcc	.+6      	; 0x1478 <Debug_menu+0x14>
    1472:	85 34       	cpi	r24, 0x45	; 69
    1474:	31 f0       	breq	.+12     	; 0x1482 <Debug_menu+0x1e>
    1476:	1c c0       	rjmp	.+56     	; 0x14b0 <Debug_menu+0x4c>
    1478:	85 36       	cpi	r24, 0x65	; 101
    147a:	19 f0       	breq	.+6      	; 0x1482 <Debug_menu+0x1e>
    147c:	88 37       	cpi	r24, 0x78	; 120
    147e:	79 f0       	breq	.+30     	; 0x149e <Debug_menu+0x3a>
    1480:	17 c0       	rjmp	.+46     	; 0x14b0 <Debug_menu+0x4c>
    1482:	81 e0       	ldi	r24, 0x01	; 1
    1484:	0e 94 e9 04 	call	0x9d2	; 0x9d2 <MAI_Set_power>
    1488:	0e 94 60 04 	call	0x8c0	; 0x8c0 <I2C_Init>
    148c:	88 e6       	ldi	r24, 0x68	; 104
    148e:	90 e0       	ldi	r25, 0x00	; 0
    1490:	90 93 6a 03 	sts	0x036A, r25	; 0x80036a <MEN_MSG_PTR+0x1>
    1494:	80 93 69 03 	sts	0x0369, r24	; 0x800369 <MEN_MSG_PTR>
    1498:	80 ee       	ldi	r24, 0xE0	; 224
    149a:	99 e0       	ldi	r25, 0x09	; 9
    149c:	17 c0       	rjmp	.+46     	; 0x14cc <Debug_menu+0x68>
    149e:	89 ea       	ldi	r24, 0xA9	; 169
    14a0:	94 e0       	ldi	r25, 0x04	; 4
    14a2:	90 93 6a 03 	sts	0x036A, r25	; 0x80036a <MEN_MSG_PTR+0x1>
    14a6:	80 93 69 03 	sts	0x0369, r24	; 0x800369 <MEN_MSG_PTR>
    14aa:	81 e7       	ldi	r24, 0x71	; 113
    14ac:	9a e0       	ldi	r25, 0x0A	; 10
    14ae:	0e c0       	rjmp	.+28     	; 0x14cc <Debug_menu+0x68>
    14b0:	85 e0       	ldi	r24, 0x05	; 5
    14b2:	95 e0       	ldi	r25, 0x05	; 5
    14b4:	0e 94 fe 0a 	call	0x15fc	; 0x15fc <ROM_Read_romstr>
    14b8:	0e 94 ab 03 	call	0x756	; 0x756 <ASC_Asci_msg>
    14bc:	8e e9       	ldi	r24, 0x9E	; 158
    14be:	91 e0       	ldi	r25, 0x01	; 1
    14c0:	90 93 6a 03 	sts	0x036A, r25	; 0x80036a <MEN_MSG_PTR+0x1>
    14c4:	80 93 69 03 	sts	0x0369, r24	; 0x800369 <MEN_MSG_PTR>
    14c8:	82 e3       	ldi	r24, 0x32	; 50
    14ca:	9a e0       	ldi	r25, 0x0A	; 10
    14cc:	90 93 6c 03 	sts	0x036C, r25	; 0x80036c <next_cmd_func+0x1>
    14d0:	80 93 6b 03 	sts	0x036B, r24	; 0x80036b <next_cmd_func>
    14d4:	8e e8       	ldi	r24, 0x8E	; 142
    14d6:	95 e0       	ldi	r25, 0x05	; 5
    14d8:	90 93 6e 03 	sts	0x036E, r25	; 0x80036e <cmd_bk_func+0x1>
    14dc:	80 93 6d 03 	sts	0x036D, r24	; 0x80036d <cmd_bk_func>
    14e0:	08 95       	ret

000014e2 <Start_menu>:
    14e2:	0e 94 7c 06 	call	0xcf8	; 0xcf8 <Cmd_check.constprop.10>
    14e6:	88 23       	and	r24, r24
    14e8:	c9 f1       	breq	.+114    	; 0x155c <Start_menu+0x7a>
    14ea:	84 35       	cpi	r24, 0x54	; 84
    14ec:	41 f0       	breq	.+16     	; 0x14fe <Start_menu+0x1c>
    14ee:	18 f4       	brcc	.+6      	; 0x14f6 <Start_menu+0x14>
    14f0:	84 34       	cpi	r24, 0x44	; 68
    14f2:	99 f0       	breq	.+38     	; 0x151a <Start_menu+0x38>
    14f4:	1b c0       	rjmp	.+54     	; 0x152c <Start_menu+0x4a>
    14f6:	84 36       	cpi	r24, 0x64	; 100
    14f8:	81 f0       	breq	.+32     	; 0x151a <Start_menu+0x38>
    14fa:	84 37       	cpi	r24, 0x74	; 116
    14fc:	b9 f4       	brne	.+46     	; 0x152c <Start_menu+0x4a>
    14fe:	10 92 53 03 	sts	0x0353, r1	; 0x800353 <user_ip_buf_ix>
    1502:	8a e0       	ldi	r24, 0x0A	; 10
    1504:	80 93 52 03 	sts	0x0352, r24	; 0x800352 <user_ip_max_chars>
    1508:	83 e6       	ldi	r24, 0x63	; 99
    150a:	94 e0       	ldi	r25, 0x04	; 4
    150c:	90 93 6a 03 	sts	0x036A, r25	; 0x80036a <MEN_MSG_PTR+0x1>
    1510:	80 93 69 03 	sts	0x0369, r24	; 0x800369 <MEN_MSG_PTR>
    1514:	87 ef       	ldi	r24, 0xF7	; 247
    1516:	97 e0       	ldi	r25, 0x07	; 7
    1518:	17 c0       	rjmp	.+46     	; 0x1548 <Start_menu+0x66>
    151a:	8e e9       	ldi	r24, 0x9E	; 158
    151c:	91 e0       	ldi	r25, 0x01	; 1
    151e:	90 93 6a 03 	sts	0x036A, r25	; 0x80036a <MEN_MSG_PTR+0x1>
    1522:	80 93 69 03 	sts	0x0369, r24	; 0x800369 <MEN_MSG_PTR>
    1526:	82 e3       	ldi	r24, 0x32	; 50
    1528:	9a e0       	ldi	r25, 0x0A	; 10
    152a:	0e c0       	rjmp	.+28     	; 0x1548 <Start_menu+0x66>
    152c:	85 e0       	ldi	r24, 0x05	; 5
    152e:	95 e0       	ldi	r25, 0x05	; 5
    1530:	0e 94 fe 0a 	call	0x15fc	; 0x15fc <ROM_Read_romstr>
    1534:	0e 94 ab 03 	call	0x756	; 0x756 <ASC_Asci_msg>
    1538:	89 ea       	ldi	r24, 0xA9	; 169
    153a:	94 e0       	ldi	r25, 0x04	; 4
    153c:	90 93 6a 03 	sts	0x036A, r25	; 0x80036a <MEN_MSG_PTR+0x1>
    1540:	80 93 69 03 	sts	0x0369, r24	; 0x800369 <MEN_MSG_PTR>
    1544:	81 e7       	ldi	r24, 0x71	; 113
    1546:	9a e0       	ldi	r25, 0x0A	; 10
    1548:	90 93 6c 03 	sts	0x036C, r25	; 0x80036c <next_cmd_func+0x1>
    154c:	80 93 6b 03 	sts	0x036B, r24	; 0x80036b <next_cmd_func>
    1550:	8e e8       	ldi	r24, 0x8E	; 142
    1552:	95 e0       	ldi	r25, 0x05	; 5
    1554:	90 93 6e 03 	sts	0x036E, r25	; 0x80036e <cmd_bk_func+0x1>
    1558:	80 93 6d 03 	sts	0x036D, r24	; 0x80036d <cmd_bk_func>
    155c:	08 95       	ret

0000155e <MEN_Init>:
    155e:	87 e8       	ldi	r24, 0x87	; 135
    1560:	95 e0       	ldi	r25, 0x05	; 5
    1562:	0e 94 fe 0a 	call	0x15fc	; 0x15fc <ROM_Read_romstr>
    1566:	0e 94 ab 03 	call	0x756	; 0x756 <ASC_Asci_msg>
    156a:	80 e2       	ldi	r24, 0x20	; 32
    156c:	95 e0       	ldi	r25, 0x05	; 5
    156e:	0e 94 fe 0a 	call	0x15fc	; 0x15fc <ROM_Read_romstr>
    1572:	0e 94 ab 03 	call	0x756	; 0x756 <ASC_Asci_msg>
    1576:	0e 94 72 0b 	call	0x16e4	; 0x16e4 <VER_Get_sw_pn>
    157a:	0e 94 fe 0a 	call	0x15fc	; 0x15fc <ROM_Read_romstr>
    157e:	0e 94 ab 03 	call	0x756	; 0x756 <ASC_Asci_msg>
    1582:	84 e7       	ldi	r24, 0x74	; 116
    1584:	92 e0       	ldi	r25, 0x02	; 2
    1586:	0e 94 ab 03 	call	0x756	; 0x756 <ASC_Asci_msg>
    158a:	89 ea       	ldi	r24, 0xA9	; 169
    158c:	94 e0       	ldi	r25, 0x04	; 4
    158e:	90 93 6a 03 	sts	0x036A, r25	; 0x80036a <MEN_MSG_PTR+0x1>
    1592:	80 93 69 03 	sts	0x0369, r24	; 0x800369 <MEN_MSG_PTR>
    1596:	81 e7       	ldi	r24, 0x71	; 113
    1598:	9a e0       	ldi	r25, 0x0A	; 10
    159a:	90 93 6c 03 	sts	0x036C, r25	; 0x80036c <next_cmd_func+0x1>
    159e:	80 93 6b 03 	sts	0x036B, r24	; 0x80036b <next_cmd_func>
    15a2:	8e e8       	ldi	r24, 0x8E	; 142
    15a4:	95 e0       	ldi	r25, 0x05	; 5
    15a6:	90 93 6e 03 	sts	0x036E, r25	; 0x80036e <cmd_bk_func+0x1>
    15aa:	80 93 6d 03 	sts	0x036D, r24	; 0x80036d <cmd_bk_func>
    15ae:	08 95       	ret

000015b0 <MEN_bkproc>:
    15b0:	e0 91 6d 03 	lds	r30, 0x036D	; 0x80036d <cmd_bk_func>
    15b4:	f0 91 6e 03 	lds	r31, 0x036E	; 0x80036e <cmd_bk_func+0x1>
    15b8:	30 97       	sbiw	r30, 0x00	; 0
    15ba:	09 f0       	breq	.+2      	; 0x15be <MEN_bkproc+0xe>
    15bc:	09 94       	ijmp
    15be:	08 95       	ret

000015c0 <ROM_Read_romdata>:
    15c0:	a6 ea       	ldi	r26, 0xA6	; 166
    15c2:	b3 e0       	ldi	r27, 0x03	; 3
    15c4:	20 e0       	ldi	r18, 0x00	; 0
    15c6:	30 e0       	ldi	r19, 0x00	; 0
    15c8:	26 17       	cp	r18, r22
    15ca:	37 07       	cpc	r19, r23
    15cc:	41 f0       	breq	.+16     	; 0x15de <ROM_Read_romdata+0x1e>
    15ce:	fc 01       	movw	r30, r24
    15d0:	e2 0f       	add	r30, r18
    15d2:	f3 1f       	adc	r31, r19
    15d4:	e4 91       	lpm	r30, Z
    15d6:	ed 93       	st	X+, r30
    15d8:	2f 5f       	subi	r18, 0xFF	; 255
    15da:	3f 4f       	sbci	r19, 0xFF	; 255
    15dc:	f5 cf       	rjmp	.-22     	; 0x15c8 <ROM_Read_romdata+0x8>
    15de:	86 ea       	ldi	r24, 0xA6	; 166
    15e0:	93 e0       	ldi	r25, 0x03	; 3
    15e2:	08 95       	ret

000015e4 <ROM_Romstrlen>:
    15e4:	9c 01       	movw	r18, r24
    15e6:	80 e0       	ldi	r24, 0x00	; 0
    15e8:	90 e0       	ldi	r25, 0x00	; 0
    15ea:	f9 01       	movw	r30, r18
    15ec:	e8 0f       	add	r30, r24
    15ee:	f9 1f       	adc	r31, r25
    15f0:	e4 91       	lpm	r30, Z
    15f2:	ee 23       	and	r30, r30
    15f4:	11 f0       	breq	.+4      	; 0x15fa <ROM_Romstrlen+0x16>
    15f6:	01 96       	adiw	r24, 0x01	; 1
    15f8:	f8 cf       	rjmp	.-16     	; 0x15ea <ROM_Romstrlen+0x6>
    15fa:	08 95       	ret

000015fc <ROM_Read_romstr>:
    15fc:	cf 93       	push	r28
    15fe:	df 93       	push	r29
    1600:	ec 01       	movw	r28, r24
    1602:	0e 94 f2 0a 	call	0x15e4	; 0x15e4 <ROM_Romstrlen>
    1606:	bc 01       	movw	r22, r24
    1608:	6f 5f       	subi	r22, 0xFF	; 255
    160a:	7f 4f       	sbci	r23, 0xFF	; 255
    160c:	ce 01       	movw	r24, r28
    160e:	df 91       	pop	r29
    1610:	cf 91       	pop	r28
    1612:	0c 94 e0 0a 	jmp	0x15c0	; 0x15c0 <ROM_Read_romdata>

00001616 <TIM_Init_timer>:
    1616:	10 92 73 03 	sts	0x0373, r1	; 0x800373 <set_delay+0x1>
    161a:	10 92 72 03 	sts	0x0372, r1	; 0x800372 <set_delay>
    161e:	10 92 71 03 	sts	0x0371, r1	; 0x800371 <delay_cnt+0x1>
    1622:	10 92 70 03 	sts	0x0370, r1	; 0x800370 <delay_cnt>
    1626:	10 92 6f 03 	sts	0x036F, r1	; 0x80036f <delay_flag>
    162a:	08 95       	ret

0000162c <TIM_Delay>:
    162c:	90 93 73 03 	sts	0x0373, r25	; 0x800373 <set_delay+0x1>
    1630:	80 93 72 03 	sts	0x0372, r24	; 0x800372 <set_delay>
    1634:	10 92 71 03 	sts	0x0371, r1	; 0x800371 <delay_cnt+0x1>
    1638:	10 92 70 03 	sts	0x0370, r1	; 0x800370 <delay_cnt>
    163c:	10 92 85 00 	sts	0x0085, r1	; 0x800085 <__TEXT_REGION_LENGTH__+0x7f8085>
    1640:	10 92 84 00 	sts	0x0084, r1	; 0x800084 <__TEXT_REGION_LENGTH__+0x7f8084>
    1644:	8a ef       	ldi	r24, 0xFA	; 250
    1646:	90 e0       	ldi	r25, 0x00	; 0
    1648:	90 93 89 00 	sts	0x0089, r25	; 0x800089 <__TEXT_REGION_LENGTH__+0x7f8089>
    164c:	80 93 88 00 	sts	0x0088, r24	; 0x800088 <__TEXT_REGION_LENGTH__+0x7f8088>
    1650:	ef e6       	ldi	r30, 0x6F	; 111
    1652:	f0 e0       	ldi	r31, 0x00	; 0
    1654:	80 81       	ld	r24, Z
    1656:	82 60       	ori	r24, 0x02	; 2
    1658:	80 83       	st	Z, r24
    165a:	e1 e8       	ldi	r30, 0x81	; 129
    165c:	f0 e0       	ldi	r31, 0x00	; 0
    165e:	80 81       	ld	r24, Z
    1660:	83 60       	ori	r24, 0x03	; 3
    1662:	80 83       	st	Z, r24
    1664:	08 95       	ret

00001666 <TIM_Get_delay_flag>:
    1666:	80 91 6f 03 	lds	r24, 0x036F	; 0x80036f <delay_flag>
    166a:	88 23       	and	r24, r24
    166c:	19 f0       	breq	.+6      	; 0x1674 <TIM_Get_delay_flag+0xe>
    166e:	10 92 6f 03 	sts	0x036F, r1	; 0x80036f <delay_flag>
    1672:	81 e0       	ldi	r24, 0x01	; 1
    1674:	08 95       	ret

00001676 <__vector_11>:
    1676:	1f 92       	push	r1
    1678:	0f 92       	push	r0
    167a:	0f b6       	in	r0, 0x3f	; 63
    167c:	0f 92       	push	r0
    167e:	11 24       	eor	r1, r1
    1680:	2f 93       	push	r18
    1682:	3f 93       	push	r19
    1684:	8f 93       	push	r24
    1686:	9f 93       	push	r25
    1688:	80 91 70 03 	lds	r24, 0x0370	; 0x800370 <delay_cnt>
    168c:	90 91 71 03 	lds	r25, 0x0371	; 0x800371 <delay_cnt+0x1>
    1690:	01 96       	adiw	r24, 0x01	; 1
    1692:	90 93 71 03 	sts	0x0371, r25	; 0x800371 <delay_cnt+0x1>
    1696:	80 93 70 03 	sts	0x0370, r24	; 0x800370 <delay_cnt>
    169a:	20 91 72 03 	lds	r18, 0x0372	; 0x800372 <set_delay>
    169e:	30 91 73 03 	lds	r19, 0x0373	; 0x800373 <set_delay+0x1>
    16a2:	82 17       	cp	r24, r18
    16a4:	93 07       	cpc	r25, r19
    16a6:	59 f4       	brne	.+22     	; 0x16be <__vector_11+0x48>
    16a8:	10 92 81 00 	sts	0x0081, r1	; 0x800081 <__TEXT_REGION_LENGTH__+0x7f8081>
    16ac:	80 91 6f 00 	lds	r24, 0x006F	; 0x80006f <__TEXT_REGION_LENGTH__+0x7f806f>
    16b0:	8d 7f       	andi	r24, 0xFD	; 253
    16b2:	80 93 6f 00 	sts	0x006F, r24	; 0x80006f <__TEXT_REGION_LENGTH__+0x7f806f>
    16b6:	81 e0       	ldi	r24, 0x01	; 1
    16b8:	80 93 6f 03 	sts	0x036F, r24	; 0x80036f <delay_flag>
    16bc:	0a c0       	rjmp	.+20     	; 0x16d2 <__vector_11+0x5c>
    16be:	80 91 88 00 	lds	r24, 0x0088	; 0x800088 <__TEXT_REGION_LENGTH__+0x7f8088>
    16c2:	90 91 89 00 	lds	r25, 0x0089	; 0x800089 <__TEXT_REGION_LENGTH__+0x7f8089>
    16c6:	86 50       	subi	r24, 0x06	; 6
    16c8:	9f 4f       	sbci	r25, 0xFF	; 255
    16ca:	90 93 89 00 	sts	0x0089, r25	; 0x800089 <__TEXT_REGION_LENGTH__+0x7f8089>
    16ce:	80 93 88 00 	sts	0x0088, r24	; 0x800088 <__TEXT_REGION_LENGTH__+0x7f8088>
    16d2:	9f 91       	pop	r25
    16d4:	8f 91       	pop	r24
    16d6:	3f 91       	pop	r19
    16d8:	2f 91       	pop	r18
    16da:	0f 90       	pop	r0
    16dc:	0f be       	out	0x3f, r0	; 63
    16de:	0f 90       	pop	r0
    16e0:	1f 90       	pop	r1
    16e2:	18 95       	reti

000016e4 <VER_Get_sw_pn>:
    16e4:	88 ed       	ldi	r24, 0xD8	; 216
    16e6:	95 e0       	ldi	r25, 0x05	; 5
    16e8:	08 95       	ret

000016ea <strcpy>:
    16ea:	fb 01       	movw	r30, r22
    16ec:	dc 01       	movw	r26, r24
    16ee:	01 90       	ld	r0, Z+
    16f0:	0d 92       	st	X+, r0
    16f2:	00 20       	and	r0, r0
    16f4:	e1 f7       	brne	.-8      	; 0x16ee <strcpy+0x4>
    16f6:	08 95       	ret

000016f8 <sprintf>:
    16f8:	ae e0       	ldi	r26, 0x0E	; 14
    16fa:	b0 e0       	ldi	r27, 0x00	; 0
    16fc:	e2 e8       	ldi	r30, 0x82	; 130
    16fe:	fb e0       	ldi	r31, 0x0B	; 11
    1700:	0c 94 3d 0e 	jmp	0x1c7a	; 0x1c7a <__prologue_saves__+0x1c>
    1704:	0d 89       	ldd	r16, Y+21	; 0x15
    1706:	1e 89       	ldd	r17, Y+22	; 0x16
    1708:	86 e0       	ldi	r24, 0x06	; 6
    170a:	8c 83       	std	Y+4, r24	; 0x04
    170c:	1a 83       	std	Y+2, r17	; 0x02
    170e:	09 83       	std	Y+1, r16	; 0x01
    1710:	8f ef       	ldi	r24, 0xFF	; 255
    1712:	9f e7       	ldi	r25, 0x7F	; 127
    1714:	9e 83       	std	Y+6, r25	; 0x06
    1716:	8d 83       	std	Y+5, r24	; 0x05
    1718:	ae 01       	movw	r20, r28
    171a:	47 5e       	subi	r20, 0xE7	; 231
    171c:	5f 4f       	sbci	r21, 0xFF	; 255
    171e:	6f 89       	ldd	r22, Y+23	; 0x17
    1720:	78 8d       	ldd	r23, Y+24	; 0x18
    1722:	ce 01       	movw	r24, r28
    1724:	01 96       	adiw	r24, 0x01	; 1
    1726:	0e 94 9e 0b 	call	0x173c	; 0x173c <vfprintf>
    172a:	ef 81       	ldd	r30, Y+7	; 0x07
    172c:	f8 85       	ldd	r31, Y+8	; 0x08
    172e:	e0 0f       	add	r30, r16
    1730:	f1 1f       	adc	r31, r17
    1732:	10 82       	st	Z, r1
    1734:	2e 96       	adiw	r28, 0x0e	; 14
    1736:	e4 e0       	ldi	r30, 0x04	; 4
    1738:	0c 94 59 0e 	jmp	0x1cb2	; 0x1cb2 <__epilogue_restores__+0x1c>

0000173c <vfprintf>:
    173c:	ab e0       	ldi	r26, 0x0B	; 11
    173e:	b0 e0       	ldi	r27, 0x00	; 0
    1740:	e4 ea       	ldi	r30, 0xA4	; 164
    1742:	fb e0       	ldi	r31, 0x0B	; 11
    1744:	0c 94 2f 0e 	jmp	0x1c5e	; 0x1c5e <__prologue_saves__>
    1748:	6c 01       	movw	r12, r24
    174a:	7b 01       	movw	r14, r22
    174c:	8a 01       	movw	r16, r20
    174e:	fc 01       	movw	r30, r24
    1750:	17 82       	std	Z+7, r1	; 0x07
    1752:	16 82       	std	Z+6, r1	; 0x06
    1754:	83 81       	ldd	r24, Z+3	; 0x03
    1756:	81 ff       	sbrs	r24, 1
    1758:	cc c1       	rjmp	.+920    	; 0x1af2 <vfprintf+0x3b6>
    175a:	ce 01       	movw	r24, r28
    175c:	01 96       	adiw	r24, 0x01	; 1
    175e:	3c 01       	movw	r6, r24
    1760:	f6 01       	movw	r30, r12
    1762:	93 81       	ldd	r25, Z+3	; 0x03
    1764:	f7 01       	movw	r30, r14
    1766:	93 fd       	sbrc	r25, 3
    1768:	85 91       	lpm	r24, Z+
    176a:	93 ff       	sbrs	r25, 3
    176c:	81 91       	ld	r24, Z+
    176e:	7f 01       	movw	r14, r30
    1770:	88 23       	and	r24, r24
    1772:	09 f4       	brne	.+2      	; 0x1776 <vfprintf+0x3a>
    1774:	ba c1       	rjmp	.+884    	; 0x1aea <vfprintf+0x3ae>
    1776:	85 32       	cpi	r24, 0x25	; 37
    1778:	39 f4       	brne	.+14     	; 0x1788 <vfprintf+0x4c>
    177a:	93 fd       	sbrc	r25, 3
    177c:	85 91       	lpm	r24, Z+
    177e:	93 ff       	sbrs	r25, 3
    1780:	81 91       	ld	r24, Z+
    1782:	7f 01       	movw	r14, r30
    1784:	85 32       	cpi	r24, 0x25	; 37
    1786:	29 f4       	brne	.+10     	; 0x1792 <vfprintf+0x56>
    1788:	b6 01       	movw	r22, r12
    178a:	90 e0       	ldi	r25, 0x00	; 0
    178c:	0e 94 95 0d 	call	0x1b2a	; 0x1b2a <fputc>
    1790:	e7 cf       	rjmp	.-50     	; 0x1760 <vfprintf+0x24>
    1792:	91 2c       	mov	r9, r1
    1794:	21 2c       	mov	r2, r1
    1796:	31 2c       	mov	r3, r1
    1798:	ff e1       	ldi	r31, 0x1F	; 31
    179a:	f3 15       	cp	r31, r3
    179c:	d8 f0       	brcs	.+54     	; 0x17d4 <vfprintf+0x98>
    179e:	8b 32       	cpi	r24, 0x2B	; 43
    17a0:	79 f0       	breq	.+30     	; 0x17c0 <vfprintf+0x84>
    17a2:	38 f4       	brcc	.+14     	; 0x17b2 <vfprintf+0x76>
    17a4:	80 32       	cpi	r24, 0x20	; 32
    17a6:	79 f0       	breq	.+30     	; 0x17c6 <vfprintf+0x8a>
    17a8:	83 32       	cpi	r24, 0x23	; 35
    17aa:	a1 f4       	brne	.+40     	; 0x17d4 <vfprintf+0x98>
    17ac:	23 2d       	mov	r18, r3
    17ae:	20 61       	ori	r18, 0x10	; 16
    17b0:	1d c0       	rjmp	.+58     	; 0x17ec <vfprintf+0xb0>
    17b2:	8d 32       	cpi	r24, 0x2D	; 45
    17b4:	61 f0       	breq	.+24     	; 0x17ce <vfprintf+0x92>
    17b6:	80 33       	cpi	r24, 0x30	; 48
    17b8:	69 f4       	brne	.+26     	; 0x17d4 <vfprintf+0x98>
    17ba:	23 2d       	mov	r18, r3
    17bc:	21 60       	ori	r18, 0x01	; 1
    17be:	16 c0       	rjmp	.+44     	; 0x17ec <vfprintf+0xb0>
    17c0:	83 2d       	mov	r24, r3
    17c2:	82 60       	ori	r24, 0x02	; 2
    17c4:	38 2e       	mov	r3, r24
    17c6:	e3 2d       	mov	r30, r3
    17c8:	e4 60       	ori	r30, 0x04	; 4
    17ca:	3e 2e       	mov	r3, r30
    17cc:	2a c0       	rjmp	.+84     	; 0x1822 <vfprintf+0xe6>
    17ce:	f3 2d       	mov	r31, r3
    17d0:	f8 60       	ori	r31, 0x08	; 8
    17d2:	1d c0       	rjmp	.+58     	; 0x180e <vfprintf+0xd2>
    17d4:	37 fc       	sbrc	r3, 7
    17d6:	2d c0       	rjmp	.+90     	; 0x1832 <vfprintf+0xf6>
    17d8:	20 ed       	ldi	r18, 0xD0	; 208
    17da:	28 0f       	add	r18, r24
    17dc:	2a 30       	cpi	r18, 0x0A	; 10
    17de:	40 f0       	brcs	.+16     	; 0x17f0 <vfprintf+0xb4>
    17e0:	8e 32       	cpi	r24, 0x2E	; 46
    17e2:	b9 f4       	brne	.+46     	; 0x1812 <vfprintf+0xd6>
    17e4:	36 fc       	sbrc	r3, 6
    17e6:	81 c1       	rjmp	.+770    	; 0x1aea <vfprintf+0x3ae>
    17e8:	23 2d       	mov	r18, r3
    17ea:	20 64       	ori	r18, 0x40	; 64
    17ec:	32 2e       	mov	r3, r18
    17ee:	19 c0       	rjmp	.+50     	; 0x1822 <vfprintf+0xe6>
    17f0:	36 fe       	sbrs	r3, 6
    17f2:	06 c0       	rjmp	.+12     	; 0x1800 <vfprintf+0xc4>
    17f4:	8a e0       	ldi	r24, 0x0A	; 10
    17f6:	98 9e       	mul	r9, r24
    17f8:	20 0d       	add	r18, r0
    17fa:	11 24       	eor	r1, r1
    17fc:	92 2e       	mov	r9, r18
    17fe:	11 c0       	rjmp	.+34     	; 0x1822 <vfprintf+0xe6>
    1800:	ea e0       	ldi	r30, 0x0A	; 10
    1802:	2e 9e       	mul	r2, r30
    1804:	20 0d       	add	r18, r0
    1806:	11 24       	eor	r1, r1
    1808:	22 2e       	mov	r2, r18
    180a:	f3 2d       	mov	r31, r3
    180c:	f0 62       	ori	r31, 0x20	; 32
    180e:	3f 2e       	mov	r3, r31
    1810:	08 c0       	rjmp	.+16     	; 0x1822 <vfprintf+0xe6>
    1812:	8c 36       	cpi	r24, 0x6C	; 108
    1814:	21 f4       	brne	.+8      	; 0x181e <vfprintf+0xe2>
    1816:	83 2d       	mov	r24, r3
    1818:	80 68       	ori	r24, 0x80	; 128
    181a:	38 2e       	mov	r3, r24
    181c:	02 c0       	rjmp	.+4      	; 0x1822 <vfprintf+0xe6>
    181e:	88 36       	cpi	r24, 0x68	; 104
    1820:	41 f4       	brne	.+16     	; 0x1832 <vfprintf+0xf6>
    1822:	f7 01       	movw	r30, r14
    1824:	93 fd       	sbrc	r25, 3
    1826:	85 91       	lpm	r24, Z+
    1828:	93 ff       	sbrs	r25, 3
    182a:	81 91       	ld	r24, Z+
    182c:	7f 01       	movw	r14, r30
    182e:	81 11       	cpse	r24, r1
    1830:	b3 cf       	rjmp	.-154    	; 0x1798 <vfprintf+0x5c>
    1832:	98 2f       	mov	r25, r24
    1834:	9f 7d       	andi	r25, 0xDF	; 223
    1836:	95 54       	subi	r25, 0x45	; 69
    1838:	93 30       	cpi	r25, 0x03	; 3
    183a:	28 f4       	brcc	.+10     	; 0x1846 <vfprintf+0x10a>
    183c:	0c 5f       	subi	r16, 0xFC	; 252
    183e:	1f 4f       	sbci	r17, 0xFF	; 255
    1840:	9f e3       	ldi	r25, 0x3F	; 63
    1842:	99 83       	std	Y+1, r25	; 0x01
    1844:	0d c0       	rjmp	.+26     	; 0x1860 <vfprintf+0x124>
    1846:	83 36       	cpi	r24, 0x63	; 99
    1848:	31 f0       	breq	.+12     	; 0x1856 <vfprintf+0x11a>
    184a:	83 37       	cpi	r24, 0x73	; 115
    184c:	71 f0       	breq	.+28     	; 0x186a <vfprintf+0x12e>
    184e:	83 35       	cpi	r24, 0x53	; 83
    1850:	09 f0       	breq	.+2      	; 0x1854 <vfprintf+0x118>
    1852:	59 c0       	rjmp	.+178    	; 0x1906 <vfprintf+0x1ca>
    1854:	21 c0       	rjmp	.+66     	; 0x1898 <vfprintf+0x15c>
    1856:	f8 01       	movw	r30, r16
    1858:	80 81       	ld	r24, Z
    185a:	89 83       	std	Y+1, r24	; 0x01
    185c:	0e 5f       	subi	r16, 0xFE	; 254
    185e:	1f 4f       	sbci	r17, 0xFF	; 255
    1860:	88 24       	eor	r8, r8
    1862:	83 94       	inc	r8
    1864:	91 2c       	mov	r9, r1
    1866:	53 01       	movw	r10, r6
    1868:	13 c0       	rjmp	.+38     	; 0x1890 <vfprintf+0x154>
    186a:	28 01       	movw	r4, r16
    186c:	f2 e0       	ldi	r31, 0x02	; 2
    186e:	4f 0e       	add	r4, r31
    1870:	51 1c       	adc	r5, r1
    1872:	f8 01       	movw	r30, r16
    1874:	a0 80       	ld	r10, Z
    1876:	b1 80       	ldd	r11, Z+1	; 0x01
    1878:	36 fe       	sbrs	r3, 6
    187a:	03 c0       	rjmp	.+6      	; 0x1882 <vfprintf+0x146>
    187c:	69 2d       	mov	r22, r9
    187e:	70 e0       	ldi	r23, 0x00	; 0
    1880:	02 c0       	rjmp	.+4      	; 0x1886 <vfprintf+0x14a>
    1882:	6f ef       	ldi	r22, 0xFF	; 255
    1884:	7f ef       	ldi	r23, 0xFF	; 255
    1886:	c5 01       	movw	r24, r10
    1888:	0e 94 8a 0d 	call	0x1b14	; 0x1b14 <strnlen>
    188c:	4c 01       	movw	r8, r24
    188e:	82 01       	movw	r16, r4
    1890:	f3 2d       	mov	r31, r3
    1892:	ff 77       	andi	r31, 0x7F	; 127
    1894:	3f 2e       	mov	r3, r31
    1896:	16 c0       	rjmp	.+44     	; 0x18c4 <vfprintf+0x188>
    1898:	28 01       	movw	r4, r16
    189a:	22 e0       	ldi	r18, 0x02	; 2
    189c:	42 0e       	add	r4, r18
    189e:	51 1c       	adc	r5, r1
    18a0:	f8 01       	movw	r30, r16
    18a2:	a0 80       	ld	r10, Z
    18a4:	b1 80       	ldd	r11, Z+1	; 0x01
    18a6:	36 fe       	sbrs	r3, 6
    18a8:	03 c0       	rjmp	.+6      	; 0x18b0 <vfprintf+0x174>
    18aa:	69 2d       	mov	r22, r9
    18ac:	70 e0       	ldi	r23, 0x00	; 0
    18ae:	02 c0       	rjmp	.+4      	; 0x18b4 <vfprintf+0x178>
    18b0:	6f ef       	ldi	r22, 0xFF	; 255
    18b2:	7f ef       	ldi	r23, 0xFF	; 255
    18b4:	c5 01       	movw	r24, r10
    18b6:	0e 94 7f 0d 	call	0x1afe	; 0x1afe <strnlen_P>
    18ba:	4c 01       	movw	r8, r24
    18bc:	f3 2d       	mov	r31, r3
    18be:	f0 68       	ori	r31, 0x80	; 128
    18c0:	3f 2e       	mov	r3, r31
    18c2:	82 01       	movw	r16, r4
    18c4:	33 fc       	sbrc	r3, 3
    18c6:	1b c0       	rjmp	.+54     	; 0x18fe <vfprintf+0x1c2>
    18c8:	82 2d       	mov	r24, r2
    18ca:	90 e0       	ldi	r25, 0x00	; 0
    18cc:	88 16       	cp	r8, r24
    18ce:	99 06       	cpc	r9, r25
    18d0:	b0 f4       	brcc	.+44     	; 0x18fe <vfprintf+0x1c2>
    18d2:	b6 01       	movw	r22, r12
    18d4:	80 e2       	ldi	r24, 0x20	; 32
    18d6:	90 e0       	ldi	r25, 0x00	; 0
    18d8:	0e 94 95 0d 	call	0x1b2a	; 0x1b2a <fputc>
    18dc:	2a 94       	dec	r2
    18de:	f4 cf       	rjmp	.-24     	; 0x18c8 <vfprintf+0x18c>
    18e0:	f5 01       	movw	r30, r10
    18e2:	37 fc       	sbrc	r3, 7
    18e4:	85 91       	lpm	r24, Z+
    18e6:	37 fe       	sbrs	r3, 7
    18e8:	81 91       	ld	r24, Z+
    18ea:	5f 01       	movw	r10, r30
    18ec:	b6 01       	movw	r22, r12
    18ee:	90 e0       	ldi	r25, 0x00	; 0
    18f0:	0e 94 95 0d 	call	0x1b2a	; 0x1b2a <fputc>
    18f4:	21 10       	cpse	r2, r1
    18f6:	2a 94       	dec	r2
    18f8:	21 e0       	ldi	r18, 0x01	; 1
    18fa:	82 1a       	sub	r8, r18
    18fc:	91 08       	sbc	r9, r1
    18fe:	81 14       	cp	r8, r1
    1900:	91 04       	cpc	r9, r1
    1902:	71 f7       	brne	.-36     	; 0x18e0 <vfprintf+0x1a4>
    1904:	e8 c0       	rjmp	.+464    	; 0x1ad6 <vfprintf+0x39a>
    1906:	84 36       	cpi	r24, 0x64	; 100
    1908:	11 f0       	breq	.+4      	; 0x190e <vfprintf+0x1d2>
    190a:	89 36       	cpi	r24, 0x69	; 105
    190c:	41 f5       	brne	.+80     	; 0x195e <vfprintf+0x222>
    190e:	f8 01       	movw	r30, r16
    1910:	37 fe       	sbrs	r3, 7
    1912:	07 c0       	rjmp	.+14     	; 0x1922 <vfprintf+0x1e6>
    1914:	60 81       	ld	r22, Z
    1916:	71 81       	ldd	r23, Z+1	; 0x01
    1918:	82 81       	ldd	r24, Z+2	; 0x02
    191a:	93 81       	ldd	r25, Z+3	; 0x03
    191c:	0c 5f       	subi	r16, 0xFC	; 252
    191e:	1f 4f       	sbci	r17, 0xFF	; 255
    1920:	08 c0       	rjmp	.+16     	; 0x1932 <vfprintf+0x1f6>
    1922:	60 81       	ld	r22, Z
    1924:	71 81       	ldd	r23, Z+1	; 0x01
    1926:	07 2e       	mov	r0, r23
    1928:	00 0c       	add	r0, r0
    192a:	88 0b       	sbc	r24, r24
    192c:	99 0b       	sbc	r25, r25
    192e:	0e 5f       	subi	r16, 0xFE	; 254
    1930:	1f 4f       	sbci	r17, 0xFF	; 255
    1932:	f3 2d       	mov	r31, r3
    1934:	ff 76       	andi	r31, 0x6F	; 111
    1936:	3f 2e       	mov	r3, r31
    1938:	97 ff       	sbrs	r25, 7
    193a:	09 c0       	rjmp	.+18     	; 0x194e <vfprintf+0x212>
    193c:	90 95       	com	r25
    193e:	80 95       	com	r24
    1940:	70 95       	com	r23
    1942:	61 95       	neg	r22
    1944:	7f 4f       	sbci	r23, 0xFF	; 255
    1946:	8f 4f       	sbci	r24, 0xFF	; 255
    1948:	9f 4f       	sbci	r25, 0xFF	; 255
    194a:	f0 68       	ori	r31, 0x80	; 128
    194c:	3f 2e       	mov	r3, r31
    194e:	2a e0       	ldi	r18, 0x0A	; 10
    1950:	30 e0       	ldi	r19, 0x00	; 0
    1952:	a3 01       	movw	r20, r6
    1954:	0e 94 d1 0d 	call	0x1ba2	; 0x1ba2 <__ultoa_invert>
    1958:	88 2e       	mov	r8, r24
    195a:	86 18       	sub	r8, r6
    195c:	45 c0       	rjmp	.+138    	; 0x19e8 <vfprintf+0x2ac>
    195e:	85 37       	cpi	r24, 0x75	; 117
    1960:	31 f4       	brne	.+12     	; 0x196e <vfprintf+0x232>
    1962:	23 2d       	mov	r18, r3
    1964:	2f 7e       	andi	r18, 0xEF	; 239
    1966:	b2 2e       	mov	r11, r18
    1968:	2a e0       	ldi	r18, 0x0A	; 10
    196a:	30 e0       	ldi	r19, 0x00	; 0
    196c:	25 c0       	rjmp	.+74     	; 0x19b8 <vfprintf+0x27c>
    196e:	93 2d       	mov	r25, r3
    1970:	99 7f       	andi	r25, 0xF9	; 249
    1972:	b9 2e       	mov	r11, r25
    1974:	8f 36       	cpi	r24, 0x6F	; 111
    1976:	c1 f0       	breq	.+48     	; 0x19a8 <vfprintf+0x26c>
    1978:	18 f4       	brcc	.+6      	; 0x1980 <vfprintf+0x244>
    197a:	88 35       	cpi	r24, 0x58	; 88
    197c:	79 f0       	breq	.+30     	; 0x199c <vfprintf+0x260>
    197e:	b5 c0       	rjmp	.+362    	; 0x1aea <vfprintf+0x3ae>
    1980:	80 37       	cpi	r24, 0x70	; 112
    1982:	19 f0       	breq	.+6      	; 0x198a <vfprintf+0x24e>
    1984:	88 37       	cpi	r24, 0x78	; 120
    1986:	21 f0       	breq	.+8      	; 0x1990 <vfprintf+0x254>
    1988:	b0 c0       	rjmp	.+352    	; 0x1aea <vfprintf+0x3ae>
    198a:	e9 2f       	mov	r30, r25
    198c:	e0 61       	ori	r30, 0x10	; 16
    198e:	be 2e       	mov	r11, r30
    1990:	b4 fe       	sbrs	r11, 4
    1992:	0d c0       	rjmp	.+26     	; 0x19ae <vfprintf+0x272>
    1994:	fb 2d       	mov	r31, r11
    1996:	f4 60       	ori	r31, 0x04	; 4
    1998:	bf 2e       	mov	r11, r31
    199a:	09 c0       	rjmp	.+18     	; 0x19ae <vfprintf+0x272>
    199c:	34 fe       	sbrs	r3, 4
    199e:	0a c0       	rjmp	.+20     	; 0x19b4 <vfprintf+0x278>
    19a0:	29 2f       	mov	r18, r25
    19a2:	26 60       	ori	r18, 0x06	; 6
    19a4:	b2 2e       	mov	r11, r18
    19a6:	06 c0       	rjmp	.+12     	; 0x19b4 <vfprintf+0x278>
    19a8:	28 e0       	ldi	r18, 0x08	; 8
    19aa:	30 e0       	ldi	r19, 0x00	; 0
    19ac:	05 c0       	rjmp	.+10     	; 0x19b8 <vfprintf+0x27c>
    19ae:	20 e1       	ldi	r18, 0x10	; 16
    19b0:	30 e0       	ldi	r19, 0x00	; 0
    19b2:	02 c0       	rjmp	.+4      	; 0x19b8 <vfprintf+0x27c>
    19b4:	20 e1       	ldi	r18, 0x10	; 16
    19b6:	32 e0       	ldi	r19, 0x02	; 2
    19b8:	f8 01       	movw	r30, r16
    19ba:	b7 fe       	sbrs	r11, 7
    19bc:	07 c0       	rjmp	.+14     	; 0x19cc <vfprintf+0x290>
    19be:	60 81       	ld	r22, Z
    19c0:	71 81       	ldd	r23, Z+1	; 0x01
    19c2:	82 81       	ldd	r24, Z+2	; 0x02
    19c4:	93 81       	ldd	r25, Z+3	; 0x03
    19c6:	0c 5f       	subi	r16, 0xFC	; 252
    19c8:	1f 4f       	sbci	r17, 0xFF	; 255
    19ca:	06 c0       	rjmp	.+12     	; 0x19d8 <vfprintf+0x29c>
    19cc:	60 81       	ld	r22, Z
    19ce:	71 81       	ldd	r23, Z+1	; 0x01
    19d0:	80 e0       	ldi	r24, 0x00	; 0
    19d2:	90 e0       	ldi	r25, 0x00	; 0
    19d4:	0e 5f       	subi	r16, 0xFE	; 254
    19d6:	1f 4f       	sbci	r17, 0xFF	; 255
    19d8:	a3 01       	movw	r20, r6
    19da:	0e 94 d1 0d 	call	0x1ba2	; 0x1ba2 <__ultoa_invert>
    19de:	88 2e       	mov	r8, r24
    19e0:	86 18       	sub	r8, r6
    19e2:	fb 2d       	mov	r31, r11
    19e4:	ff 77       	andi	r31, 0x7F	; 127
    19e6:	3f 2e       	mov	r3, r31
    19e8:	36 fe       	sbrs	r3, 6
    19ea:	0d c0       	rjmp	.+26     	; 0x1a06 <vfprintf+0x2ca>
    19ec:	23 2d       	mov	r18, r3
    19ee:	2e 7f       	andi	r18, 0xFE	; 254
    19f0:	a2 2e       	mov	r10, r18
    19f2:	89 14       	cp	r8, r9
    19f4:	58 f4       	brcc	.+22     	; 0x1a0c <vfprintf+0x2d0>
    19f6:	34 fe       	sbrs	r3, 4
    19f8:	0b c0       	rjmp	.+22     	; 0x1a10 <vfprintf+0x2d4>
    19fa:	32 fc       	sbrc	r3, 2
    19fc:	09 c0       	rjmp	.+18     	; 0x1a10 <vfprintf+0x2d4>
    19fe:	83 2d       	mov	r24, r3
    1a00:	8e 7e       	andi	r24, 0xEE	; 238
    1a02:	a8 2e       	mov	r10, r24
    1a04:	05 c0       	rjmp	.+10     	; 0x1a10 <vfprintf+0x2d4>
    1a06:	b8 2c       	mov	r11, r8
    1a08:	a3 2c       	mov	r10, r3
    1a0a:	03 c0       	rjmp	.+6      	; 0x1a12 <vfprintf+0x2d6>
    1a0c:	b8 2c       	mov	r11, r8
    1a0e:	01 c0       	rjmp	.+2      	; 0x1a12 <vfprintf+0x2d6>
    1a10:	b9 2c       	mov	r11, r9
    1a12:	a4 fe       	sbrs	r10, 4
    1a14:	0f c0       	rjmp	.+30     	; 0x1a34 <vfprintf+0x2f8>
    1a16:	fe 01       	movw	r30, r28
    1a18:	e8 0d       	add	r30, r8
    1a1a:	f1 1d       	adc	r31, r1
    1a1c:	80 81       	ld	r24, Z
    1a1e:	80 33       	cpi	r24, 0x30	; 48
    1a20:	21 f4       	brne	.+8      	; 0x1a2a <vfprintf+0x2ee>
    1a22:	9a 2d       	mov	r25, r10
    1a24:	99 7e       	andi	r25, 0xE9	; 233
    1a26:	a9 2e       	mov	r10, r25
    1a28:	09 c0       	rjmp	.+18     	; 0x1a3c <vfprintf+0x300>
    1a2a:	a2 fe       	sbrs	r10, 2
    1a2c:	06 c0       	rjmp	.+12     	; 0x1a3a <vfprintf+0x2fe>
    1a2e:	b3 94       	inc	r11
    1a30:	b3 94       	inc	r11
    1a32:	04 c0       	rjmp	.+8      	; 0x1a3c <vfprintf+0x300>
    1a34:	8a 2d       	mov	r24, r10
    1a36:	86 78       	andi	r24, 0x86	; 134
    1a38:	09 f0       	breq	.+2      	; 0x1a3c <vfprintf+0x300>
    1a3a:	b3 94       	inc	r11
    1a3c:	a3 fc       	sbrc	r10, 3
    1a3e:	11 c0       	rjmp	.+34     	; 0x1a62 <vfprintf+0x326>
    1a40:	a0 fe       	sbrs	r10, 0
    1a42:	06 c0       	rjmp	.+12     	; 0x1a50 <vfprintf+0x314>
    1a44:	b2 14       	cp	r11, r2
    1a46:	88 f4       	brcc	.+34     	; 0x1a6a <vfprintf+0x32e>
    1a48:	28 0c       	add	r2, r8
    1a4a:	92 2c       	mov	r9, r2
    1a4c:	9b 18       	sub	r9, r11
    1a4e:	0e c0       	rjmp	.+28     	; 0x1a6c <vfprintf+0x330>
    1a50:	b2 14       	cp	r11, r2
    1a52:	60 f4       	brcc	.+24     	; 0x1a6c <vfprintf+0x330>
    1a54:	b6 01       	movw	r22, r12
    1a56:	80 e2       	ldi	r24, 0x20	; 32
    1a58:	90 e0       	ldi	r25, 0x00	; 0
    1a5a:	0e 94 95 0d 	call	0x1b2a	; 0x1b2a <fputc>
    1a5e:	b3 94       	inc	r11
    1a60:	f7 cf       	rjmp	.-18     	; 0x1a50 <vfprintf+0x314>
    1a62:	b2 14       	cp	r11, r2
    1a64:	18 f4       	brcc	.+6      	; 0x1a6c <vfprintf+0x330>
    1a66:	2b 18       	sub	r2, r11
    1a68:	02 c0       	rjmp	.+4      	; 0x1a6e <vfprintf+0x332>
    1a6a:	98 2c       	mov	r9, r8
    1a6c:	21 2c       	mov	r2, r1
    1a6e:	a4 fe       	sbrs	r10, 4
    1a70:	10 c0       	rjmp	.+32     	; 0x1a92 <vfprintf+0x356>
    1a72:	b6 01       	movw	r22, r12
    1a74:	80 e3       	ldi	r24, 0x30	; 48
    1a76:	90 e0       	ldi	r25, 0x00	; 0
    1a78:	0e 94 95 0d 	call	0x1b2a	; 0x1b2a <fputc>
    1a7c:	a2 fe       	sbrs	r10, 2
    1a7e:	17 c0       	rjmp	.+46     	; 0x1aae <vfprintf+0x372>
    1a80:	a1 fc       	sbrc	r10, 1
    1a82:	03 c0       	rjmp	.+6      	; 0x1a8a <vfprintf+0x34e>
    1a84:	88 e7       	ldi	r24, 0x78	; 120
    1a86:	90 e0       	ldi	r25, 0x00	; 0
    1a88:	02 c0       	rjmp	.+4      	; 0x1a8e <vfprintf+0x352>
    1a8a:	88 e5       	ldi	r24, 0x58	; 88
    1a8c:	90 e0       	ldi	r25, 0x00	; 0
    1a8e:	b6 01       	movw	r22, r12
    1a90:	0c c0       	rjmp	.+24     	; 0x1aaa <vfprintf+0x36e>
    1a92:	8a 2d       	mov	r24, r10
    1a94:	86 78       	andi	r24, 0x86	; 134
    1a96:	59 f0       	breq	.+22     	; 0x1aae <vfprintf+0x372>
    1a98:	a1 fe       	sbrs	r10, 1
    1a9a:	02 c0       	rjmp	.+4      	; 0x1aa0 <vfprintf+0x364>
    1a9c:	8b e2       	ldi	r24, 0x2B	; 43
    1a9e:	01 c0       	rjmp	.+2      	; 0x1aa2 <vfprintf+0x366>
    1aa0:	80 e2       	ldi	r24, 0x20	; 32
    1aa2:	a7 fc       	sbrc	r10, 7
    1aa4:	8d e2       	ldi	r24, 0x2D	; 45
    1aa6:	b6 01       	movw	r22, r12
    1aa8:	90 e0       	ldi	r25, 0x00	; 0
    1aaa:	0e 94 95 0d 	call	0x1b2a	; 0x1b2a <fputc>
    1aae:	89 14       	cp	r8, r9
    1ab0:	38 f4       	brcc	.+14     	; 0x1ac0 <vfprintf+0x384>
    1ab2:	b6 01       	movw	r22, r12
    1ab4:	80 e3       	ldi	r24, 0x30	; 48
    1ab6:	90 e0       	ldi	r25, 0x00	; 0
    1ab8:	0e 94 95 0d 	call	0x1b2a	; 0x1b2a <fputc>
    1abc:	9a 94       	dec	r9
    1abe:	f7 cf       	rjmp	.-18     	; 0x1aae <vfprintf+0x372>
    1ac0:	8a 94       	dec	r8
    1ac2:	f3 01       	movw	r30, r6
    1ac4:	e8 0d       	add	r30, r8
    1ac6:	f1 1d       	adc	r31, r1
    1ac8:	80 81       	ld	r24, Z
    1aca:	b6 01       	movw	r22, r12
    1acc:	90 e0       	ldi	r25, 0x00	; 0
    1ace:	0e 94 95 0d 	call	0x1b2a	; 0x1b2a <fputc>
    1ad2:	81 10       	cpse	r8, r1
    1ad4:	f5 cf       	rjmp	.-22     	; 0x1ac0 <vfprintf+0x384>
    1ad6:	22 20       	and	r2, r2
    1ad8:	09 f4       	brne	.+2      	; 0x1adc <vfprintf+0x3a0>
    1ada:	42 ce       	rjmp	.-892    	; 0x1760 <vfprintf+0x24>
    1adc:	b6 01       	movw	r22, r12
    1ade:	80 e2       	ldi	r24, 0x20	; 32
    1ae0:	90 e0       	ldi	r25, 0x00	; 0
    1ae2:	0e 94 95 0d 	call	0x1b2a	; 0x1b2a <fputc>
    1ae6:	2a 94       	dec	r2
    1ae8:	f6 cf       	rjmp	.-20     	; 0x1ad6 <vfprintf+0x39a>
    1aea:	f6 01       	movw	r30, r12
    1aec:	86 81       	ldd	r24, Z+6	; 0x06
    1aee:	97 81       	ldd	r25, Z+7	; 0x07
    1af0:	02 c0       	rjmp	.+4      	; 0x1af6 <vfprintf+0x3ba>
    1af2:	8f ef       	ldi	r24, 0xFF	; 255
    1af4:	9f ef       	ldi	r25, 0xFF	; 255
    1af6:	2b 96       	adiw	r28, 0x0b	; 11
    1af8:	e2 e1       	ldi	r30, 0x12	; 18
    1afa:	0c 94 4b 0e 	jmp	0x1c96	; 0x1c96 <__epilogue_restores__>

00001afe <strnlen_P>:
    1afe:	fc 01       	movw	r30, r24
    1b00:	05 90       	lpm	r0, Z+
    1b02:	61 50       	subi	r22, 0x01	; 1
    1b04:	70 40       	sbci	r23, 0x00	; 0
    1b06:	01 10       	cpse	r0, r1
    1b08:	d8 f7       	brcc	.-10     	; 0x1b00 <strnlen_P+0x2>
    1b0a:	80 95       	com	r24
    1b0c:	90 95       	com	r25
    1b0e:	8e 0f       	add	r24, r30
    1b10:	9f 1f       	adc	r25, r31
    1b12:	08 95       	ret

00001b14 <strnlen>:
    1b14:	fc 01       	movw	r30, r24
    1b16:	61 50       	subi	r22, 0x01	; 1
    1b18:	70 40       	sbci	r23, 0x00	; 0
    1b1a:	01 90       	ld	r0, Z+
    1b1c:	01 10       	cpse	r0, r1
    1b1e:	d8 f7       	brcc	.-10     	; 0x1b16 <strnlen+0x2>
    1b20:	80 95       	com	r24
    1b22:	90 95       	com	r25
    1b24:	8e 0f       	add	r24, r30
    1b26:	9f 1f       	adc	r25, r31
    1b28:	08 95       	ret

00001b2a <fputc>:
    1b2a:	0f 93       	push	r16
    1b2c:	1f 93       	push	r17
    1b2e:	cf 93       	push	r28
    1b30:	df 93       	push	r29
    1b32:	fb 01       	movw	r30, r22
    1b34:	23 81       	ldd	r18, Z+3	; 0x03
    1b36:	21 fd       	sbrc	r18, 1
    1b38:	03 c0       	rjmp	.+6      	; 0x1b40 <fputc+0x16>
    1b3a:	8f ef       	ldi	r24, 0xFF	; 255
    1b3c:	9f ef       	ldi	r25, 0xFF	; 255
    1b3e:	2c c0       	rjmp	.+88     	; 0x1b98 <fputc+0x6e>
    1b40:	22 ff       	sbrs	r18, 2
    1b42:	16 c0       	rjmp	.+44     	; 0x1b70 <fputc+0x46>
    1b44:	46 81       	ldd	r20, Z+6	; 0x06
    1b46:	57 81       	ldd	r21, Z+7	; 0x07
    1b48:	24 81       	ldd	r18, Z+4	; 0x04
    1b4a:	35 81       	ldd	r19, Z+5	; 0x05
    1b4c:	42 17       	cp	r20, r18
    1b4e:	53 07       	cpc	r21, r19
    1b50:	44 f4       	brge	.+16     	; 0x1b62 <fputc+0x38>
    1b52:	a0 81       	ld	r26, Z
    1b54:	b1 81       	ldd	r27, Z+1	; 0x01
    1b56:	9d 01       	movw	r18, r26
    1b58:	2f 5f       	subi	r18, 0xFF	; 255
    1b5a:	3f 4f       	sbci	r19, 0xFF	; 255
    1b5c:	31 83       	std	Z+1, r19	; 0x01
    1b5e:	20 83       	st	Z, r18
    1b60:	8c 93       	st	X, r24
    1b62:	26 81       	ldd	r18, Z+6	; 0x06
    1b64:	37 81       	ldd	r19, Z+7	; 0x07
    1b66:	2f 5f       	subi	r18, 0xFF	; 255
    1b68:	3f 4f       	sbci	r19, 0xFF	; 255
    1b6a:	37 83       	std	Z+7, r19	; 0x07
    1b6c:	26 83       	std	Z+6, r18	; 0x06
    1b6e:	14 c0       	rjmp	.+40     	; 0x1b98 <fputc+0x6e>
    1b70:	8b 01       	movw	r16, r22
    1b72:	ec 01       	movw	r28, r24
    1b74:	fb 01       	movw	r30, r22
    1b76:	00 84       	ldd	r0, Z+8	; 0x08
    1b78:	f1 85       	ldd	r31, Z+9	; 0x09
    1b7a:	e0 2d       	mov	r30, r0
    1b7c:	09 95       	icall
    1b7e:	89 2b       	or	r24, r25
    1b80:	e1 f6       	brne	.-72     	; 0x1b3a <fputc+0x10>
    1b82:	d8 01       	movw	r26, r16
    1b84:	16 96       	adiw	r26, 0x06	; 6
    1b86:	8d 91       	ld	r24, X+
    1b88:	9c 91       	ld	r25, X
    1b8a:	17 97       	sbiw	r26, 0x07	; 7
    1b8c:	01 96       	adiw	r24, 0x01	; 1
    1b8e:	17 96       	adiw	r26, 0x07	; 7
    1b90:	9c 93       	st	X, r25
    1b92:	8e 93       	st	-X, r24
    1b94:	16 97       	sbiw	r26, 0x06	; 6
    1b96:	ce 01       	movw	r24, r28
    1b98:	df 91       	pop	r29
    1b9a:	cf 91       	pop	r28
    1b9c:	1f 91       	pop	r17
    1b9e:	0f 91       	pop	r16
    1ba0:	08 95       	ret

00001ba2 <__ultoa_invert>:
    1ba2:	fa 01       	movw	r30, r20
    1ba4:	aa 27       	eor	r26, r26
    1ba6:	28 30       	cpi	r18, 0x08	; 8
    1ba8:	51 f1       	breq	.+84     	; 0x1bfe <__ultoa_invert+0x5c>
    1baa:	20 31       	cpi	r18, 0x10	; 16
    1bac:	81 f1       	breq	.+96     	; 0x1c0e <__ultoa_invert+0x6c>
    1bae:	e8 94       	clt
    1bb0:	6f 93       	push	r22
    1bb2:	6e 7f       	andi	r22, 0xFE	; 254
    1bb4:	6e 5f       	subi	r22, 0xFE	; 254
    1bb6:	7f 4f       	sbci	r23, 0xFF	; 255
    1bb8:	8f 4f       	sbci	r24, 0xFF	; 255
    1bba:	9f 4f       	sbci	r25, 0xFF	; 255
    1bbc:	af 4f       	sbci	r26, 0xFF	; 255
    1bbe:	b1 e0       	ldi	r27, 0x01	; 1
    1bc0:	3e d0       	rcall	.+124    	; 0x1c3e <__ultoa_invert+0x9c>
    1bc2:	b4 e0       	ldi	r27, 0x04	; 4
    1bc4:	3c d0       	rcall	.+120    	; 0x1c3e <__ultoa_invert+0x9c>
    1bc6:	67 0f       	add	r22, r23
    1bc8:	78 1f       	adc	r23, r24
    1bca:	89 1f       	adc	r24, r25
    1bcc:	9a 1f       	adc	r25, r26
    1bce:	a1 1d       	adc	r26, r1
    1bd0:	68 0f       	add	r22, r24
    1bd2:	79 1f       	adc	r23, r25
    1bd4:	8a 1f       	adc	r24, r26
    1bd6:	91 1d       	adc	r25, r1
    1bd8:	a1 1d       	adc	r26, r1
    1bda:	6a 0f       	add	r22, r26
    1bdc:	71 1d       	adc	r23, r1
    1bde:	81 1d       	adc	r24, r1
    1be0:	91 1d       	adc	r25, r1
    1be2:	a1 1d       	adc	r26, r1
    1be4:	20 d0       	rcall	.+64     	; 0x1c26 <__ultoa_invert+0x84>
    1be6:	09 f4       	brne	.+2      	; 0x1bea <__ultoa_invert+0x48>
    1be8:	68 94       	set
    1bea:	3f 91       	pop	r19
    1bec:	2a e0       	ldi	r18, 0x0A	; 10
    1bee:	26 9f       	mul	r18, r22
    1bf0:	11 24       	eor	r1, r1
    1bf2:	30 19       	sub	r19, r0
    1bf4:	30 5d       	subi	r19, 0xD0	; 208
    1bf6:	31 93       	st	Z+, r19
    1bf8:	de f6       	brtc	.-74     	; 0x1bb0 <__ultoa_invert+0xe>
    1bfa:	cf 01       	movw	r24, r30
    1bfc:	08 95       	ret
    1bfe:	46 2f       	mov	r20, r22
    1c00:	47 70       	andi	r20, 0x07	; 7
    1c02:	40 5d       	subi	r20, 0xD0	; 208
    1c04:	41 93       	st	Z+, r20
    1c06:	b3 e0       	ldi	r27, 0x03	; 3
    1c08:	0f d0       	rcall	.+30     	; 0x1c28 <__ultoa_invert+0x86>
    1c0a:	c9 f7       	brne	.-14     	; 0x1bfe <__ultoa_invert+0x5c>
    1c0c:	f6 cf       	rjmp	.-20     	; 0x1bfa <__ultoa_invert+0x58>
    1c0e:	46 2f       	mov	r20, r22
    1c10:	4f 70       	andi	r20, 0x0F	; 15
    1c12:	40 5d       	subi	r20, 0xD0	; 208
    1c14:	4a 33       	cpi	r20, 0x3A	; 58
    1c16:	18 f0       	brcs	.+6      	; 0x1c1e <__ultoa_invert+0x7c>
    1c18:	49 5d       	subi	r20, 0xD9	; 217
    1c1a:	31 fd       	sbrc	r19, 1
    1c1c:	40 52       	subi	r20, 0x20	; 32
    1c1e:	41 93       	st	Z+, r20
    1c20:	02 d0       	rcall	.+4      	; 0x1c26 <__ultoa_invert+0x84>
    1c22:	a9 f7       	brne	.-22     	; 0x1c0e <__ultoa_invert+0x6c>
    1c24:	ea cf       	rjmp	.-44     	; 0x1bfa <__ultoa_invert+0x58>
    1c26:	b4 e0       	ldi	r27, 0x04	; 4
    1c28:	a6 95       	lsr	r26
    1c2a:	97 95       	ror	r25
    1c2c:	87 95       	ror	r24
    1c2e:	77 95       	ror	r23
    1c30:	67 95       	ror	r22
    1c32:	ba 95       	dec	r27
    1c34:	c9 f7       	brne	.-14     	; 0x1c28 <__ultoa_invert+0x86>
    1c36:	00 97       	sbiw	r24, 0x00	; 0
    1c38:	61 05       	cpc	r22, r1
    1c3a:	71 05       	cpc	r23, r1
    1c3c:	08 95       	ret
    1c3e:	9b 01       	movw	r18, r22
    1c40:	ac 01       	movw	r20, r24
    1c42:	0a 2e       	mov	r0, r26
    1c44:	06 94       	lsr	r0
    1c46:	57 95       	ror	r21
    1c48:	47 95       	ror	r20
    1c4a:	37 95       	ror	r19
    1c4c:	27 95       	ror	r18
    1c4e:	ba 95       	dec	r27
    1c50:	c9 f7       	brne	.-14     	; 0x1c44 <__ultoa_invert+0xa2>
    1c52:	62 0f       	add	r22, r18
    1c54:	73 1f       	adc	r23, r19
    1c56:	84 1f       	adc	r24, r20
    1c58:	95 1f       	adc	r25, r21
    1c5a:	a0 1d       	adc	r26, r0
    1c5c:	08 95       	ret

00001c5e <__prologue_saves__>:
    1c5e:	2f 92       	push	r2
    1c60:	3f 92       	push	r3
    1c62:	4f 92       	push	r4
    1c64:	5f 92       	push	r5
    1c66:	6f 92       	push	r6
    1c68:	7f 92       	push	r7
    1c6a:	8f 92       	push	r8
    1c6c:	9f 92       	push	r9
    1c6e:	af 92       	push	r10
    1c70:	bf 92       	push	r11
    1c72:	cf 92       	push	r12
    1c74:	df 92       	push	r13
    1c76:	ef 92       	push	r14
    1c78:	ff 92       	push	r15
    1c7a:	0f 93       	push	r16
    1c7c:	1f 93       	push	r17
    1c7e:	cf 93       	push	r28
    1c80:	df 93       	push	r29
    1c82:	cd b7       	in	r28, 0x3d	; 61
    1c84:	de b7       	in	r29, 0x3e	; 62
    1c86:	ca 1b       	sub	r28, r26
    1c88:	db 0b       	sbc	r29, r27
    1c8a:	0f b6       	in	r0, 0x3f	; 63
    1c8c:	f8 94       	cli
    1c8e:	de bf       	out	0x3e, r29	; 62
    1c90:	0f be       	out	0x3f, r0	; 63
    1c92:	cd bf       	out	0x3d, r28	; 61
    1c94:	09 94       	ijmp

00001c96 <__epilogue_restores__>:
    1c96:	2a 88       	ldd	r2, Y+18	; 0x12
    1c98:	39 88       	ldd	r3, Y+17	; 0x11
    1c9a:	48 88       	ldd	r4, Y+16	; 0x10
    1c9c:	5f 84       	ldd	r5, Y+15	; 0x0f
    1c9e:	6e 84       	ldd	r6, Y+14	; 0x0e
    1ca0:	7d 84       	ldd	r7, Y+13	; 0x0d
    1ca2:	8c 84       	ldd	r8, Y+12	; 0x0c
    1ca4:	9b 84       	ldd	r9, Y+11	; 0x0b
    1ca6:	aa 84       	ldd	r10, Y+10	; 0x0a
    1ca8:	b9 84       	ldd	r11, Y+9	; 0x09
    1caa:	c8 84       	ldd	r12, Y+8	; 0x08
    1cac:	df 80       	ldd	r13, Y+7	; 0x07
    1cae:	ee 80       	ldd	r14, Y+6	; 0x06
    1cb0:	fd 80       	ldd	r15, Y+5	; 0x05
    1cb2:	0c 81       	ldd	r16, Y+4	; 0x04
    1cb4:	1b 81       	ldd	r17, Y+3	; 0x03
    1cb6:	aa 81       	ldd	r26, Y+2	; 0x02
    1cb8:	b9 81       	ldd	r27, Y+1	; 0x01
    1cba:	ce 0f       	add	r28, r30
    1cbc:	d1 1d       	adc	r29, r1
    1cbe:	0f b6       	in	r0, 0x3f	; 63
    1cc0:	f8 94       	cli
    1cc2:	de bf       	out	0x3e, r29	; 62
    1cc4:	0f be       	out	0x3f, r0	; 63
    1cc6:	cd bf       	out	0x3d, r28	; 61
    1cc8:	ed 01       	movw	r28, r26
    1cca:	08 95       	ret

00001ccc <_exit>:
    1ccc:	f8 94       	cli

00001cce <__stop_program>:
    1cce:	ff cf       	rjmp	.-2      	; 0x1cce <__stop_program>
