S0130000544A3030303030365F53572E7372656344
<<<<<<< Updated upstream
S11300000C94420F0C945F0F0C945F0F0C945F0FD1
S11300100C945F0F0C945F0F0C945F0F0C945F0FA4
S11300200C945F0F0C945F0F0C945F0F0C948F274C
S11300300C945F0F0C945F0F0C945F0F0C945F0F84
S11300400C945F0F0C945F0F0C9438100C94750F84
S11300500C945F0F0C945F0F0C945F0F0C945F0F64
S11300600C945F0F0C945F0F363730380032373002
S11300703436330A0D53656C6563742044657461CA
S1130080696C20546F2050726F6772616D0A0D3D68
S11300903D3D3D3D3D3D3D3D3D3D3D3D3D3D3D3D8C
S11300A03D3D3D3D3D3D3D0A0D31202D2050726FBB
S11300B06475637420502F4E2C20636F6465202672
S11300C020526576202839204368617273290A0D0D
S11300D032202D2050726F647563742053657269E9
S11300E0616C204E6F2E2028313220636861727358
S11300F0206D6178290A0D33202D204E6574204926
S11301004420283120636861723A203020746F20C3
S113011041290A0D34202D20504342204173737924
S113012020502F4E2C20436F646520262052657684
S1130130202839206368617273290A0D35202D2027
S1130140504342204173737920576F726B73204F71
S113015072646572204E6F2E2028313120636861ED
S11301607273206D6178290A0D36202D2050434288
S113017020417373792053657269616C204E6F2E30
S1130180202833206368617273290A0D58202D20BA
S11301904578697420746F20454550524F4D204472
S11301A065627567204D656E750A0A0D000A0D7C3F
S11301B07C7C7C204144415054455220426F617202
S11301C064206E6F742044657465637465642021D3
S11301D021210A0A0D000A0D4E6574204964656EDA
S11301E074696669636174696F6E20546573740A17
S11301F00D3D3D3D3D3D3D3D3D3D3D3D3D3D3D3D5B
S11302003D3D3D3D3D3D3D3D0A0D42697433203D3C
S11302102047534E332C2042697432203D204753EB
S11302204E322C2042697431203D2047534E312CEC
S11302302042697430203D2047534E300A0A0D4F46
S1130240555420202020494E0A0D000A0D4E657495
S1130250204164617074657220426F61726420543D
S11302606573740A0D3D3D3D3D3D3D3D3D3D3D3D88
S11302703D3D3D3D3D3D3D3D3D3D3D3D0A0D202A3D
S113028020456E737572652074686520442D7375FE
S11302906220504342204173737920416461707439
S11302A0657220697320636F6E6E65637465642084
S11302B0746F207468652054657374204A69670AF2
S11302C00D202A20456E737572652074686520318F
S11302D030302057617920436F6E6E6563746F729E
S11302E020697320636F6E6E656374656420746F38
S11302F0204A33206F6E20746865204255540A0DDD
S1130300202A20456E737572652074686520342C2C
S113031020746573742070696E73206F6E20746826
S11303206520442D737562205043422041737379D4
S113033020416461707465722061726520636F6E20
S11303406E65637465640A0D202020746F207468E0
S11303506520617070726F70726961746520736F6B
S1130360636B657473206F6E2074686520487970C0
S1130370657274726F6E69637320636F6E6E65630A
S1130380746F72206F6E20746865204255540A0D94
S113039050726573732027582720746F204578693D
S11303A074206F7220707265737320454E544552E9
S11303B020746F2070726F636565640A0A0D000A09
S11303C00A0A0A0D506F727420457870616E646574
S11303D0722044656275670A0D3D3D3D3D3D3D3DDE
S11303E03D3D3D3D3D3D3D3D3D3D3D3D0A0D507254
S11303F06573732027582720746F2045786974200B
S11304006F722070726573732053504143454241AB
S11304105220746F20706175736520616E64207260
S11304206573756D650A0A0D47534E332047534E65
S1130430322047534E312047534E300A0D000A0AEA
S11304400A0A0D4445425547204D454E550A0D3D77
S11304503D3D3D3D3D3D3D3D3D0A0D0A0D53656C21
S113046065637420454550524F4D20416464726564
S113047073733A0A0D31202D20307835303A204EEE
S1130480657420436F6E6E6563746F722F4E65746E
S113049020416461707465720A0D32202D20307819
S11304A035323A2041444320426F74746F6D2042C8
S11304B0640A0D33202D20307835343A204E65748B
S11304C020457874656E73696F6E0A0D34202D2093
S11304D0307835363A2041444320546F70204264CA
S11304E00A0D35202D20307834313A20506F727443
S11304F020457870616E6465722028363736392D50
S11305003031202620363737302D3031290A0D0A74
S11305100D5072657373205820746F206578697468
S11305200A0A0D000A0A0A0A0D454550524F4D2089
S113053044656275670A0D3D3D3D3D3D3D3D3D3D94
S11305403D3D3D0A0A0D44202D20446973706C61C1
S1130550792053746F7265642044657461696C73A7
S11305600A0D48202D204865782044756D700A0DC9
S113057057202D2057726974650A0D52202D205280
S11305806573657420454550524F4D20746F20307B
S1130590300A0D53202D2053657420454550524F89
S11305A04D20746F2046460A0D43202D2044697364
S11305B0706C617920436865636B73756D730A0DA4
S11305C050202D2050726F6772616D2044657461F4
S11305D0696C730A0D58202D2052657475726E2053
S11305E0746F204465627567204D656E750A0A0D47
S11305F0000A0A0D2021212120506C6561736520B9
S113060052652D456E746572207573696E67206E30
S1130610756D657269632063686172616374657284
S113062073206F6E6C7920282730272D27392729CE
S1130630202121210A0D000A0A0D20212121205008
S11306406C656173652052652D456E746572207505
S113065073696E6720416C7068612D6E756D65728B
S113066069632063686172616374657273206F6E7D
S11306706C7920282741272D275A272C202730271B
S11306802D27392729202121210A0D000A0A0D20AE
S113069021212120454550524F4D20575249544560
S11306A0204552524F52202121210A0A0D000A0AE4
S11306B00D2021212120454550524F4D20524541C6
S11306C044204552524F52202121210A0A0D000A8A
S11306D00D2121212121212121212121212121211A
S11306E021212121212121212121212121212121F6
S11306F0212121210A0D21212120446174612072CC
S11307006574656E74696F6E20436865636B20461B
S113071041494C4544202121210A0D212121212137
S113072021212121212121212121212121212121B5
S113073021212121212121212121212121210A0AD3
S11307400D52656D6F766520426F61726420616E33
S1130750642071756172616E74696E650A0A0D00B8
S11307600A0D4461746120726574656E74696F6EFC
S1130770204F4B0A0A0D000A0D436865636B696ECE
S113078067206461746120726574656E74696F6E4C
S11307900A0D506F776572696E67204F4646206672
S11307A06F722033207365636F6E64730A0A0D00E1
S11307B0504342204173737920532F4E203D200033
S11307C0504342204173737920502F4E203D200026
S11307D050726F6475637420532F4E20203D2000A7
S11307E050726F6475637420502F4E20203D20009A
S11307F0556E646566696E6564000A0A0D212121DF
S1130800205741524E494E47202121210A0D436170
S11308106C63756C6174656420616E642053746FDD
S113082072656420436865636B73756D204D6174F4
S113083063680A0A0D000A0A0D2121212043686514
S1130840636B73756D206D69736D617463682021CA
S113085021210A0D53657474696E672075702045F3
S11308604550524F4D0A0D000A0A0D212121204303
S11308706865636B204865616465722069732066EE
S1130880697474656420636F72726563746C792033
S11308902121210A0D507265737320277827207453
S11308A06F20454E544552206B657920746F207239
S11308B0657472790A0D000A0A0D212121204E6FF8
S11308C07420456E6F756768206368617261637434
S11308D065727320666F7220576F726B73204F724C
S11308E0646572202D203120746F203131205265CF
S11308F0717569726564202121210A0D506C65614E
S113090073652072657472790A0D000A0A0D21213B
S113091021204E6F20636861726163746572732075
S1130920656E7465726564202D206D6178696D75DE
S11309306D206F662031322052657175697265646D
S1130940202121210A0D506C656173652072657444
S113095072790A0D000A0A0D212121204E6F74209C
S1130960456E6F7567682063686172616374657250
S11309707320656E7465726564202D203320526582
S1130980717569726564202121210A0D506C6561BD
S113099073652072657472790A0D000A0A0D2121AB
S11309A021204E6F7420456E6F75676820636861FF
S11309B07261637465727320656E74657265642018
S11309C02D203420526571756972656420212121BE
S11309D00A0D506C656173652072657472790A0D35
S11309E00021212121212121212121212121212114
S11309F0212121210A0D212121205445535420462F
S1130A0041494C4544202121210A0D212121212144
S1130A1021212121212121212121212121210A0AF0
S1130A200D52656D6F766520426F61726420616E50
S1130A30642071756172616E74696E65206F7220D5
S1130A4072657465737420626F6172640A0A0D00C2
S1130A500A0A0D2A2A2A2A2A2A2A2A2A2A2A2A2A4F
S1130A602A2A2A2A2A2A0A0D2A2A2A205445535491
S1130A7020504153534544202A2A2A0A0D2A2A2A5F
S1130A802A2A2A2A2A2A2A2A2A2A2A2A2A2A2A2AC2
S1130A900A0A0D52656D6F766520426F617264209B
S1130AA0616E64206170706C7920544553544544E0
S1130AB0204D41524B0A0A0D000A0D212121204EDE
S1130AC04554204944454E54494649434154494FAD
S1130AD04E2054455354204641494C45442021213D
S1130AE0210A0A0D456E7375726520436F6E6E653B
S1130AF06374696F6E20746F204C6567616379203D
S1130B00436F6E6E6563746F7220697320636F72D6
S1130B10726563740A0D5072657373202758272019
S1130B20746F2065786974206F7220454E54455265
S1130B30206B657920746F2052657472790A0D00F8
S1130B400A0D5375636365737366756C6C79204322
S1130B506865636B656420616E642050726F6772B0
S1130B60616D6D656420454550524F4D21210A0D3C
S1130B70000A0A0A0D4175746F6D61746963616CD2
S1130B806C7920636865636B696E6720616E6420AD
S1130B9050726F6772616D6D696E67204545505282
S1130BA04F4D0A0D000A0A0A0D436F6E6E65637499
S1130BB020746865204164617074657220626F619D
S1130BC0726420556E646572205465737420746F6A
S1130BD020746865204A69670A0D50726573732032
S1130BE027582720746F2065786974206F72204518
S1130BF04E544552206B657920746F2070726F6378
S1130C006565640A0D000A0A0A0D436F6E6E65631A
S1130C10742074686520626F61726420556E646527
S1130C2072205465737420746F20746865204A6957
S1130C30670A0D454E5355524520464C59494E4777
S1130C40204C45414420495320434F4E4E45435484
S1130C50454420746F204A554D5045520A0A0D50A0
S1130C60726573732027582720746F206578697420
S1130C70206F7220454E544552206B657920746F65
S1130C802070726F636565640A0D000A0A0A0D45D7
S1130C906E74657220746865204E65787420626F86
S1130CA061726427732053657269616C204E6F0A08
S1130CB00D000A0A0A0D456E746572207468652079
S1130CC0626F61726427732053657269616C204E90
S1130CD06F2E0A0D28332043686172616374657254
S1130CE07329206F722027582720746F2065786934
S1130CF0740A0D0050726573732027582720746F8F
S1130D002065786974206F7220454E544552206BDB
S1130D10657920746F2070726F636565640A0A0ACE
S1130D200D000A0A0A0D436865636B207468652028
S1130D30666F6C6C6F77696E672064657461696C4B
S1130D40732061726520636F72726563740A0A0DA1
S1130D50000A0A0A0D456E74657220746865206283
S1130D606F617264277320417373656D626C7920BF
S1130D705265766973696F6E204E6F206F662074BA
S1130D806865206261746368206F6620626F6172B7
S1130D90647320556E64657220546573740A0D285B
S1130DA0332043686172616374657273290A0D00AC
S1130DB00A0A0A0D456E7465722074686520576FBF
S1130DC0726B73204F72646572204E6F2028574FE8
S1130DD029206F6620746865206261746368206FDF
S1130DE06620626F6172647320556E64657220546C
S1130DF06573740A0D284D4158203D20313120433C
S1130E00686172616374657273290A0D000A0D3694
S1130E103531392D3031204E657420436F6E6E6547
S1130E2063746F72205043422073656C656374650C
S1130E30640A0D000A0A0D53656C65637420426FE1
S1130E4061726420556E6465722054657374202841
S1130E50425554290A0D3D3D3D3D3D3D3D3D3D3D01
S1130E603D3D3D3D3D3D3D3D3D3D3D3D3D3D3D3DAE
S1130E703D3D3D0A0D31202D20363531392D30319F
S1130E80202D204E657420436F6E6E6563746F72FF
S1130E90205043420A0D32202D20363736392D306A
S1130EA0312F363737302D3031202D203235362F43
S1130EB0313238204E65742041646170746572204B
S1130EC05043420A0D58202D204578697420746FD0
S1130ED0205374617274204D656E750A0D3C454E45
S1130EE05445523E2D20546F2072656672657368B6
S1130EF02073637265656E0A0A0D000A0A0D537445
S1130F00617274204D454E550A0D3D3D3D3D3D3DBC
S1130F103D3D3D3D0A0D54202D20426F61726420F9
S1130F2074657374730A0D44202D204465627567DB
S1130F30204D656E750A0D56202D20566965772063
S1130F4053746F72656420496E666F0A0D3C454E9A
S1130F505445523E2D20546F207265667265736845
S1130F602073637265656E0A0A0D000A0A0A0D2170
S1130F702121204E6F20417373656D626C7920448A
S1130F8065746563746564202121210A0A0D000AD1
S1130F900A0A0D426F617264205479706520697386
S1130FA0204E455420414441505445520A0A0D00F4
S1130FB00A0A0A0D426F61726420547970652069CF
S1130FC073204E455420455854454E4445520A0A10
S1130FD00D000A0A0A0D426F61726420547970652B
S1130FE0206973204E455420434F4E4E4543544F81
S1130FF0520A0A0D000A0A0A0D417373656D626C88
S1131000792054797065206973204E45540A0D0087
S11310100A0A0A0D417373656D626C792054797004
S11310206520697320414441505445520A0D000A19
S11310300A0A0D417373656D626C79205479706589
S1131040206973204E455420455854454E4445521A
S113105020504E20363730382D30300A0A0D000A21
S11310600A0A0D485950455254524F4E4943532091
S113107041646170746572204E4F542066697474C3
S113108065640A0D46697420616461707465722038
S1131090616E64207468656E2072657472790A0AE0
S11310A00D00212121212121212121212121212161
S11310B021212121210A0D2121212054455354208D
S11310C04641494C4544202121210A0D2121212159
S11310D02121212121212121212121212121210A13
S11310E00A0D52656D6F766520417373656D626C90
S11310F07920616E642071756172616E74696E65C8
S1131100206F72207265746573740A0A0D000A0DEB
S1131110212121204E4554204944454E54494649F5
S1131120434154494F4E2054455354204641494C61
S11311304544202121210A0A0D456E7375726520EC
S1131140436F6E6E656374696F6E20746F204C65B7
S11311506761637920436F6E6E6563746F72206993
S11311607320636F72726563740A0D5072657373D2
S11311702027582720746F2065786974206F7220A7
S1131180454E544552206B657920746F2052657426
S113119072790A0D000A0A0D2A2A2A2046696E610C
S11311A06C20417373656D626C792073756363653C
S11311B0737366756C6C792050726F6772616D6DB4
S11311C06564202A2A2A0A0A0D23232320436F6EEA
S11311D06E65637420746865204C6567616379206B
S11311E04164617074657220656E64206F6620745A
S11311F068652046696E616C20417373656D626C2D
S11312007920746F207468652054657374204A696A
S113121067202323230A0D507265737320616E794E
S1131220206B6579207768656E2072656164790A40
S11312300D000A0A0D23232320436F6E6E65637429
S1131240207468652046696E616C20417373656D16
S1131250626C7920746F20746865205465737420FF
S11312604A6967202323230A0A0D000A0A0A0D216A
S11312702121204641494C454420544F2050524F8F
S11312804752414D2044455441494C53202121218A
S11312900A0D436865636B3A0A0D202A2054686579
S11312A0207468652066696E616C20617373656D76
S11312B0626C79207479706520697320636F72722F
S11312C06563740A0D202A20546865204173736590
S11312D06D626C7920697320636F72726563746CDC
S11312E0792066697474656420746F20746865205D
S11312F054657374204A69670A0A0D5072657373E2
S11313002027454E5445522720746F20524554528D
S11313105920206F722027582720746F2065786920
S113132074200A0D000A0A0A0D2A2A2A2A2A2A2ABD
S11313302A2A2A2A2A2A2A2A2A2A2A2A2A2A2A2A09
S11313402A2A2A2A2A2A2A2A2A2A2A2A2A2A2A2AF9
S11313502A2A2A2A2A2A2A0A0D2A2A2A2046696E91
S1131360616C20417373656D626C7920737563637E
S113137065737366756C6C792050726F6772616DFA
S11313806D6564202A2A2A0A0D2A2A2A2A2A2A2A48
S11313902A2A2A2A2A2A2A2A2A2A2A2A2A2A2A2AA9
S11313A02A2A2A2A2A2A2A2A2A2A2A2A2A2A2A2A99
S11313B02A2A2A2A2A2A2A0A0D436865636B20747A
S11313C068652064657461696C2073686F776E204A
S11313D06F6E207468652073637265656E20617238
S11313E06520636F72726563740A0D52656D6F7662
S11313F0652054657374656420417373656D626C14
S11314007920616E6420636F6D706C6574652074FF
S11314106865206E656365737361727920506170CD
S11314206572776F726B0A0A0D50726573732027A9
S1131430454E5445522720746F2070726F67726155
S11314406D20612046696E616C20617373656D6205
S11314506C79206F66207468652073616D652074F3
S11314607970650A0D5072657373202758272074AC
S11314706F206578697420746F20737461727420AE
S11314806D656E750A0D000A0A0A0D2A2A2A2A2A8F
S11314902A2A2A2A2A2A2A2A2A2A2A2A2A2A2A2AA8
S11314A02A2A2A2A2A2A2A2A2A2A2A2A2A2A2A2A98
S11314B02A2A2A2A2A2A2A2A2A2A2A2A2A2A2A2A88
S11314C02A2A2A2A0A0D2A2A2A2046696E616C20B1
S11314D0417373656D626C792073756363657373AF
S11314E066756C6C792050726F6772616D6D65649E
S11314F020616E6420546573746564202A2A2A0A64
S11315000D2A2A2A2A2A2A2A2A2A2A2A2A2A2A2A54
S11315102A2A2A2A2A2A2A2A2A2A2A2A2A2A2A2A27
S11315202A2A2A2A2A2A2A2A2A2A2A2A2A2A2A2A17
S11315302A2A2A2A2A2A2A2A2A2A0A0A0D436865D2
S1131540636B207468652064657461696C207368DA
S11315506F776E2061626F76652061726520636FBC
S113156072726563740A0D52656D6F7665205465F9
S11315707374656420417373656D626C7920616E68
S11315806420636F6D706C65746520746865206E8B
S11315906563657373617279205061706572776FEA
S11315A0726B0A0A0D50726573732027454E5445B9
S11315B0522720746F2070726F6772616D206120F2
S11315C046696E616C20617373656D626C79206F1E
S11315D066207468652073616D6520747970650A8E
S11315E00D50726573732027582720746F20657817
S11315F0697420746F207374617274206D656E75E4
S11316000A0D0031303A20323536204368616E6E5F
S1131610656C204D6963726F63656C2047656F6408
S1131620657369632053656E736F72204E657473BE
S113163020312E3000393A20313238204368616E2F
S11316406E656C204D6963726F63656C2047656FCE
S113165064657369632053656E736F72204E65749D
S11316607320312E3000383A203634204368616EBE
S11316706E656C204D6963726F63656C2047656F9E
S113168064657369632053656E736F72204E65746D
S11316907320312E3000373A203332204368616E94
S11316A06E656C204D6963726F63656C2047656F6E
S11316B064657369632053656E736F72204E65743D
S11316C07320312E3000363A20323536204368619B
S11316D06E6E656C20487964726F63656C20476533
S11316E06F64657369632053656E736F72204E6512
S11316F0747320312E3000353A203132382043685B
S1131700616E6E656C20487964726F63656C204706
S1131710656F64657369632053656E736F72204EE1
S113172065747320312E3000343A203634204368F7
S1131730616E6E656C20487964726F63656C2047D6
S1131740656F64657369632053656E736F72204EB1
S113175065747320312E3000333A203332204368CD
S1131760616E6E656C20487964726F63656C2047A6
S1131770656F64657369632053656E736F72204E81
S113178065747320312E3000323A203235362043CE
S113179068616E6E656C2047656F6465736963206C
S11317A053656E736F72204E65747320322E780009
S11317B0313A20313238204368616E6E656C2047BF
S11317C0656F64657369632053656E736F72204E31
S11317D065747320322E7800303A20363420436802
S11317E0616E6E656C2047656F6465736963205331
S11317F0656E736F72204E65747320322E780062AA
S1131800202D204E657420416461707465720A0D48
S1131810000A0A0A0D53656C6563742074686520B8
S11318204E65742053697A652049442066726F6D51
S11318302074686520666F6C6C6F77696E67206CC6
S11318406973740A0A0D2020202049442020202096
S113185020202020202020202020202044455343E5
S113186052495054494F4E0A0D2D2D2D2D2D2D2DFD
S11318702D2D2D2D2D2D2D2D2D2D2D2D2D2D2D2D94
S11318802D2D2D2D2D2D2D2D2D2D2D2D2D2D2D2D84
S11318902D2D2D2D2D2D2D2D2D2D2D2D2D2D0A0DB7
S11318A030202D203009363420204368616E6E6567
S11318B06C2047656F64657369632053656E736F4D
S11318C072204E65747320322E780A0D31202D203B
S11318D03109313238204368616E6E656C2047658A
S11318E06F64657369632053656E736F72204E6510
S11318F0747320322E780A0D32202D2032093235AD
S113190036204368616E6E656C2047656F6465734D
S113191069632053656E736F72204E657473203251
S11319202E780A0D33202D203309333220204368CA
S1131930616E6E656C20487964726F63656C2047D4
S1131940656F64657369632053656E736F72204EAF
S113195065747320312E300A0D34202D203409365D
S11319603420204368616E6E656C20487964726F20
S113197063656C2047656F64657369632053656EA6
S1131980736F72204E65747320312E300A0D35202A
S11319902D203509313238204368616E6E656C2024
S11319A0487964726F63656C2047656F6465736919
S11319B0632053656E736F72204E65747320312EED
S11319C0300A0D36202D2036093235362043686121
S11319D06E6E656C20487964726F63656C20476530
S11319E06F64657369632053656E736F72204E650F
S11319F0747320312E300A0D37202D2037093332ED
S1131A0020204368616E6E656C204D6963726F635C
S1131A10656C2047656F64657369632053656E73F5
S1131A206F72204E65747320312E300A0D38202DCC
S1131A30203809363420204368616E6E656C204D71
S1131A406963726F63656C2047656F64657369636E
S1131A502053656E736F72204E65747320312E307F
S1131A600A0D39202D203909313238204368616E3E
S1131A706E656C204D6963726F63656C2047656F9A
S1131A8064657369632053656E736F72204E657469
S1131A907320312E300A0D61202D2031300932356A
S1131AA036204368616E6E656C204D6963726F63A6
S1131AB0656C2047656F64657369632053656E7355
S1131AC06F72204E65747320312E300A0D000A0A9D
S1131AD00A0D456E746572207468652053657269D9
S1131AE0616C206E6F2E206F6620746865204669D5
S1131AF06E616C20417373656D626C7920756E64E0
S1131B00657220746573740A0D284D4158203D2078
S1131B1031322043686172616374657273290A0DFE
S1131B20004E4554204144415054455220415353A2
S1131B30454D424C59004E455420455854454E534A
S1131B40494F4E20415353454D424C59004E455444
S1131B5020415353454D424C59000A0A0A0D456E23
S1131B60746572207468652050726F64756374279D
S1131B7073205265766973696F6E202D203320437C
S1131B806861726163746572732028652E672E2004
S1131B90303041290A0D000A0A0D456E7465722021
S1131BA07468652050726F64756374205061727438
S1131BB0204E756D626572202D2034204E756D6542
S1131BC072696320636861726163746572730A0D7C
S1131BD0000A0A0D21212120494E56414C49442036
S1131BE0454E545259202D20506C65617365205226
S1131BF0657472790A0D000A0A0D46696E616C20DB
S1131C0054657374205374617274204D656E750A43
S1131C100D3D3D3D3D3D3D3D3D3D3D3D3D3D3D3D20
S1131C203D3D3D3D3D3D0A0A0D53656C65637420A1
S1131C307468652050726F6475637420547970659C
S1131C400A0D31202D204E455420417373656D6279
S1131C506C790A0D32202D204E4554204578746548
S1131C606E73696F6E0A0D33202D204E455420414A
S1131C706461707465720A0A0D56202D20566965D8
S1131C80772053746F72656420496E666F0A0D0085
S1131C900A0D43757272656E7420454550524F4D5E
S1131CA020436F6E74656E74730A0D3D3D3D3D3D7A
S1131CB03D3D3D3D3D3D3D3D3D3D3D3D3D3D3D3D50
S1131CC03D3D0A0A0D004E657420416461707465DF
S1131CD07220504342004E657420436F6E6E6563FC
S1131CE0746F72205043420020436F6D6D616E64C7
S1131CF0206E6F7420696D706C656D656E746564BB
S1131D000A0D000A0A426F617264205465737420DC
S1131D104669726D776172650A0D2D2D2D2D2D2D5D
S1131D202D2D2D2D2D2D2D2D2D2D2D2D2D0A0A0D45
S1131D30000A0A0D21212120494E56414C494420D4
S1131D4054455354204A4947204944204445544566
S1131D5043544544202121210A0D000A0A46696E94
S1131D60616C2054657374204669726D7761726585
S1131D700A0D2D2D2D2D2D2D2D2D2D2D2D2D2D2DD2
S1131D802D2D2D2D2D0A0D002A2A2A2A2A2A2A2A07
S1131D902A2A2A2A2A2A2A2A2A2A2A2A2A2A2A2A9F
S1131DA02A2A2A2A2A2A2A2A2A2A2A2A2A2A2A2A8F
S1131DB02A2A2A2A2A2A0A0D7C20436F70797269FA
S1131DC067687428632920323032362054686520CD
S1131DD04D61677374696D20436F6D70616E792016
S1131DE04C74642E207C200A0D7C20454547204EEF
S1131DF0657420436F6E6E6563746F722F41646106
S1131E0070746572202D2054657374204669726D58
S1131E107761726520207C0A0D2A2A2A2A2A2A2A16
S1131E202A2A2A2A2A2A2A2A2A2A2A2A2A2A2A2A0E
S1131E302A2A2A2A2A2A2A2A2A2A2A2A2A2A2A2AFE
S1131E402A2A2A2A2A2A2A0A0A0D4669726D7761E1
S1131E5072652049443A20000A0A0A0A0A0A0A0A50
S1131E600A0A0A0A0A0A0A0D000A0D00544A303006
S1131E70303030365F5357202D205665722056324D
S1131E802E31000011241FBECFEFD8E0DEBFCDBF3E
S1131E9014E0A0E0B1E0EAEDF5E502C005900D9292
S1131EA0A439B107D9F726E0A4E9B4E001C01D9232
S1131EB0AC3AB207E1F70E9418140C94EB2A0C9484
S1131EC0000010925505109254051092530510927B
S1131ED052051092C50087E68093C40086E0809383
S1131EE0C20088E98093C10008951F920F920FB633
S1131EF00F9211248F939F93EF93FF939091530527
S1131F0080915205981306C08091C1008F7D809303
S1131F10C10011C0E0915205F0E0E256FB4F808110
S1131F208093C600809152058F5F80935205843B55
S1131F3010F010925205FF91EF919F918F910F90A5
S1131F400FBE0F901F901895F8942091530530E020
S1131F50809152057894482F50E02417350710F4E7
S1131F602C543F4F8D54821B08951F93CF93DF93BE
S1131F70D82F192FC62F0E94A40F8C17E0F380913D
S1131F8053052D2FED2FF12F9E2F921B9C1758F4E4
S1131F909191A82FB0E0A256BB4F9C938F5F843BD6
S1131FA098F380E0F1CFF894809353058091C100B9
S1131FB085FD16C0E0915205F0E0E256FB4F8081AA
S1131FC08093C600809152058F5F80935205843BB5
S1131FD010F0109252058091C10080628093C1007C
S1131FE0789484E0DF91CF911F910895CF93DF938C
S1131FF0FC0101900020E9F73197EF01C81BD90BD0
S11320006C2F0E94B50F843011F48C2F01C080E036
S1132010DF91CF910895CF93C82F1092C1000E94F1
S1132020610FEC2FF0E0EE0FFF1FE050FF4F8181B6
S11320308F9380818F9383E191E09F938F9385ECBD
S113204095E09F938F930E9401280F900F900F901B
S11320500F900F900F9085EC95E0CF910C94F60FB4
S1132060209153059091520581E0291380E0089551
S11320701F920F920FB60F9211242F933F934F93F9
S11320805F936F937F938F939F93AF93BF93EF93DC
S1132090FF939091C0008091C600E0915505F0E057
S11320A0EC56FB4F8083809155058F5F80935505D7
S11320B08A3010F010925505892F8C7159F094FFD5
S11320C002C080E005C093FF02C081E001C082E04D
S11320D00E940B10FF91EF91BF91AF919F918F914F
S11320E07F916F915F914F913F912F910F900FBE10
S11320F00F901F9018953091550520915405321773
S1132100A9F0F894E0915405F0E0EC56FB4F2081DF
S1132110FC012083809154058F5F809354058A309D
S113212010F010925405789484E0089580E00895A6
S1132130CF93DF931F92CDB7DEB7CE0101960E94F5
S11321407B1021E030E0811102C020E030E0C901C1
S11321500F90DF91CF910895AF92BF92CF92DF920B
S1132160EF92FF921F93CF93DF93CDB7DEB76197C2
S11321700FB6F894DEBF0FBECDBF182F7A016901E8
S11321806F3F710511F008F01F5F698388EEA82E78
S113219083E0B82EAE014F5F5F4F61E0812F0E9454
S11321A05C13883251F081E0A81AB10899F78EEADD
S11321B096E00E945C1580E01BC0AE014E5F5F4F4D
S11321C06E2D812F0E94901320E0822F90E08E15B7
S11321D09F0568F4F601E80FF91FA2E0B0E0AC0F28
S11321E0BD1FA80FB91F8C9180832F5FEECF81E0B4
S11321F061960FB6F894DEBF0FBECDBFDF91CF91CD
S11322001F91FF90EF90DF90CF90BF90AF90089513
S11322106F927F928F929F92AF92BF92CF92DF92F2
S1132220EF92FF920F931F93CF93DF93CDB7DEB757
S113223061970FB6F894DEBF0FBECDBF882E962EE1
S11322406A017901062F172F77247394780E202FB3
S1132250802F891990E08C159D05A0F50F3F11057D
S113226019F010F0672C01C0682C2983F701E80FDE
S1132270F91F80818A83AE014F5F5F4F61E0862D35
S11322800E945C13AE014F5F5F4F62E0862D0E9497
S11322905C13AA24AA94B12CAE014F5F5F4F61E096
S11322A0862D0E945C13883219F40F5F1F4FCFCF25
S11322B081E0A81AB10881F78CE896E00E945C15C9
S11322C080E001C081E061960FB6F894DEBF0FBED6
S11322D0CDBFDF91CF911F910F91FF90EF90DF90D1
S11322E0CF90BF90AF909F908F907F906F90089504
S11322F04F925F926F927F928F929F92AF92BF9212
S1132300CF92DF92EF92FF920F931F93CF93DF93BD
S1132310CDB7DEB7A2970FB6F894DEBF0FBECDBF20
S1132320682E762EFE017296CE0182965E2E4F2E78
S113233071928E179F07E1F7E12CF12CC12CD12C5F
S113234091E9A92E91E0B92E25EC822E25E0922E5A
S11323508701012F112706950E9430108823E1F38D
S11323600F5F1F4F1F930F931F927F92BF92AF92E5
S11323709F928F920E94012885EC95E00E94F60FAF
S1132380252D342D40E150E0B601862D0E94081120
S11323909E012F5F3F4F40E150E0B601862D0E9421
S11323A0AC10FE0131960FB6F894DEBF0FBECDBF60
S11323B000E010E08191781611F10E94301088231A
S11323C0E1F3E1E0F0E0EC0FFD1FE00FF11F80818D
S11323D01F928F9380EC91E09F938F9385EC95E00F
S11323E09F938F930E94012885EC95E00E94F60F3D
S11323F00F900F900F900F900F900F9015C00F5FDC
S11324001F4F00311105B1F690E1C90ED11C80ECCB
S1132410E81A89EFF80AE11498ECF90609F098CF64
S11324200E9430108823E1F3A2960FB6F894DEBF21
S11324300FBECDBFDF91CF911F910F91FF90EF9011
S1132440DF90CF90BF90AF909F908F907F906F90D0
S11324505F904F9008955F926F927F928F929F92B8
S1132460AF92BF92CF92DF92EF92FF920F931F939E
S1132470CF93DF93CDB7DEB762970FB6F894DEBF84
S11324800FBECDBF582E81ED91E00E94F60F198248
S113249000E010E090EE692E91E0792E25ECC22E3A
S11324A025E0D22E3EEEA32E31E0B32E1F930F93E0
S11324B07F926F92DF92CF920E94012885EC95E083
S11324C00E94F60F9E012F5F3F4F40E150E0B8019C
S11324D0852D0E94AC10CE0101964C0185ECE82EAE
S11324E085E0F82E0F900F900F900F900F900F90A3
S11324F0F40181914F011F928F93BF92AF92FF928B
S1132500EF920E940128F3E0EF0EF11C0F900F9060
S11325100F900F900F900F9085EFE81685E0F80666
S113252039F70E9430108823E1F385EC95E00E948E
S1132530F60F8AE092E00E94F60F005F1F4F01152C
S113254092E0190709F0B2CF62960FB6F894DEBF95
S11325500FBECDBFDF91CF911F910F91FF90EF90F0
S1132560DF90CF90BF90AF909F908F907F906F90AF
S11325705F900895CF93DF9300D01F92CDB7DEB75D
S11325809E012F5F3F4F42E050E06EEF70E00E94EB
S1132590AC1089819A819827892798270F900F90EA
S11325A00F90DF91CF9108958F929F92BF92CF9217
S11325B0DF92EF92FF920F931F93CF93DF93CDB7E8
S11325C0DEB762970FB6F894DEBF0FBECDBFB82E4C
S11325D0198200E010E0E12CF12C4E0141E1840E5F
S11325E0911C9E012F5F3F4F40E150E0B7018B2DBE
S11325F00E94AC10FE0131968191080F111D8E16B8
S11326009F06D1F750E1E50EF11CE11482E0F806D3
S113261041F78B2D0E94BA12292FA801481B51099A
S1132620CA01C22ED12C8C199D0980959095629671
S11326300FB6F894DEBF0FBECDBFDF91CF911F91CF
S11326400F91FF90EF90DF90CF90BF909F908F906D
S11326500895CF93DF9300D01F92CDB7DEB779836F
S11326606A839E012F5F3F4F42E050E06EEF70E0BF
S11326700E9408110F900F900F90DF91CF91089551
S1132680CF93DF931F92CDB7DEB78FEF9FEF2091EB
S1132690BC002983298127FD02C00197C1F70F904F
S11326A0DF91CF9108958CE08093B800ECEBF0E0DB
S11326B08081846080830895FF920F931F93CF934A
S11326C0DF93C82F162FF42E052F84EA8093BC00C5
S11326D00E944013CC0FC093BB0084E88093BC00DD
S11326E00E944013CF2DD02FCE01810F911D8C015C
S11326F084E8F82EC017D10741F089918093BB007C
S1132700F092BC000E944013F5CF8091B90094E987
S11327109093BC00DF91CF911F910F91FF9008958A
S1132720AF92BF92CF92DF92EF92FF920F931F93DB
S1132730CF93DF93C82F062FF42E152F84EA8093AE
S1132740BC000E944013CC0FC160C093BB0084E85E
S11327508093BC000E944013CF2DD12F10E0E12CB8
S1132760F12C680181E0C81AD10884ECB82E94E8F1
S1132770A92EE016F10691F0CE14DF0419F4A0920C
S1132780BC0002C0B092BC000E9440138091BB0008
S113279088838FEFE81AF80A2196EBCF84E98093B7
S11327A0BC00DF91CF911F910F91FF90EF90DF90CC
S11327B0CF90BF90AF9008951F93CF93DF931F9254
S11327C0CDB7DEB7182F1982AE014F5F5F4F61E0BE
S11327D00E945C13AE014F5F5F4F61E0812F0E9446
S11327E05C1391E0883209F090E0892F0F90DF911B
S11327F0CF911F910895813011F4289A0895289853
S113280008958CE08BB98AB1806F8AB98BB18F70CF
S11328108BB9389A8AB1837F8AB94098409A409894
S1132820409A4098409A4098209A80E00C94FB1378
S11328300E9401140E94610F0E9453130E945627A4
S11328400E947F150E945415FDCF811102C0229869
S113285006C0229A613011F42A9A01C02A9883B1E1
S113286084700895CF93DF93C9B1C470D4E08AE033
S113287090E00E9461270E9480278823E1F389B1B8
S11328808470C81307C0D15091F781E0C11103C00F
S113289080E001C082E0DF91CF9108952BB12F70C9
S11328A030E1839FC0011124822B8BB9089589B133
S11328B083FB882780F991E08927089590ED980F8C
S11328C09A3058F0982F9F7D91549A3130F091E0CE
S11328D08D3209F090E0892F089581E00895CF9218
S11328E0DF92EF92FF920F931F93CF937B016A01C4
S11328F09A01AB01BC01809166050E94AC10C0E056
S11329008C2F90E08601080F191FF8018E159F0582
S113291070F48081811102C0C1110AC00E945E144A
S1132920811103C0F801108204C0CF5FE9CF108287
S113293081E0CF911F910F91FF90EF90DF90CF90A6
S1132940089584EF91E00E94F60F8EE895E09F933E
S11329508F9382E995E09F938F938DE092E09F930C
S11329608F9387E695E09F938F930E94012827E633
S113297035E04CE050E062EE70E0809166050E9424
S1132980081127E935E04CE050E06EEE70E08091EC
S113299066050E9408112AE835E044E050E06AEF39
S11329A070E0809166050E940811809166050E947E
S11329B0D41290936405809363052DB73EB7285FC6
S11329C03F4F0FB6F8943EBF0FBE2DBFBC018091A0
S11329D066050C942913CF93DF938091BA059091E7
S11329E0BB05009771F10E943D27EC01833B9105E3
S11329F010F0C2EBD0E00E94A40F90E08C179D076A
S1132A00D0F3BE018091BA059091BB050E942B279B
S1132A102091BA053091BB052C0F3D1F3093BB05A7
S1132A202093BA056C2F0E94B50FE091BA05F0917E
S1132A30BB05E491E1110DC01092BB051092BA05DB
S1132A4008C08091BC059091BD059093BF0580930B
S1132A50BE05DF91CF9108950F931F93CF93DF931A
S1132A60EB018A019A01AB01BC01809166050E94C9
S1132A70AC108823A1F080E0282F30E0F801E20FA9
S1132A80F31F2C173D0748F4908190539A3018F0A7
S1132A90108280E004C08F5FEFCF108281E0DF916D
S1132AA0CF911F910F910895E091BE05F091BF055C
S1132AB0309709F0099408950F931F93CF93DF93F0
S1132AC08C010E9430108823E1F3C091BE05D0919F
S1132AD0BF051093BB050093BA058091BA05909188
S1132AE0BB05892B19F00E94EB14F7CFD093BF05D7
S1132AF0C093BE05DF91CF911F910F91089588E592
S1132B009EE10E945C1588E89DE10E945C150E948C
S1132B10C6270E945C1589E69EE10E945C150E940E
S1132B2032148093600581110DC08BE59DE10E94F4
S1132B305C1587EF9BE19093BB058093BA0588EC05
S1132B4091E217C0823049F481E39DE10E945C1553
S1132B501092BF051092BE05089583E09DE10E9486
S1132B605C158BEF9EE09093BB058093BA058FE7CD
S1132B709CE19093BD058093BC058BEE94E190930A
S1132B80BF058093BE0508958F929F92AF92BF9226
S1132B90CF92DF92EF92FF921F93CF93DF9300D0F7
S1132BA0CDB7DEB71A8281E40E94DC13182F81119D
S1132BB005C08DEA91E00E945C1598C086ED91E015
S1132BC00E945C1581E480936605AE014E5F5F4F01
S1132BD061E00E945C1388EC90E00E9488271092C8
S1132BE0570511E020E2C22E22E0D22E35ECE32E6E
S1132BF035E0F32E43E3A42E42E0B42EE0915705D2
S1132C00EA3008F073C0F0E0EC58FB4F8081809309
S1132C1058058F700E944E1484E690E00E94882725
S1132C20AE014F5F5F4F61E0809166050E94901393
S1132C3089818F70898390915805891305C09BE120
S1132C40892E92E0992E05C086E1882E82E0982E86
S1132C5010E080E00E944E1480915805982F9170E6
S1132C601F929F9381FB992790F91F929F9382FB58
S1132C70992790F91F929F9383FB882780F91F92CD
S1132C808F93DF92CF92FF92EF920E94012885ECFE
S1132C9095E00E94F60F89819F928F92982F9170F0
S1132CA01F929F9381FB992790F91F929F9382FB18
S1132CB0992790F91F929F9383FB882780F91F928D
S1132CC08F93BF92AF92FF92EF920E94012885ECFE
S1132CD095E00E94F60F809157058F5F809357050A
S1132CE00FB6F894DEBF0FBECDBF88CF812F0F90F3
S1132CF00F90DF91CF911F91FF90EF90DF90CF90D5
S1132D00BF90AF909F908F90089588E59EE10E94B8
S1132D105C1582E29DE00E945C1584EF9CE0909338
S1132D20BB058093BA058AEB9AE19093BD05809325
S1132D30BC058BEE94E19093BF058093BE058EE8AD
S1132D4095E09F938F9382E995E09F938F9387E912
S1132D5095E09F938F938BE492E09F938F9385EC00
S1132D6095E09F938F930E94012885EC95E00E9443
S1132D70F60F8DB79EB70A960FB6F8949EBF0FBE96
S1132D808DBF80916205882319F086EC9CE102C016
S1132D9086ED9CE10E9449279F938F938DE594E0F3
S1132DA09F938F9385EC95E09F938F930E940128C6
S1132DB00F900F900F900F900F900F9085EC95E06F
S1132DC00C94F60F1F93CF93DF931F92CDB7DEB70A
S1132DD0182FCE0101960E947B10882381F01123C5
S1132DE069F089818D3029F489E69EE10E945C15A1
S1132DF005C061E0CE0101960E94B50F89810F9054
S1132E00DF91CF911F910895CF93DF931F92CDB798
S1132E10DEB780E00E94E216882379F1883529F034
S1132E20883719F0803249F516C080E00E944E14AC
S1132E308EE394E09093BB058093BA058BED97E104
S1132E409093BD058093BC058BEE94E19093BF05F0
S1132E508093BE0574C080915605882339F088EEAE
S1132E6093E00E9461271092560507C00E948027B4
S1132E708823E1F381E0809356050E94802788230C
S1132E8009F45DC0E0915705F0E0EC58FB4F8081F8
S1132E90809358058F700E944E1488EE93E00E9430
S1132EA06127AE014F5F5F4F61E0809166050E942C
S1132EB09013998180915805292F21701F922F9387
S1132EC091FB222720F91F922F9392FB222720F9AE
S1132ED01F922F9393FB992790F91F929F93982FFA
S1132EE091701F929F9381FB992790F91F929F9352
S1132EF082FB992790F91F929F9383FB882780F97F
S1132F001F928F938EE692E09F938F9385EC95E0CA
S1132F109F938F930E94012885EC95E00E94F60F01
S1132F20809157058F5F0FB6F894DEBF0FBECDBFFB
S1132F308A3018F48093570502C0109257050F90F9
S1132F40DF91CF910895CF9380E00E94E216C82FBD
S1132F50882379F18DE690E00E944927FC0180EDF9
S1132F608C0F8A30B0F49091A405E90FF11D808193
S1132F70C8130FC081E0890F8093A4058630C8F080
S1132F808EE394E09093BB058093BA058BED97E1B3
S1132F9006C01092BB051092BA0588EC91E290939A
S1132FA0BD058093BC058BEE94E19093BF0580939F
S1132FB0BE05CF9108951F93CF93DF931F92CDB792
S1132FC0DEB781E00E94FB1360E080E00E942514DC
S1132FD081E00E94E216882309F4A5C0843321F11C
S1132FE060F4823399F0D0F4813309F05DC060E07D
S1132FF081E00E94251480E50EC0883509F451C093
S1133000883709F44EC0853389F04EC060E081E012
S11330100E94251482E58093660553C061E081E037
S11330200E94251484E5F7CF61E0F1CF11E41093F9
S1133030660581E40E94DC13882309F442C00E94DF
S1133040571481110DC08FE590E10E945C158BEF40
S11330509EE09093BB058093BA058FE79CE159C02D
S1133060198210936605AE014F5F5F4F61E081E402
S11330700E945C138FEB93E09093BB058093BA0599
S113308084E097E19093BD058093BC058BEE94E1B9
S11330909093BF058093BE0588EC90E00E94612761
S11330A042C088E59EE115C088EE9CE10E945C1553
S11330B08EE394E09093BB058093BA058BED97E182
S11330C028C0809166050E94DC1381111AC08BE62A
S11330D09FE00E945C158BEF9EE09093BB0580936C
S11330E0BA058FE79CE19093BD058093BC058BEEF8
S11330F094E19093BF058093BE0580E00E94FB138A
S113310012C084E295E09093BB058093BA0588E5EC
S11331109DE19093BD058093BC058BEE94E1909363
S1133120BF058093BE050F90DF91CF911F91089545
S1133130FF920F931F93CF93DF938C01D62FF42E1E
S113314089E69EE10E945C15C0E0CD17D0F481E0D1
S11331500E94E2168823D9F3F801EC0FF11D808355
S1133160C11102C0883799F0FF2021F08A3061F044
S11331708D3051F00E945E14811101C0C150CF5FA7
S1133180E4CFF801EC0FF11D108280E001C081E072
S1133190DF91CF911F910F91FF90089581E00E94DC
S11331A0E216882309F45BC0823349F118F58133B0
S11331B009F03FC061EB72E082E995E00E94DD27EF
S11331C01092620588E59EE10E945C158DE09EE008
S11331D00E9449270E94F60F1092A4058BE0809369
S11331E0A30580EB9DE09093BB058093BA0587EC23
S11331F099E12BC0883581F0883771F01AC088E5D1
S11332009EE10E945C158BE492E09093BB05809351
S1133210BA058AE599E119C088E59EE10E945C152A
S11332208BEF9EE09093BB058093BA058FE79CE1FA
S11332300CC088EE9CE10E945C1584E39EE09093B0
S1133240BB058093BA058EEC98E19093BD058093FD
S1133250BC058BEE94E19093BF058093BE05089561
S1133260CF93DF931F92CDB7DEB7CE0101960E94B4
S11332707B108111FACF81E00E94E21689838D30A0
S113328091F028F4882361F08A3069F004C088350D
S113329061F0883751F084EF9CE00E945C1519823C
S11332A08981882341F38AE001C088E70F90DF9188
S11332B0CF9108950E943019883769F488E59EE11A
S11332C00E945C1584E39EE09093BB058093BA054D
S11332D08EEC98E138C081E00E94FB1384E690E014
S11332E00E94882781E40E94DC1381110DC08BE6C3
S11332F09FE00E945C158BE492E09093BB05809361
S1133300BA058AE599E136C00E945714882379F3F7
S11333100E94C415811122C089EB9AE00E945C15B9
S11333200E943019883739F488E59EE10E945C15C3
S113333081EE99E015C08BE492E09093BB058093F5
S1133340BA058AE599E19093BD058093BC058BEE9F
S113335094E19093BF058093BE05089580E59AE0BB
S11333600E945C1584E39EE09093BB058093BA05AC
S11333708EEC98E19093BD058093BC058BEE94E1AF
S11333809093BF058093BE0580E00C94FB13CF930C
S113339081E00E94E216C82F882309F476C08D309C
S11333A049F018F48A3031F01DC0883551F088375F
S11333B041F018C08091A40581113AC087EB98E0D0
S11333C027C08091A40581110DC088E59EE10E946B
S11333D05C158BEF9EE09093BB058093BA058FE755
S11333E09CE149C08C2F0E945E14882379F0E091FF
S11333F0A40581E08E0F8093A405F0E0EB55FA4F0D
S1133400C0839091A305891798F43FC087E396E0A1
S11334100E945C151092A4058BE08093A30580EBB9
S11334209DE09093BB058093BA0587EC99E123C096
S1133430C091A405EC2FF0E0EB55FA4F108265EA39
S113344075E087E995E00E94DD27CB3038F4EC2F56
S1133450F0E0E956FA4F1082CF5FF7CF1092A4053F
S113346083E08093A30581E59DE09093BB05809361
S1133470BA0587E49AE19093BD058093BC058BEE71
S113348094E19093BF058093BE05CF910895CF93A7
S113349081E00E94E216C82F882309F469C08D30A8
S11334A049F018F48A3031F020C0883569F0883743
S11334B059F01BC09091A4058091A305981708F0BA
S11334C044C085E599E027C08091A40581110DC011
S11334D088E59EE10E945C158BEF9EE09093BB050E
S11334E08093BA058FE79CE125C08C2F0E945E145F
S11334F0882379F08091A405E82FF0E0EB55FA4F8A
S1133500C0838F5F8093A4059091A3058917E8F485
S11335102FC087E396E00E945C151092A40583E017
S11335208093A30581E59DE09093BB058093BA0544
S113353087E49AE19093BD058093BC058BEE94E1FA
S11335409093BF058093BE0513C0E091A405F0E0FD
S1133550EB55FA4F108265EA75E08EE895E00E941B
S1133560DD2788E59EE10E945C15CF910C948516B9
S1133570CF91089581E00E94E2168823D9F18D301D
S1133580A9F018F48A3091F01FC0883511F08837FB
S1133590D9F488E59EE10E945C158BEF9EE0909340
S11335A0BB058093BA058FE79CE11AC01092A4056D
S11335B083E08093A30582EB9CE09093BB0580930A
S11335C0BA0589ED9FE10CC081ED9BE10E945C1579
S11335D084EF9CE09093BB058093BA058AEB9AE153
S11335E09093BD058093BC058BEE94E19093BF0549
S11335F08093BE05089581E00E94E216882369F154
S11336008D3051F018F48A3039F00FC0883511F03C
S1133610883759F40C94851681E79BE09093BB0599
S11336208093BA0585E790E20EC084EF9CE00E9487
S11336305C158091590590915A059093BB05809330
S1133640BA058BEF9AE19093BD058093BC058BEE90
S113365094E19093BF058093BE050895EF92FF9285
S11336600F931F93CF93DF9300D000D0CDB7DEB775
S113367089E69EE10E945C1580E99CE10E945C154C
S1133680809166050E94BA129F938F9387E093E01E
S11336909F938F9305EC15E01F930F930E940128CD
S11336A0C8010E94F60F809166050E94D41280938F
S11336B06305909364059F938F9386EB92E09F93A9
S11336C08F931F930F930E940128C8010E94F60F45
S11336D089E69EE10E945C150FB6F894DEBF0FBE2A
S11336E0CDBF0E9430108823E1F380EE97E00E9462
S11336F05C1580EF97E00E9449277C0145EC55E07A
S113370064E070E080E090E00E942C15882309F1C9
S11337101DE21093C9054AEC55E062E070E084E0D4
S113372090E00E942C158823A1F01093CC054DEC59
S113373055E063E070E086E090E00E946F14882317
S113374041F01092D00511E095ECE92E95E0F92EA8
S113375001C010E0C7010E94F60F89E69EE10E94B5
S11337605C15112301F19E012F5F3F4F41E050E0B2
S113377066E170E0809166050E94AC10E981E03852
S113378019F481E29BE111C080915B05882319F053
S113379086E39BE10AC0F0E0EE0FFF1FE258FB4F07
S11337A08081918102C080EF97E00E9449279F9316
S11337B08F9383ED92E09F938F9385EC95E09F9395
S11337C08F930E94012885EC95E00E94F60F0F90DC
S11337D00F900F900F900F900F900E94301088233D
S11337E0E1F380ED97E00E945C1580EF97E00E9482
S11337F049278C0145EC55E06DE070E089E090E0EC
S11338000E946F14882389F08DE28093D20543EDE2
S113381055E06DE070E084E090E00E946F1488232E
S113382021F01092E00505EC15E0C8010E94F60FA6
S113383089E69EE10E945C150E9430108823E1F322
S113384080EC97E00E945C1580EF97E00E94492786
S11338508C0145EC55E06CE070E082EE90E00E9453
S11338606F14882311F005EC15E0C8010E94F60FCF
S113387089E69EE10E945C150E9430108823E1F3E2
S113388080EB97E00E945C1580EF97E00E94492747
S11338908C0145EC55E06CE070E08EEE90E00E9407
S11338A06F148823D1F067EE72E085EC95E00E94F6
S11338B0C927AE014F5F5F4F64E070E08AEF90E08C
S11338C00E946F14882349F0BE016F5F7F4F85EC1F
S11338D095E00E94C92705EC15E0C8010E94F60F87
S11338E089E69EE10E945C150F900F900F900F9057
S11338F0DF91CF911F910F91FF90EF900895CF9397
S1133900DF9380916005811112C087EF9BE1909352
S1133910BB058093BA0588EC91E29093BD05809332
S1133920BC058BEE94E19093BF058093BE0581E0C6
S11339300E94E216882309F4B8C0863509F446C00B
S113394028F4843449F1843549F099C0843731F03E
S11339508637E1F1843609F092C01EC01092A405A6
S11339608BE08093A30588E59EE10E945C1584E3C7
S11339709EE09093BB058093BA058EEC98E19093FA
S1133980BD058093BC058BEE94E19093BF058093B5
S1133990BE051092610589C088E59EE10E945C1510
S11339A08EE394E09093BB058093BA058BED97E189
S11339B09093BD058093BC058BEE94E19093BF0575
S11339C08093BE0581E0809361056FC088E59EE128
S11339D00E945C1510925B0581E00E94FB1384E653
S11339E090E00E94882780E58093660582ED9FE041
S11339F00E944927EC01809166050E94DC13811125
S1133A0022C084E5809366050E94DC13882349F074
S1133A1081E080935B0580EB9FE00E944927EC01E5
S1133A2012C081E4809366050E94DC13882331F080
S1133A3081E0809362058FE89FE002C08BE69FE0FF
S1133A400E945C1505C0CE010E94F60F0E942E1B39
S1133A508BEF9EE09093BB058093BA058FE79CE1C2
S1133A609093BD058093BC058BEE94E19093BF05C4
S1133A708093BE0580E0DF91CF910C94FB1388EE18
S1133A809CE10E945C158BEF9EE09093BB058093B4
S1133A90BA058FE79CE19093BD058093BC058BEE3E
S1133AA094E19093BF058093BE05DF91CF91089573
S1133AB0EF92FF920F931F93CF93DF93CDB7DEB7AF
S1133AC062970FB6F894DEBF0FBECDBF81E00E94AF
S1133AD0E216882309F43FC1883509F410C1A8F41B
S1133AE0803509F4FAC040F4843449F1883451F142
S1133AF0833409F01AC12BC0833509F4E6C0873535
S1133B00E9F1823509F011C1E2C0803709F4E5C05A
S1133B1040F48436A1F08836A9F0833609F005C153
S1133B2016C0833709F4D1C020F4823709F4CFC01A
S1133B30FCC0873719F1883709F4E1C0F6C00E9448
S1133B402E1BF7C0809166050E942B12F2C0809153
S1133B5066050E94D412182F092F809166050E94D1
S1133B60BA12F82EE92E0E9430108823E1F3EF9266
S1133B70FF920F931F9389EE92E095C08AE58983A3
S1133B809E012F5F3F4F41E050E060E470E0809180
S1133B9066050E9408110E9430108823E1F31F92E9
S1133BA080E48F9389811F928F9384E293E09F93A3
S1133BB08F9385EC95E09F938F930E94012885EC69
S1133BC095E00E94F60F9E012F5F3F4F41E050E0C9
S1133BD060E470E0809166050E94AC100FB6F89422
S1133BE0DEBF0FBECDBF0E9430108823E1F31F92C9
S1133BF080E48F9389811F928F938AE493E09F934B
S1133C008F9385EC95E09F938F930E94012885EC18
S1133C1095E00E94F60F85EA89839E012F5F3F4F4E
S1133C2041E050E06FE071E0809166050E94081168
S1133C300FB6F894DEBF0FBECDBF0E9430108823AC
S1133C40E1F381E08F938FE08F9389811F928F93AB
S1133C5084E293E09F938F9385EC95E09F938F93F9
S1133C600E94012885EC95E00E94F60F9E012F5FCB
S1133C703F4F41E050E06FE071E0809166050E94A3
S1133C80AC100FB6F894DEBF0FBECDBF0E9430104B
S1133C908823E1F381E08F938FE08F9389811F92D2
S1133CA08F938AE493E09F938F9385EC95E09F93A1
S1133CB08F930E94012885EC95E00E94F60F0FB6C1
S1133CC0F894DEBF0FBECDBF34C06FEF01C060E01B
S1133CD0809166050E9478112CC01092A4058BE097
S1133CE08093A30588E59EE10E945C1583E790E03C
S1133CF09093BB058093BA0588EB9EE122C08EE3C6
S1133D0094E09093BB058093BA058BED97E1909373
S1133D10BD058093BC058BEE94E19093BF05809321
S1133D20BE0580E00E94FB1316C088EE9CE10E9451
S1133D305C1584E295E09093BB058093BA0588E511
S1133D409DE19093BD058093BC058BEE94E1909327
S1133D50BF058093BE0562960FB6F894DEBF0FBE12
S1133D60CDBFDF91CF911F910F91FF90EF900895F8
S1133D70EF92FF920F931F93CF93DF93CDB7DEB7EC
S1133D802F970FB6F894DEBF0FBECDBFFE0131965C
S1133D907E018FE0E80EF11C8F011192EE16FF06F2
S1133DA0E1F781E00E94E216882309F4F5C0843328
S1133DB009F47EC038F48233A1F108F03FC08133A6
S1133DC069F0CDC0863309F4AEC008F49FC08835CD
S1133DD009F4BCC0883709F4B9C0C1C040E069E047
S1133DE0C8010E9498188111B1C0980144E050E0C4
S1133DF060E070E0809166050E9408119E012B5FCF
S1133E003F4F42E050E064E070E0809166050E941C
S1133E1008119E01295F3F4F43E050E066E070E0E7
S1133E208EC041E06CE0C8010E94981881118EC0D8
S1133E3098014DE050E069E070E081C081E198E1D3
S1133E400E945C158FEF97E10E945C1540E061E0F1
S1133E50C8010E949818182F898190ED980F9A3004
S1133E6010F49F870AC08F7D813411F48AE004C066
S1133E70823409F069C080E88F87970141E050E0FF
S1133E8066E170E0809166050E9408112F852B3051
S1133E9020F430E0285F3E4F02C01F86970141E0C6
S1133EA050E067E170E0809166050E9408114CC003
S1133EB040E069E0C8010E949818811147C044E0BD
S1133EC050E0B80185EC95E00E94F2271DE21093C2
S1133ED0C90542E050E0BE016B5F7F4F8AEC95E07C
S1133EE00E94F2271093CC0544E050E0BE01695FC4
S1133EF07F4F8DEC95E00E94F2271092D10525ECBE
S1133F0035E04CE050E062EE70E019C041E06BE057
S1133F10C8010E949818811119C098014CE050E022
S1133F206EEE70E00CC040E063E0C8010E94981897
S1133F3081110CC0980144E050E06AEF70E0809178
S1133F4066050E9408110BC0112349F084E295E034
S1133F509093BB058093BA0588E59DE113C08091D9
S1133F6066050E94D412BC01809166050E94291343
S1133F700E942E1B83E790E09093BB058093BA05C3
S1133F8088EB9EE19093BD058093BC058BEE94E194
S1133F909093BF058093BE052F960FB6F894DEBFAD
S1133FA00FBECDBFDF91CF911F910F91FF90EF9086
S1133FB0089581E00E94E216882309F495C08D30AB
S1133FC071F018F48A3059F014C0883511F088372C
S1133FD081F48091A405811187C00C948516909179
S1133FE0A4058091A305981708F07EC085E599E0A3
S1133FF062C090ED980F9A3008F05BC0E091A40580
S1134000AE2FB0E0AB55BA4F8C93EF5FE093A405AD
S11340108091A305E81368C0F0E0EB55FA4F1082D5
S113402065EA75E08AE895E00E94DD2788E59EE16F
S11340300E945C158AE895E09F938F9387E995E049
S11340409F938F938FE693E09F938F9385EC95E0F6
S11340509F938F930E94012885EC95E00E94F60FB0
S11340608DB79EB708960FB6F8949EBF0FBE8DBF4E
S113407080916105882329F00E94A1140E942E1BBF
S11340800DC080916205882319F085EA9BE002C087
S113409086E09CE090935A058093590580915905D8
S11340A090915A059093BB058093BA058BEF9AE1E2
S11340B011C081EF95E00E945C151092A40583E085
S11340C08093A30582EB9CE09093BB058093BA0593
S11340D089ED9FE19093BD058093BC058BEE94E13F
S11340E09093BF058093BE0508950F931F93CF93BC
S11340F0DF9388E59EE10E945C158AE895E09F9332
S11341008F9387E995E09F938F9380EA93E09F9341
S11341108F9385EC95E09F938F930E94012885EC03
S113412095E00E94F60F81E00E94FB1388EE93E075
S11341300E9461278DB79EB708960FB6F8949EBF6C
S11341400FBE8DBF0E9480278823E1F38091620512
S11341508823F1F060E081E00E94251480E58093DB
S113416066050E94D4129093640580936305809140
S113417066050E94BA122091630530916405821786
S1134180930709F448C086E398E00E945C1555C083
S1134190CAEBD3E005EC15E019993AC088E698E03B
S11341A00E945C1583B186701F928F93DF93CF9327
S11341B01F930F930E94012885EC95E00E94F60F4F
S11341C00E9430190F900F900F900F900F900F9046
S11341D0883711F71092A40583E08093A30582EB3E
S11341E09CE09093BB058093BA0589ED9FE1909381
S11341F0BD058093BC058BEE94E19093BF0580933D
S1134200BE0580E0DF91CF911F910F910C94FB13B9
S11342101A99C4CF9FCF8AEF97E00E945C150E9441
S11342202E1B89E69EE10E945C1584EF9CE00E94AF
S11342305C150E943019883769F260E08091660548
S11342400E9478110E94A11487E797E00E945C15F0
S113425080E00E94FB1388EB9BE00E9461270E9490
S113426080278823E1F381E00E94FB13809162059B
S1134270811107C061E081E00E94251484E58093E8
S1134280660545EC55E06CE070E082EE90E00E943B
S11342906F14882309F43FC067E675E085EC95E068
S11342A00E94D427892BB9F545EC55E06CE070E009
S11342B08EEE90E00E946F14882369F167E975E03F
S11342C085EC95E00E94D427892B29F545EC55E02F
S11342D064E070E08AEF90E00E946F148823D9F0C4
S11342E06AE875E085EC95E00E94D427892B99F45F
S11342F0809166050E94D4129093640580936305AF
S1134300809166050E94BA1220916305309164057C
S11343108217930789F1C1E080E00E94FB1360E0FB
S113432080E00E94251488E59EE10E945C15CC2360
S113433019F08FEC96E002C080E59AE00E945C15CB
S11343401092A40583E08093A3058BE89CE09093EE
S1134350BB058093BA0589ED9FE19093BD058093D9
S1134360BC058BEE94E19093BF058093BE05DF916D
S1134370CF911F910F91089580E697E00E945C15FC
S11343800E942E1B80E49BE00E945C15C0E0C4CF19
S1134390CF93DF9380E00E94E216882309F4F6C0ED
S11343A08333C9F1B8F4813339F1823309F0CAC0D7
S11343B081E080935F0526E33BE130935E05209323
S11343C05D051092620580935B0561E00E942514EF
S11343D084E53AC0863509F459C0863709F456C0D5
S11343E0843409F0AFC01092A4051092BB0510925A
S11343F0BA0583EA97E1C0C010925F058DE49BE1A2
S113440090935E0580935D051092620510925B05A2
S113441060E081E016C00E945714811103C08FE54B
S113442090E192C082E080935F0581E29BE19093EA
S11344305E0580935D0581E08093620510925B05C3
S113444060E00E94251480E58093660580915B05F9
S1134450882309F484C08FE290E10E945C1588E609
S113446090E00E944927BC0188E795E00E94DD277F
S11344701092A40583E08093A3058AE59BE19093C1
S1134480BB058093BA058DE595E276C088E59EE18B
S11344900E945C1581E00E94FB1384E690E00E9478
S11344A0882780E58093660585EF9FE00E94492771
S11344B0EC01809166050E94DC13811115C084E52E
S11344C0809366050E94DC13882349F08FE290E113
S11344D00E944927EC0181E080935B0517C08BE6BD
S11344E09FE00E945C1517C081E4809366050E94DA
S11344F0DC13882341F081E08093620580E190E140
S11345000E944927EC0180E580936605CE010E9454
S1134510F60F0E942E1B87EF9BE19093BB058093BF
S1134520BA0588EC91E29093BD058093BC058BEEAF
S113453094E19093BF058093BE0580E0DF91CF9115
S11345400C94FB1381ED9BE10E945C1587EF9BE1CA
S11345509093BB058093BA0588EC91E20DC010924C
S1134560A40584E08093A30587E99BE19093BB05B0
S11345708093BA0589EC92E29093BD058093BC05C3
S11345808BEE94E19093BF058093BE05DF91CF91AC
S1134590089581E00E94E216882309F463C08D30F7
S11345A0C9F018F48A30B1F018C0883511F0883792
S11345B0A1F48091A405811104C088E59EE10E94C4
S11345C05C1587EF9BE19093BB058093BA0588EC5B
S11345D091E23EC08BE999E02CC090ED980F9A309F
S11345E030F5E091A405AE2FB0E0AB55BA4F8C93F3
S11345F0EF5FE093A4058091A305E81798F1F0E03C
S1134600EB55FA4F108265EA75E088E795E00E9461
S1134610DD271092A40583E08093A3058AE59BE13E
S11346209093BB058093BA058DE595E211C081EFA7
S113463095E00E945C151092A40584E08093A30584
S113464087E99BE19093BB058093BA0589EC92E2DC
S11346509093BD058093BC058BEE94E19093BF05C8
S11346608093BE05089581E00E94E2168823D9F163
S11346708D30A9F018F48A3091F01FC0883511F0FC
S11346808837D9F488E59EE10E945C1587EF9BE1A9
S11346909093BB058093BA0588EC91E21AC01092FE
S11346A0A4058CE08093A3058EEC9AE19093BB055E
S11346B08093BA058FE196E20CC081ED9BE10E94E4
S11346C05C1584EF9CE09093BB058093BA0583E36B
S11346D093E29093BD058093BC058BEE94E1909397
S11346E0BF058093BE050895CF93DF931F92CDB786
S11346F0DEB781E00E94E216882309F451C18D30AF
S113470011F118F48A30F9F011C0883511F08837A6
S113471069F488E59EE10E945C1587EF9BE1909324
S1134720BB058093BA0588EC91E230C181ED9BE131
S11347300E945C1584EF9CE09093BB058093BA05BE
S113474083E393E223C188E59EE10E945C1581E046
S11347500E94FB1384E690E00E94882780915D0507
S113476090915E050E9449279F938F938FEC93E06D
S11347709F938F9385EC95E09F938F930E940128DC
S113478085EC95E00E94F60F809166050E94DC138B
S11347900F900F900F900F900F900F90811103C006
S11347A08BE69FE022C028E735E044E050E060E07B
S11347B070E0809166050E9408118823C9F025ECF9
S11347C035E044E050E060E070E0809166050E94CE
S11347D0AC1044E050E065EC75E088E795E00E9499
S11347E0E427892B81F08CE896E00E945C1580E038
S11347F00E94FB138BE692E19093BB058093BA056C
S11348008BEE96E2C3C02FEE33E042E050E064E06A
S113481070E0809166050E94081124E735E043E0CA
S113482050E066E070E0809166050E9408112DE773
S113483035E04DE050E069E070E0809166050E944B
S1134840081180916205882331F080E889839E01F4
S11348502F5F3F4F02C02CE535E041E050E066E1B8
S113486070E0809166050E940811809162058111B3
S113487004C080915B05882329F019829E012F5F73
S11348803F4F05C020915C0530E0285F3E4F41E07A
S113489050E067E170E0809166050E940811809104
S11348A066050E94D4129093640580936305BC014D
S11348B0809166050E9429130E942E1B80E00E94AD
S11348C0FB13809166058093650580915F058230B6
S11348D009F054C085E991E10E945C150E9498108A
S11348E0892BE1F381E48093660581E00E94FB1348
S11348F084E690E00E9488270E94C415811134C088
S11349008EE091E10E945C150E943019883739F5D8
S113491088E59EE10E945C151092A4058CE08093CA
S1134920A30582EA90E10E945C1587EF9BE19093D6
S1134930BB058093BA0588EC91E29093BD05809302
S1134940BC058BEE94E19093BF058093BE0580E097
S11349500E94FB13809165058093660521C088E55C
S11349609EE10E945C15C8CF809165058093660521
S113497080E00E94FB1387E894E102C085E293E1A2
S11349809093BB058093BA0581EA96E29093BD05A6
S11349908093BC058BEE94E19093BF058093BE0594
S11349A00F90DF91CF910895CF93DF9382E29DE042
S11349B00E945C1580915D0590915E050E944927D7
S11349C09F938F9382EF93E09F938F93C5ECD5E0F1
S11349D0DF93CF930E940128CE010E94F60F84E753
S11349E095E09F938F9388E795E09F938F938CE056
S11349F094E09F938F93DF93CF930E940128CE017D
S1134A000E94F60F8DB79EB70E960FB6F8949EBF10
S1134A100FBE8DBF80916205882321F06EE274E0A1
S1134A20CE0108C080915B05882339F061E474E00D
S1134A3085EC95E00E94DD271BC0E0915C05F0E069
S1134A40EE0FFF1FE258FB4F808191810E9449279E
S1134A509F938F9385E594E09F938F93DF93CF93F8
S1134A600E9401280F900F900F900F900F900F90BD
S1134A7085EC95E00E94F60F8DE795E020917D0589
S1134A802223C1F09F938F9383E694E09F938F93A7
S1134A9085EC95E09F938F930E9401280F900F90CF
S1134AA00F900F900F900F9085EC95E0DF91CF91D0
S1134AB00C94F60FDF91CF910895CF9381E00E947B
S1134AC0E216C82F882309F483C08D30A9F018F4A6
S1134AD08A3091F01AC0883511F08837B1F488E52E
S1134AE09EE10E945C1587EF9BE19093BB05809348
S1134AF0BA0588EC91E262C09091A4058091A30567
S1134B00981748F585E599E016C08C2F0E945E142D
S1134B10882379F08091A405E82FF0E0EB55FA4F53
S1134B20C0838F5F8093A4059091A305891798F49F
S1134B304FC087E396E00E945C151092A40583E0C1
S1134B408093A3058AE59BE19093BB058093BA0506
S1134B508DE595E233C0E091A405F0E0EB55FA4F02
S1134B60108265EA75E084E795E00E94DD2788E518
S1134B709EE10E945C1510927D0580916205811171
S1134B8007C080915B05882389F010925C0503C0FF
S1134B9080E880935C050E94D42484EF9CE0909389
S1134BA0BB058093BA0583E393E208C081E198E1F1
S1134BB09093BB058093BA058AEE95E29093BD0568
S1134BC08093BC058BEE94E19093BF058093BE0562
S1134BD0CF91089581E00E94E216882379F190ED47
S1134BE0980F9A3018F490935C0514C08F7D81342B
S1134BF021F48AE080935C050DC081ED9BE10E9465
S1134C005C1581E198E19093BB058093BA058AEE27
S1134C1095E20AC00E94D42484EF9CE09093BB05E3
S1134C208093BA0583E393E29093BD058093BC051A
S1134C308BEE94E19093BF058093BE050895CF93C6
S1134C4081E00E94E216C82F882309F478C08D30D1
S1134C50C9F018F48A30B1F01CC0883511F08837D7
S1134C60C1F4E091A405E1111BC088E59EE10E9416
S1134C705C1587EF9BE19093BB058093BA0588ECA4
S1134C8091E253C08091A405811129C08BE099E081
S1134C9016C08C2F0E945E14882379F0E091A4053D
S1134CA081E08E0F8093A405F0E0EB55FA4FC083AA
S1134CB09091A305891798F442C087E396E00E9477
S1134CC05C151092A4058CE08093A3058EEC9AE108
S1134CD09093BB058093BA058FE196E226C0C091FC
S1134CE0A405EC2FF0E0EB55FA4F108265EA75E06D
S1134CF08DE795E00E94DD27CC3038F4EC2FF0E00E
S1134D00E358FA4F1082CF5FF7CFC093A4050E94F7
S1134D10D42482E392E10E945C1584EF9CE090939A
S1134D20BB058093BA0584E793E29093BD05809315
S1134D30BC058BEE94E19093BF058093BE05CF91A3
S1134D40089581E00E94E216882309F443C08D305F
S1134D50A9F018F48A3091F029C0883511F0883709
S1134D6029F588E59EE10E945C1587EF9BE190930D
S1134D70BB058093BA0588EC91E222C088E59EE1E8
S1134D800E945C150E94742310927D050E94D42415
S1134D901092A4058CE08093A3058EEC9AE1909385
S1134DA0BB058093BA058FE196E20AC081ED9BE1D1
S1134DB00E945C151092BB051092BA0581EA96E236
S1134DC09093BD058093BC058BEE94E19093BF0551
S1134DD08093BE05089581E00E94E2168823D1F1F4
S1134DE08D30C9F018F48A30B1F020C0883511F044
S1134DF08837E1F488E59EE10E945C1582EA90E13F
S1134E000E945C1587EF9BE19093BB058093BA05E4
S1134E1088EC91E215C00E94D42484EF9CE0909326
S1134E20BB058093BA0584E793E20AC081ED9BE158
S1134E300E945C151092BB051092BA0581EA96E2B5
S1134E409093BD058093BC058BEE94E19093BF05D0
S1134E508093BE050895A7EFB5E020E030E0261763
S1134E60370741F0FC01E20FF31FE491ED932F5F4C
S1134E703F4FF5CF87EF95E008959C0180E090E0E7
S1134E80F901E80FF91FE491EE2311F00196F8CF30
S1134E900895CF93DF93EC010E943D27BC016F5F1F
S1134EA07F4FCE01DF91CF910C942B271092C40534
S1134EB01092C3051092C2051092C1051092C0054C
S1134EC008951092C0059093C4058093C305109271
S1134ED0C2051092C10510928500109284008AEFD9
S1134EE090E09093890080938800EFE6F0E0808161
S1134EF082608083E1E8F0E08081836080830895AC
S1134F008091C005882319F01092C00581E00895AE
S1134F100E9461270E9480278823E1F308951F924D
S1134F200F920FB60F9211242F933F938F939F9359
S1134F308091C1059091C20501969093C20580931A
S1134F40C1052091C3053091C4058217930759F414
S1134F501092810080916F008D7F80936F0081E0BB
S1134F608093C0050AC08091880090918900865082
S1134F709F4F90938900809388009F918F913F91D8
S1134F802F910F900FBE0F901F9018958CE69EE105
S1134F900895FB01DC010D900020E9F711970190C1
S1134FA00D920020E1F70895FB01DC018D91019041
S1134FB080190110D9F3990B0895FB01DC010190CC
S1134FC00D920020E1F70895FB01DC0141505040AF
S1134FD030F08D910190801919F40020B9F7881BE5
S1134FE0990B0895FB01DC014150504048F00190B9
S1134FF00D920020C9F701C01D9241505040E0F7C6
S11350000895AEE0B0E0E7E0F8E20C94C22A0D891E
S11350101E8986E08C831A8309838FEF9FE79E8322
S11350208D83AE01475E5F4F6F89788DCE01019607
S11350300E942328EF81F885E00FF11F10822E963D
S1135040E4E00C94DE2AABE0B0E0E9E2F8E20C9490
S1135050B42A6C017B018A01FC01178216828381C8
S113506081FFCCC1CE0101963C01F6019381F70189
S113507093FD859193FF81917F01882309F4BAC13F
S1135080853239F493FD859193FF81917F018532B7
S113509029F4B60190E00E941A2AE7CF912C212C22
S11350A0312CFFE1F315D8F08B3279F038F48032EB
S11350B079F08332A1F4232D20611DC08D3261F07B
S11350C0803369F4232D216016C0832D8260382E2D
S11350D0E32DE4603E2E2AC0F32DF8601DC037FC9A
S11350E02DC020ED280F2A3040F08E32B9F436FC62
S11350F081C1232D2064322E19C036FE06C08AE0F9
S1135100989E200D1124922E11C0EAE02E9E200DAF
S11351101124222EF32DF0623F2E08C08C3621F488
S1135120832D8068382E02C0883641F4F70193FD40
S1135130859193FF81917F018111B3CF982F9F7D3A
S11351409554933028F40C5F1F4F9FE399830DC04F
S1135150833631F0833771F0833509F059C021C0AB
S1135160F801808189830E5F1F4F88248394912CDA
S1135170530113C02801F2E04F0E511CF801A08026
S1135180B18036FE03C0692D70E002C06FEF7FEF7F
S1135190C5010E940F2A4C018201F32DFF773F2E97
S11351A016C0280122E0420E511CF801A080B180F3
S11351B036FE03C0692D70E002C06FEF7FEFC501BA
S11351C00E94042A4C01F32DF0683F2E820133FC27
S11351D01BC0822D90E088169906B0F4B60180E2D7
S11351E090E00E941A2A2A94F4CFF50137FC8591A5
S11351F037FE81915F01B60190E00E941A2A2110C6
S11352002A9421E0821A91088114910471F7E8C06C
S1135210843611F0893641F5F80137FE07C0608104
S11352207181828193810C5F1F4F08C060817181FD
S1135230072E000C880B990B0E5F1F4FF32DFF7682
S11352403F2E97FF09C090958095709561957F4F8B
S11352508F4F9F4FF0683F2E2AE030E0A3010E9459
S1135260562A882E861845C0853731F4232D2F7E83
S1135270B22E2AE030E025C0932D997FB92E8F36C7
S1135280C1F018F4883579F0B5C0803719F0883743
S113529021F0B0C0E92FE061BE2EB4FE0DC0FB2D9D
S11352A0F460BF2E09C034FE0AC0292F2660B22E36
S11352B006C028E030E005C020E130E002C020E173
S11352C032E0F801B7FE07C0608171818281938169
S11352D00C5F1F4F06C06081718180E090E00E5F1B
S11352E01F4FA3010E94562A882E8618FB2DFF7794
S11352F03F2E36FE0DC0232D2E7FA22E891458F486
S113530034FE0BC032FC09C0832D8E7EA82E05C04E
S1135310B82CA32C03C0B82C01C0B92CA4FE0FC018
S1135320FE01E80DF11D8081803321F49A2D997ED0
S1135330A92E09C0A2FE06C0B394B39404C08A2D5A
S1135340867809F0B394A3FC11C0A0FE06C0B21481
S113535088F4280C922C9B180EC0B21460F4B60189
S113536080E290E00E941A2AB394F7CFB21418F4A2
S11353702B1802C0982C212CA4FE10C0B60180E387
S113538090E00E941A2AA2FE17C0A1FC03C088E77D
S113539090E002C088E590E0B6010CC08A2D8678C2
S11353A059F0A1FE02C08BE201C080E2A7FC8DE2AD
S11353B0B60190E00E941A2A891438F4B60180E3F9
S11353C090E00E941A2A9A94F7CF8A94F301E80D88
S11353D0F11D8081B60190E00E941A2A8110F5CF58
S11353E0222009F442CEB60180E290E00E941A2AFB
S11353F02A94F6CFF6018681978102C08FEF9FEF42
S11354002B96E2E10C94D02AFC0105906150704087
S11354100110D8F7809590958E0F9F1F0895FC0179
S11354206150704001900110D8F7809590958E0FCF
S11354309F1F08950F931F93CF93DF93FB01238145
S113544021FD03C08FEF9FEF2CC022FF16C04681C1
S11354505781248135814217530744F4A081B181D7
S11354609D012F5F3F4F318320838C9326813781A9
S11354702F5F3F4F3783268314C08B01EC01FB0160
S11354800084F185E02D0995892BE1F6D801169663
S11354908D919C911797019617969C938E931697CE
S11354A0CE01DF91CF911F910F910895FA01AA27A0
S11354B0283051F1203181F1E8946F936E7F6E5F53
S11354C07F4F8F4F9F4FAF4FB1E03ED0B4E03CD001
S11354D0670F781F891F9A1FA11D680F791F8A1FE4
S11354E0911DA11D6A0F711D811D911DA11D20D04B
S11354F009F468943F912AE0269F11243019305D05
S11355003193DEF6CF010895462F4770405D4193F5
S1135510B3E00FD0C9F7F6CF462F4F70405D4A3342
S113552018F0495D31FD4052419302D0A9F7EACF0A
S1135530B4E0A6959795879577956795BA95C9F739
S113554000976105710508959B01AC010A2E06942C
S11355505795479537952795BA95C9F7620F731FE5
S1135560841F951FA01D08952F923F924F925F9222
S11355706F927F928F929F92AF92BF92CF92DF925F
S1135580EF92FF920F931F93CF93DF93CDB7DEB7C4
S1135590CA1BDB0B0FB6F894DEBF0FBECDBF099458
S11355A02A88398848885F846E847D848C849B84AF
S11355B0AA84B984C884DF80EE80FD800C811B81BD
S11355C0AA81B981CE0FD11D0FB6F894DEBF0FBEEC
S10D55D0CDBFED010895F894FFCF5C
S11355DA290140015C0172013F7FFF1F3F7FFF1FCA
S11355EA3F7FFF0A0A0D53595354454D20455252E1
S11355FA4F520A0D25730A0D000A0D53657269612B
S113560A6C204672616D696E67204572726F720012
S113561A0A0D53657269616C2044617461204F7686
S113562A657272756E204572726F72000A0D536547
S113563A7269616C20506172697479204572726F63
S113564A72000A0D53657269616C205458206275A0
S113565A66206F766572666C6F77204572726F7218
S113566A000D526573657474696E6720416C6C2011
S113567A6F6620454550524F4D20746F20253032B5
S113568A78202D2025303364252520646F6E65002B
S113569A0A0D4572617365204552522025780A0D18
S11356AA000A0A0D4845582044554D500A0D0A006F
S11356BA41646472203D20253034783A2000253034
S11356CA327820000A0A0D5570646174696E672085
S11356DA454550524F4D2021210A0A0D0025732DAC
S11356EA30312D2573004641494C00504153530033
S11356FA25303178253031782530317825303178A4
S113570A202000253031782530317825303178252C
S113571A303178202D2025730A0D00574F204E6F03
S113572A2020203D2025730A0D41737379204E6F82
S113573A203D2025732D30312D257320200020256E
S113574A303178202020202530317820202020254F
S113575A3031782020202025303178202020202044
S113576A2D20446174612052656164203D202530F6
S113577A31782530317825303178253031780A0D61
S113578A00363531390043616C63756C6174656444
S113579A20436865636B73756D203D20253034782A
S11357AA0A0D004E45542049442020202020202060
S11357BA3D2025730A0D002D000A0D43616C6375A3
S11357CA6C6174656420436865636B73756D203D11
S11357DA20253034780A0D53746F72656420436847
S11357EA65636B73756D20202020203D202530349D
S11357FA780A0D000A0D446174612025303278203C
S113580A7772697474656E20746F2061646472655A
S113581A737320253034780A0D000A0D44617461CB
S113582A202530327820726561642066726F6D209B
S113583A6164647265737320253034780A0D000A32
S113584A0A426F6172642049443A2025732D2573F4
S113585A2069732073656C656374656420666F726E
S113586A2070726F6772616D6D696E670A0A0D0046
S113587A50726F6772616D6D696E6720426F6172F3
S113588A642025732D25730A0D00486561646572C9
S113589A20506F7274203D20253032780A0D000A98
S11358AA0A0D50726F6772616D6D696E6720446587
S11358BA7461696C7320666F722025730A0D003057
S11358CA300046696E616C20417373656D626C7950
S11358DA20547970653A2025730A0D0046696E6171
S11358EA6C20417373656D626C79204E756D6265C7
S11358FA723A2025732D30302D25730A0D004E651A
S113590A742049443A20414441505445520A0A0DEC
S113591A004E65742049443A20455854454E44453E
S113592A520A0A0D004E65742049443A2025730A26
S113593A0A0D0053657269616C204E6F3A20257313
S113594A0A0A0D0000010204080F0E0D0B07D817EE
S113595AB017881758172817F716C6169616661614
S107596A35160316D1
=======
S11300000C94520D0C946F0D0C946F0D0C946F0D99
S11300100C946F0D0C946F0D0C946F0D0C946F0D6C
S11300200C946F0D0C946F0D0C946F0D0C944A236B
S11300300C946F0D0C946F0D0C946F0D0C946F0D4C
S11300400C946F0D0C946F0D0C94480E0C94850D4C
S11300500C946F0D0C946F0D0C946F0D0C946F0D2C
S11300600C946F0D0C946F0D3237303436330A0D07
S11300704E6574204964656E746966696361746968
S11300806F6E20546573740A0D3D3D3D3D3D3D3D0D
S11300903D3D3D3D3D3D3D3D3D3D3D3D3D3D3D3D8C
S11300A00A0D42697433203D2047534E332C2042BD
S11300B0697432203D2047534E322C2042697431FA
S11300C0203D2047534E312C2042697430203D207E
S11300D047534E300A0A0D4F555420202020494ED4
S11300E00A0D000A0A0A0A0D506F727420457870CE
S11300F0616E6465722044656275670A0D3D3D3D1D
S11301003D3D3D3D3D3D3D3D3D3D3D3D3D3D3D3D1B
S11301100A0D50726573732027582720746F204589
S1130120786974206F722070726573732053504124
S1130130434542415220746F20706175736520619C
S11301406E6420726573756D650A0A0D47534E33EC
S11301502047534E322047534E312047534E300AE6
S11301600D000A0A0A0A0D4445425547204D454EE2
S1130170550A0D3D3D3D3D3D3D3D3D3D3D0A0D0A8C
S11301800D53656C65637420454550524F4D2041B5
S11301906464726573733A0A0D31202D203078350A
S11301A0303A204E657420436F6E6E6563746F72CF
S11301B02F4E657420416461707465720A0D32209B
S11301C02D20307835323A2041444320426F7474F4
S11301D06F6D2042640A0D33202D20307835343A77
S11301E0204E657420457874656E73696F6E0A0DD0
S11301F034202D20307835363A2041444320546F42
S1130200702042640A0D35202D20307834313A2094
S1130210506F727420457870616E64657220283660
S11302203736382D3031204F6E6C79290A0D0A0D7E
S11302305072657373205820746F20657869740A4E
S11302400A0D000A0A0A0A0D454550524F4D204432
S1130250656275670A0D3D3D3D3D3D3D3D3D3D3D7E
S11302603D3D0A0A0D44202D20446973706C617968
S11302702053746F7265642044657461696C730AF9
S11302800D48202D204865782044756D700A0D575F
S1130290202D2057726974650A0D52202D20526555
S11302A073657420454550524F4D20746F20303093
S11302B00A0D53202D2053657420454550524F4D4F
S11302C020746F2046460A0D43202D204469737024
S11302D06C617920436865636B73756D730A0D50A7
S11302E0202D2050726F6772616D20426F617264BD
S11302F02044657461696C730A0D58202D20526581
S11303007475726E20746F204465627567204D6544
S11303106E750A0A0D000A0A0D2021212120506C55
S1130320656173652052652D456E74657220757321
S1130330696E67206E756D657269632063686172AA
S1130340616374657273206F6E6C7920282730277F
S11303502D27392729202121210A0D000A0A0D20E1
S113036021212120506C656173652052652D456EF5
S1130370746572207573696E6720416C7068612DB5
S11303806E756D657269632063686172616374651B
S11303907273206F6E6C7920282741272D275A27E6
S11303A02C202730272D27392729202121210A0D08
S11303B0000A0A0D2021212120454550524F4D208D
S11303C052454144204552524F52202121210A0ACC
S11303D00D000A0D4461746120726574656E746960
S11303E06F6E20436865636B204641494C45442148
S11303F0210A0D000A0D4461746120726574656EF2
S113040074696F6E204F4B0A0A0D000A0D4368652C
S1130410636B696E67206461746120726574656ED4
S113042074696F6E0A0D506F776572696E67204F3D
S1130430464620666F722033207365636F6E647363
S11304400A0A0D00504342204173737920532F4E02
S1130450203D2000504342204173737920502F4E99
S1130460203D200050726F6475637420532F4E201A
S1130470203D200050726F6475637420502F4E200D
S1130480203D2000556E646566696E6564000A0A45
S11304900D212121205741524E494E47202121212F
S11304A00A0D43616C63756C6174656420616E64EC
S11304B02053746F72656420436865636B73756D54
S11304C0204D617463680A0A0D000A0A0D21212176
S11304D020436865636B73756D206D69736D61741A
S11304E06368202121210A0D53657474696E6720A5
S11304F0757020454550524F4D0A0D000A0A0D21D2
S1130500212120436865636B20486561646572201E
S113051069732066697474656420636F72726563BD
S1130520746C79202121210A0D5072657373202780
S1130530782720746F20454E544552206B657920EE
S1130540746F2072657472790A0D000A0A0D2121F4
S113055021204E6F7420456E6F7567682063686153
S11305607261637465727320666F7220576F726B69
S113057073204F72646572202D203120526571758D
S113058069726564202121210A0D506C65617365CF
S11305902072657472790A0D000A0A0D2121212046
S11305A04E6F206368617261637465727320656E57
S11305B07465726564202D206D6178696D756D2098
S11305C06F6620313220526571756972656420212D
S11305D021210A0D506C656173652072657472790E
S11305E00A0D000A0A0D212121204E6F7420456E48
S11305F06F756768206368617261637465727320E4
S1130600656E7465726564202D20332052657175A2
S113061069726564202121210A0D506C656173653E
S11306202072657472790A0D000A0A0D21212120B5
S11306304E6F7420456E6F756768206368617261E0
S1130640637465727320656E7465726564202D2011
S113065034205265717569726564202121210A0D67
S1130660506C656173652072657472790A0D00219E
S11306702121212121212121212121212121212166
S113068021210A0D2121212054455354204641495A
S11306904C4544202121210A0D2121212121212100
S11306A02121212121212121212121210A0A0D5247
S11306B0656D6F766520426F61726420616E64209F
S11306C071756172616E74696E65206F72207265F6
S11306D07465737420626F6172640A0A0D000A0AF9
S11306E00D2A2A2A2A2A2A2A2A2A2A2A2A2A2A2A83
S11306F02A2A2A2A0A0D2A2A2A20544553542050E9
S11307004153534544202A2A2A0A0D2A2A2A2A2AEE
S11307102A2A2A2A2A2A2A2A2A2A2A2A2A2A0A0A75
S11307200D52656D6F766520426F61726420616E53
S113073064206170706C7920544553544544204DB5
S113074041524B0A0A0D000A0D212121204E455425
S1130750204944454E54494649434154494F4E204B
S113076054455354204641494C4544202121210AF3
S11307700D50726573732027582720746F20657895
S11307806974206F7220454E544552206B65792060
S1130790746F2052657472790A0D000A0D537563E3
S11307A06365737366756C6C7920436865636B6508
S11307B06420616E642050726F6772616D6D656450
S11307C020454550524F4D21210A0D000A0A0A0DB9
S11307D04175746F6D61746963616C6C79206368D1
S11307E065636B696E6720616E642050726F677217
S11307F0616D6D696E6720454550524F4D0A0D007D
S11308000A0A0A0D436F6E6E65637420746865206E
S11308104164617074657220626F61726420556E08
S1130820646572205465737420746F207468652045
S11308304A69670A0D50726573732027582720741C
S11308406F2065786974206F7220454E544552209C
S11308506B657920746F2070726F636565640A0D2F
S1130860000A0A0A0D436F6E6E656374207468652E
S113087020626F61726420556E64657220546573E2
S11308807420746F20746865204A69670A0D454EA8
S11308905355524520464C59494E47204C454144F6
S11308A020495320434F4E4E454354454420746FD2
S11308B0204A554D5045520A0A0D507265737320F3
S11308C027582720746F2065786974206F7220453B
S11308D04E544552206B657920746F2070726F639B
S11308E06565640A0D000A0A0A0D456E7465722076
S11308F0746865204E65787420626F617264277332
S11309002053657269616C204E6F0A0D000A0A0A51
S11309100D456E7465722074686520626F6172643F
S113092027732053657269616C204E6F2E0A0D285F
S113093033204368617261637465727329206F7236
S11309402027582720746F20657869740A0D005099
S1130950726573732027582720746F206578697433
S1130960206F7220454E544552206B657920746F78
S11309702070726F636565640A0A0A0D000A0A0A28
S11309800D436865636B2074686520666F6C6C6FDB
S113099077696E672064657461696C732061726540
S11309A020636F72726563740A0A0D000A0A0A0DE5
S11309B0456E7465722074686520626F6172642785
S11309C07320417373656D626C7920526576697327
S11309D0696F6E204E6F206F6620746865206261B7
S11309E0746368206F6620626F6172647320556E51
S11309F064657220546573740A0D2833204368615A
S1130A0072616374657273290A0D000A0A0A0D453E
S1130A106E7465722074686520576F726B73204F13
S1130A2072646572204E6F2028574F29206F66200C
S1130A30746865206261746368206F6620626F6108
S1130A4072647320556E64657220546573740A0D64
S1130A50284D4158203D2031312043686172616343
S1130A6074657273290A0D000A0A0A0D363736387E
S1130A702D3031204E65742041646170746572209C
S1130A805043422073656C65637465640A0D000A03
S1130A900A0A0D363531392D3031204E6574204324
S1130AA06F6E6E6563746F72205043422073656C81
S1130AB065637465640A0D000A0A0D53656C656309
S1130AC07420426F61726420556E646572205465AF
S1130AD073742028425554290A0D3D3D3D3D3D3D4A
S1130AE03D3D3D3D3D3D3D3D3D3D3D3D3D3D3D3D32
S1130AF03D3D3D3D3D3D3D0A0D31202D20363531F6
S1130B00392D3031202D204E657420436F6E6E6573
S1130B1063746F72205043420A0D32202D20363701
S1130B2036382D3031202D204E657420416461709B
S1130B30746572205043420A0D58202D204578696F
S1130B407420746F205374617274204D656E750A3D
S1130B500A0D000A0A0D5374617274204D454E55F6
S1130B600A0D3D3D3D3D3D3D3D3D3D3D0A0D54207D
S1130B702D20426F6172642074657374730A0D448E
S1130B80202D204465627567204D656E750A0D56EB
S1130B90202D20566965772053746F72656420494F
S1130BA06E666F0A0D3C454E5445523E2D20546FDF
S1130BB020726566726573682073637265656E0A78
S1130BC00A0D000A0A0A0D212121204E6F204173CB
S1130BD073656D626C792044657465637465642023
S1130BE02121210A0A0D000A0A0A0D426F6172646A
S1130BF02054797065206973204E4554204558541B
S1130C00454E4445520A0A0D000A0A0A0D426F6114
S1130C1072642054797065206973204E45542043D2
S1130C204F4E4E4543544F520A0A0D000A0A0A0D0C
S1130C30417373656D626C792054797065206973B2
S1130C40204E455420434F4E4E4543544F522F415E
S1130C504441505445520A0D000A0A0A0D41737367
S1130C60656D626C792054797065206973204E45F6
S1130C705420455854454E4445520A0A0D000A0A68
S1130C800A0D485950455254524F4E49435320413E
S1130C90646170746572204E4F5420666974746583
S1130CA0640A0D4669742061646170746572206120
S1130CB06E64207468656E2072657472790A0A0D18
S1130CC00021212121212121212121212121212131
S1130CD0212121210A0D212121205445535420464C
S1130CE041494C4544202121210A0D212121212162
S1130CF021212121212121212121212121210A0A0E
S1130D000D52656D6F766520417373656D626C7904
S1130D1020616E642071756172616E74696E652004
S1130D206F72207265746573740A0A0D507265736C
S1130D30732027454E5445522720746F2070726FDC
S1130D406772616D20612046696E616C2061737306
S1130D50656D626C79206F66207468652073616DBF
S1130D606520747970650A0D507265737320275875
S1130D702720746F206578697420746F2073746100
S1130D807274206D656E750A0D000A0D21212120F3
S1130D904E4554204944454E5449464943415449DB
S1130DA04F4E2054455354204641494C454420213C
S1130DB021210A0D50726573732027582720746F00
S1130DC02065786974206F7220454E544552206B1B
S1130DD0657920746F2052657472790A0D000A0ACD
S1130DE00D2A2A2A2046696E616C20417373656D51
S1130DF0626C79207375636365737366756C6C7963
S1130E002050726F6772616D6D6564202A2A2A0A08
S1130E100A0D23232320436F6E6E65637420746868
S1130E2065204C6567616379204164617074657203
S1130E3020656E64206F66207468652046696E6163
S1130E406C20417373656D626C7920746F207468D3
S1130E50652054657374204A6967202323230A0D8F
S1130E60507265737320616E79206B6579207768A1
S1130E70656E2072656164790A0D000A0A0D2323E8
S1130E802320436F6E6E6563742074686520466921
S1130E906E616C20417373656D626C7920746F2090
S1130EA07468652054657374204A6967202323237A
S1130EB00A0A0D000A0A0A0D212121204641494C43
S1130EC0454420544F2050524F4752414D204445F1
S1130ED05441494C53202121210A0D436865636B19
S1130EE03A0A0D2020202A5468652074686520661B
S1130EF0696E616C20617373656D626C79207479BD
S1130F00706520697320636F72726563740A0D20C3
S1130F1020202A54686520417373656D626C7920C2
S1130F20697320636F72726563746C792066697487
S1130F3074656420746F207468652054657374202C
S1130F404A69670A0A0D50726573732027454E5427
S1130F5045522720746F20524554525920206F6601
S1130F602027582720746F206578697420746F20B7
S1130F707374617274206D656E750A0D000A0A0A35
S1130F800D2A2A2A2A2A2A2A2A2A2A2A2A2A2A2ADA
S1130F902A2A2A2A2A2A2A2A2A2A2A2A2A2A2A2AAD
S1130FA02A2A2A2A2A2A2A2A2A2A2A2A2A2A2A0ABD
S1130FB00D2A2A2A2046696E616C20417373656D7F
S1130FC0626C79207375636365737366756C6C7991
S1130FD02050726F6772616D6D6564202A2A2A0A37
S1130FE00D2A2A2A2A2A2A2A2A2A2A2A2A2A2A2A7A
S1130FF02A2A2A2A2A2A2A2A2A2A2A2A2A2A2A2A4D
S11310002A2A2A2A2A2A2A2A2A2A2A2A2A2A2A0A5C
S11310100D436865636B2074686520646574616959
S11310206C2073686F776E206F6E20746865207310
S1131030637265656E2061726520636F72726563A9
S1131040740A0D52656D6F7665205465737465641A
S113105020417373656D626C7920616E6420636FE7
S11310606D706C65746520746865206E6563657366
S113107073617279205061706572776F726B0A0ABE
S11310800D50726573732027454E544552272074C2
S11310906F2070726F6772616D20612046696E61A6
S11310A06C20617373656D626C79206F662074685F
S11310B0652073616D6520747970650A0D507265E1
S11310C073732027582720746F20657869742074FF
S11310D06F207374617274206D656E750A0D000A59
S11310E00A0A0D2A2A2A2A2A2A2A2A2A2A2A2A2AB9
S11310F02A2A2A2A2A2A2A2A2A2A2A2A2A2A2A2A4C
S11311002A2A2A2A2A2A2A2A2A2A2A2A2A2A2A2A3B
S11311102A2A2A2A2A2A2A2A2A2A2A2A0A0D2A2A68
S11311202A2046696E616C20417373656D626C7927
S1131130207375636365737366756C6C7920507284
S11311406F6772616D6D656420616E6420546573B0
S1131150746564202A2A2A0A0D2A2A2A2A2A2A2A73
S11311602A2A2A2A2A2A2A2A2A2A2A2A2A2A2A2ADB
S11311702A2A2A2A2A2A2A2A2A2A2A2A2A2A2A2ACB
S11311802A2A2A2A2A2A2A2A2A2A2A2A2A2A2A2ABB
S11311902A2A0A0A0D436865636B20746865206413
S11311A0657461696C2073686F776E2061626F7615
S11311B0652061726520636F72726563740A0D52F3
S11311C0656D6F766520546573746564204173732F
S11311D0656D626C7920616E6420636F6D706C65FF
S11311E0746520746865206E6563657373617279D4
S11311F0205061706572776F726B0A0A0D507265C8
S113120073732027454E5445522720746F20707203
S11312106F6772616D20612046696E616C20617335
S113122073656D626C79206F6620746865207361E4
S11312306D6520747970650A0D507265737320278B
S1131240582720746F206578697420746F20737434
S1131250617274206D656E750A0D0031303A20326A
S11312603536204368616E6E656C204D6963726F1C
S113127063656C2047656F64657369632053656EAD
S1131280736F72204E65747320312E3000393A200A
S1131290313238204368616E6E656C204D6963722B
S11312A06F63656C2047656F64657369632053657C
S11312B06E736F72204E65747320312E3000373A8E
S11312C0203332204368616E6E656C204D69637211
S11312D06F63656C2047656F64657369632053654C
S11312E06E736F72204E65747320312E3000363A5F
S11312F020323536204368616E6E656C204879640F
S1131300726F63656C2047656F646573696320530E
S1131310656E736F72204E65747320312E30003504
S11313203A20313238204368616E6E656C2048790A
S113133064726F63656C2047656F646573696320CD
S113134053656E736F72204E65747320312E3000B6
S1131350343A203634204368616E6E656C204879D7
S113136064726F63656C2047656F6465736963209D
S113137053656E736F72204E65747320312E300086
S1131380333A203332204368616E6E656C204879AD
S113139064726F63656C2047656F6465736963206D
S11313A053656E736F72204E65747320312E300056
S11313B0323A20323536204368616E6E656C2047C0
S11313C0656F64657369632053656E736F72204E35
S11313D065747320322E7800313A2031323820433C
S11313E068616E6E656C2047656F64657369632020
S11313F053656E736F72204E65747320322E7800BD
S1131400303A203634204368616E6E656C2047653F
S11314106F64657369632053656E736F72204E65E4
S1131420747320322E78000A0A0A0D53656C6563C2
S11314307420746865204E65742053697A65204968
S1131440442066726F6D2074686520666F6C6C6FE3
S113145077696E67206C6973740A0A0D2020202056
S1131460494420202020202020202020202020202B
S113147020204445534352495054494F4E0A0D2DA0
S11314802D2D2D2D2D2D2D2D2D2D2D2D2D2D2D2D88
S11314902D2D2D2D2D2D2D2D2D2D2D2D2D2D2D2D78
S11314A02D2D2D2D2D2D2D2D2D2D2D2D2D2D2D2D68
S11314B02D2D2D2D0A0D30202D20302020363420C6
S11314C0204368616E6E656C2047656F646573695F
S11314D0632053656E736F72204E65747320322ED1
S11314E0780A0D31202D20312020313238204368F4
S11314F0616E6E656C2047656F6465736963205324
S1131500656E736F72204E65747320322E780A0DE7
S113151032202D20322020323536204368616E6E11
S1131520656C2047656F64657369632053656E73EA
S11315306F72204E65747320322E780A0D33202D7D
S113154020332020333220204368616E6E656C2086
S1131550487964726F63656C2047656F646573696D
S1131560632053656E736F72204E65747320312E41
S1131570300A0D34202D20342020363420204368B6
S1131580616E6E656C20487964726F63656C204788
S1131590656F64657369632053656E736F72204E63
S11315A065747320312E300A0D35202D203520200E
S11315B0313238204368616E6E656C2048796472FC
S11315C06F63656C2047656F646573696320536559
S11315D06E736F72204E65747320312E300A0D368F
S11315E0202D20362020323536204368616E6E650A
S11315F06C20487964726F63656C2047656F64651D
S11316007369632053656E736F72204E6574732023
S1131610312E300A0D37202D203720203332202060
S11316204368616E6E656C204D6963726F63656CAF
S11316302047656F64657369632053656E736F72C9
S1131640204E65747320312E300A0D38202D203839
S11316502020363420204368616E6E656C204D690D
S113166063726F63656C2047656F6465736963209B
S113167053656E736F72204E65747320312E300A79
S11316800D39202D20392020313238204368616EF5
S11316906E656C204D6963726F63656C2047656F7E
S11316A064657369632053656E736F72204E65744D
S11316B07320312E300A0D61202D20313020323537
S11316C036204368616E6E656C204D6963726F638A
S11316D0656C2047656F64657369632053656E7339
S11316E06F72204E65747320312E300A0D000A0A81
S11316F00A0D456E746572207468652053657269BD
S1131700616C206E6F2E206F6620746865204669B8
S11317106E616C20417373656D626C7920756E64C3
S1131720657220746573740A0D284D4158203D205C
S113173031322043686172616374657273290A0DE2
S1131740004E455420414441505445522041535386
S1131750454D424C59004E455420455854454E532E
S1131760494F4E20415353454D424C59004E455428
S113177020415353454D424C59000A0A0A0D456E07
S1131780746572207468652050726F647563742781
S113179073205265766973696F6E202D2033204360
S11317A06861726163746572732028652E672E20E8
S11317B0303041290A0D000A0A0D456E7465722005
S11317C07468652050726F6475637420506172741C
S11317D0204E756D626572202D2034204E756D6526
S11317E072696320636861726163746572730A0D60
S11317F0000A0A0D21212120494E56414C4944201A
S1131800454E545259202D20506C65617365205209
S1131810657472790A0D000A0A0D46696E616C20BE
S113182054657374205374617274204D656E750A27
S11318300D3D3D3D3D3D3D3D3D3D3D3D3D3D3D3D04
S11318403D3D3D3D3D3D0A0A0D53656C6563742085
S11318507468652050726F64756374205479706580
S11318600A0D31202D204E455420417373656D625D
S11318706C790A0D32202D204E455420457874652C
S11318806E73696F6E0A0D33202D204E455420412E
S11318906461707465720A0A0D56202D20566965BC
S11318A0772053746F72656420496E666F0A0D0069
S11318B00A0D43757272656E7420454550524F4D42
S11318C020436F6E74656E74730A0D3D3D3D3D3D5E
S11318D03D3D3D3D3D3D3D3D3D3D3D3D3D3D3D3D34
S11318E03D3D0A0A0D004E657420416461707465C3
S11318F07220504342004E657420436F6E6E6563E0
S1131900746F72205043420020436F6D6D616E64AA
S1131910206E6F7420696D706C656D656E7465649E
S11319200A0D000A0A426F617264205465737420C0
S11319304669726D776172650A0D2D2D2D2D2D2D41
S11319402D2D2D2D2D2D2D2D2D2D2D2D2D0A0A0D29
S1131950000A0A0D21212120494E56414C494420B8
S113196054455354204A494720494420444554454A
S113197043544544202121210A0D000A0A46696E78
S1131980616C2054657374204669726D7761726569
S11319900A0D2D2D2D2D2D2D2D2D2D2D2D2D2D2DB6
S11319A02D2D2D2D2D0A0D002A2A2A2A2A2A2A2AEB
S11319B02A2A2A2A2A2A2A2A2A2A2A2A2A2A2A2A83
S11319C02A2A2A2A2A2A2A2A2A2A2A2A2A2A2A2A73
S11319D02A2A2A2A2A2A0A0D7C20436F70797269DE
S11319E067687428632920323032362054686520B1
S11319F04D61677374696D20436F6D70616E7920FA
S1131A004C74642E207C200A0D7C20454547204ED2
S1131A10657420436F6E6E6563746F722F416461E9
S1131A2070746572202D2054657374204669726D3C
S1131A307761726520207C0A0D2A2A2A2A2A2A2AFA
S1131A402A2A2A2A2A2A2A2A2A2A2A2A2A2A2A2AF2
S1131A502A2A2A2A2A2A2A2A2A2A2A2A2A2A2A2AE2
S1131A602A2A2A2A2A2A2A0A0A0D4669726D7761C5
S1131A7072652049443A20000A0A0A0A0A0A0A0A34
S1131A800A0A0A0A0A0A0A0D000A0D00544A3030EA
S1131A90303030365F5357202D2056657220423146
S1131AA02E31300011241FBECFEFD8E0DEBFCDBFF2
S1131AB014E0A0E0B1E0E6E1FDE402C005900D927F
S1131AC0AA3BB107D9F726E0AAEBB4E001C01D9206
S1131AD0A23DB207E1F70E9402120C9489260C94ED
S1131AE0000010927B0510927A05109279051092ED
S1131AF078051092C50087E68093C40086E0809341
S1131B00C20088E98093C10008951F920F920FB616
S1131B100F9211248F939F93EF93FF9390917905E4
S1131B2080917805981306C08091C1008F7D8093C1
S1131B30C10011C0E0917805F0E0EC53FB4F8081C7
S1131B408093C600809178058F5F80937805843BED
S1131B5010F010927805FF91EF919F918F910F9063
S1131B600FBE0F901F901895F8942091790530E0DE
S1131B70809178057894482F50E02417350710F4A5
S1131B802C543F4F8D54821B08951F93CF93DF93A2
S1131B90D82F192FC62F0E94B40D8C17E0F3809113
S1131BA079052D2FED2FF12F9E2F921B9C1758F4A2
S1131BB09191A82FB0E0AC53BB4F9C938F5F843BB3
S1131BC098F380E0F1CFF894809379058091C10077
S1131BD085FD16C0E0917805F0E0EC53FB4F808161
S1131BE08093C600809178058F5F80937805843B4D
S1131BF010F0109278058091C10080628093C1003A
S1131C00789484E0DF91CF911F910895CF93DF936F
S1131C10FC0101900020E9F73197EF01C81BD90BB3
S1131C206C2F0E94C50D843011F48C2F01C080E00C
S1131C30DF91CF910895CF93C82F1092C1000E94D5
S1131C40710DEC2FF0E0EE0FFF1FE050FF4F81818C
S1131C508F9380818F9383E191E09F938F938BEE99
S1131C6095E09F938F930E949F230F900F900F9066
S1131C700F900F900F908BEE95E0CF910C94060E81
S1131C80209179059091780581E0291380E00895E9
S1131C901F920F920FB60F9211242F933F934F93DD
S1131CA05F936F937F938F939F93AF93BF93EF93C0
S1131CB0FF939091C0008091C600E0917B05F0E015
S1131CC0E654FB4F808380917B058F5F80937B0577
S1131CD08A3010F010927B05892F8C7159F094FF93
S1131CE002C080E005C093FF02C081E001C082E031
S1131CF00E941B0EFF91EF91BF91AF919F918F9125
S1131D007F916F915F914F913F912F910F900FBEF3
S1131D100F901F90189530917B0520917A0532170A
S1131D20A9F0F894E0917A05F0E0E654FB4F2081A5
S1131D30FC01208380917A058F5F80937A058A3035
S1131D4010F010927A05789484E0089580E0089564
S1131D50CF93DF931F92CDB7DEB7CE0101960E94D9
S1131D608B0E21E030E0811102C020E030E0C90197
S1131D700F90DF91CF910895AF92BF92CF92DF92EF
S1131D80EF92FF921F93CF93DF93CDB7DEB76197A6
S1131D900FB6F894DEBF0FBECDBF182F7A016901CC
S1131DA06F3F710511F008F01F5F698388EEA82E5C
S1131DB083E0B82EAE014F5F5F4F61E0812F0E9438
S1131DC04611883251F081E0A81AB10899F781EBE5
S1131DD093E00E94461380E01BC0AE014E5F5F4F4C
S1131DE06E2D812F0E947A1120E0822F90E08E15B3
S1131DF09F0568F4F601E80FF91FA2E0B0E0AC0F0C
S1131E00BD1FA80FB91F8C9180832F5FEECF81E097
S1131E1061960FB6F894DEBF0FBECDBFDF91CF91B0
S1131E201F91FF90EF90DF90CF90BF90AF900895F7
S1131E306F927F928F929F92AF92BF92CF92DF92D6
S1131E40EF92FF920F931F93CF93DF93CDB7DEB73B
S1131E5061970FB6F894DEBF0FBECDBF882E962EC5
S1131E606A017901062F172F77247394780E202F97
S1131E70802F891990E08C159D05A0F50F3F110561
S1131E8019F010F0672C01C0682C2983F701E80FC2
S1131E90F91F80818A83AE014F5F5F4F61E0862D19
S1131EA00E944611AE014F5F5F4F62E0862D0E9493
S1131EB04611AA24AA94B12CAE014F5F5F4F61E092
S1131EC0862D0E944611883219F40F5F1F4FCFCF21
S1131ED081E0A81AB10881F781E991E00E94060E19
S1131EE080E001C081E061960FB6F894DEBF0FBEBA
S1131EF0CDBFDF91CF911F910F91FF90EF90DF90B5
S1131F00CF90BF90AF909F908F907F906F900895E7
S1131F106F927F928F929F92AF92BF92CF92DF92F5
S1131F20EF92FF920F931F93CF93DF931F92CDB73E
S1131F30DEB7782E662E698300E010E0E12CF12CE8
S1131F4092EBC92E91E0D92E2BEEA22E25E0B22ED3
S1131F504801892C992486940E94400E8823E1F339
S1131F60C40101969F938F9389811F928F93DF926F
S1131F70CF92BF92AF920E949F238BEE95E00E9476
S1131F80060E9E012F5F3F4F41E050E0B701872DC1
S1131F900E94180F9E012F5F3F4F41E050E0B701B0
S1131FA0872D0E94BC0E0FB6F894DEBF0FBECDBFC6
S1131FB089816816E1F00E94400E8823E1F389814B
S1131FC01F928F9381EE91E09F938F938BEE95E018
S1131FD09F938F930E949F238BEE95E00E94060EA1
S1131FE00F900F900F900F900F900F900AC09FEFDB
S1131FF0E91AF90A0C591F4F011588EC180709F062
S1132000A7CF0E94400E8823E1F30F90DF91CF9178
S11320101F910F91FF90EF90DF90CF90BF90AF9002
S11320209F908F907F906F9008955F926F927F92B0
S11320308F929F92AF92BF92CF92DF92EF92FF92D4
S11320400F931F93CF93DF93CDB7DEB762970FB68D
S1132050F894DEBF0FBECDBF582E82EF91E00E94F0
S1132060060E198200E010E091E0692E92E0792ECC
S11320702BEEC22E25E0D22E3FE0A32E32E0B32E6B
S11320801F930F937F926F92DF92CF920E949F23B0
S11320908BEE95E00E94060E9E012F5F3F4F40E1BC
S11320A050E0B801852D0E94BC0ECE0101964C0172
S11320B08BEEE82E85E0F82E0F900F900F900F9086
S11320C00F900F90F40181914F011F928F93BF9253
S11320D0AF92FF92EF920E949F23F3E0EF0EF11C68
S11320E00F900F900F900F900F900F908BE1E816C8
S11320F086E0F80639F70E94400E8823E1F38BEE60
S113210095E00E94060E8BE292E00E94060E005FAC
S11321101F4F011592E0190709F0B2CF62960FB66E
S1132120F894DEBF0FBECDBFDF91CF911F910F9109
S1132130FF90EF90DF90CF90BF90AF909F908F90E3
S11321407F906F905F900895CF93DF9300D01F929C
S1132150CDB7DEB79E012F5F3F4F42E050E06EEFF8
S113216070E00E94BC0E89819A819827892798275C
S11321700F900F900F90DF91CF9108958F929F92BF
S1132180BF92CF92DF92EF92FF920F931F93CF9360
S1132190DF93CDB7DEB762970FB6F894DEBF0FBEFC
S11321A0CDBFB82E198200E010E0E12CF12C4E01D5
S11321B041E1840E911C9E012F5F3F4F40E150E0AE
S11321C0B7018B2D0E94BC0EFE0131968191080F40
S11321D0111D8E169F06D1F750E1E50EF11CE11496
S11321E082E0F80641F78B2D0E94A410292FA80144
S11321F0481B5109CA01C22ED12C8C199D09809506
S1132200909562960FB6F894DEBF0FBECDBFDF91F6
S1132210CF911F910F91FF90EF90DF90CF90BF90DF
S11322209F908F900895CF93DF9300D01F92CDB7E6
S1132230DEB779836A839E012F5F3F4F42E050E00F
S11322406EEF70E00E94180F0F900F900F90DF91C7
S1132250CF910895CF93DF931F92CDB7DEB78FEF61
S11322609FEF2091BC002983298127FD02C001979B
S1132270C1F70F90DF91CF9108958CE08093B8005F
S1132280ECEBF0E08081846080830895FF920F93EB
S11322901F93CF93DF93C82F162FF42E052F84EAB4
S11322A08093BC000E942A11CC0FC093BB0084E829
S11322B08093BC000E942A11CF2DD02FCE01810F14
S11322C0911D8C0184E8F82EC017D10741F0899143
S11322D08093BB00F092BC000E942A11F5CF80913C
S11322E0B90094E99093BC00DF91CF911F910F91B5
S11322F0FF900895AF92BF92CF92DF92EF92FF9238
S11323000F931F93CF93DF93C82F062FF42E152F0F
S113231084EA8093BC000E942A11CC0FC160C09350
S1132320BB0084E88093BC000E942A11CF2DD12FDA
S113233010E0E12CF12C680181E0C81AD10884EC8A
S1132340B82E94E8A92EE016F10691F0CE14DF041D
S113235019F4A092BC0002C0B092BC000E942A11E1
S11323608091BB0088838FEFE81AF80A2196EBCF9F
S113237084E98093BC00DF91CF911F910F91FF906E
S1132380EF90DF90CF90BF90AF9008951F93CF93BD
S1132390DF931F92CDB7DEB7182F1982AE014F5FBE
S11323A05F4F61E00E944611AE014F5F5F4F61E0F5
S11323B0812F0E94461191E0883209F090E0892F24
S11323C00F90DF91CF911F910895813011F4289AD5
S11323D00895289808958CE08BB98AB1806F8AB9E2
S11323E08BB18F708BB9389A8AB1837F8AB9409840
S11323F0409A4098409A4098409A4098209A80E0A9
S11324000C94E5110E94EB110E94710D0E943D1184
S11324100E9411230E9469130E943E13FDCF811173
S113242002C0229805C0229A613011F42A9A01C090
S11324302A9883B184700895CF93DF93C9B1C4708F
S1132440D4E08AE090E00E941C230E943B2388236E
S1132450E1F389B18470C81307C0D15091F781E0CA
S1132460C11103C080E001C082E0DF91CF910895E3
S11324702BB12F7030E1839FC0011124822B8BB9C3
S1132480089589B183FB882780F991E0892708950D
S113249090ED980F9A3058F0982F9F7D91549A316F
S11324A030F091E08D3209F090E0892F089581E0B9
S11324B00895CF92DF92EF92FF920F931F93CF93E1
S11324C07B016A019A01AB01BC0180918C050E94D9
S11324D0BC0EC0E08C2F90E08601080F191FF80194
S11324E08E159F0570F48081811102C0C1110AC04C
S11324F00E944812811103C0F801108204C0CF5F0A
S1132500E9CF108281E0CF911F910F91FF90EF905E
S1132510DF90CF90089585E192E00E94060E84EB4F
S113252095E09F938F9388EB95E09F938F938EE232
S113253092E09F938F938DE895E09F938F930E94F1
S11325409F232DE835E04CE050E062EE70E080918E
S11325508C050E94180F2DEB35E04CE050E06EEE38
S113256070E080918C050E94180F20EB35E044E068
S113257050E06AEF70E080918C050E94180F809102
S11325808C050E94BE1090938A05809389052DB70F
S11325903EB7285F3F4F0FB6F8943EBF0FBE2DBF26
S11325A0BC0180918C050C941311CF93DF9380911F
S11325B0E0059091E105009771F10E94F822EC0189
S11325C0833B910510F0C2EBD0E00E94B40D90E083
S11325D08C179D07D0F3BE018091E0059091E10531
S11325E00E94E6222091E0053091E1052C0F3D1F69
S11325F03093E1052093E0056C2F0E94C50DE09116
S1132600E005F091E105E491E1110DC01092E105BE
S11326101092E00508C08091E2059091E305909343
S1132620E5058093E405DF91CF9108950F931F93FF
S1132630CF93DF93EB018A019A01AB01BC01809136
S11326408C050E94BC0E8823A1F080E0282F30E086
S1132650F801E20FF31F2C173D0748F490819053C3
S11326609A3018F0108280E004C08F5FEFCF1082A0
S113267081E0DF91CF911F910F910895E091E405DE
S1132680F091E505309709F0099408950F931F938D
S1132690CF93DF938C010E94400E8823E1F3C09115
S11326A0E405D091E5051093E1050093E0058091E0
S11326B0E0059091E105892B19F00E94D512F7CF1E
S11326C0D093E505C093E405DF91CF911F910F915D
S11326D0089588E79AE10E94461388EA99E10E94E6
S11326E046130E9481230E94461389E89AE10E94BE
S11326F046130E941C128093860581110DC08BE73E
S113270099E10E94461387E198E19093E105809353
S1132710E0058DEE9DE117C0823049F481E599E131
S11327200E9446131092E5051092E405089583E291
S113273099E10E94461383E59BE09093E105809321
S1132740E0058DEA99E19093E3058093E20585ED38
S113275092E19093E5058093E405089588E79AE172
S11327600E9446138DE799E00E9446138FE499E096
S11327709093E1058093E0058CEB97E19093E3055A
S11327808093E20585ED92E19093E5058093E4055D
S113279084EB95E09F938F9388EB95E09F938F93C1
S11327A08DEB95E09F938F9387E392E09F938F93B4
S11327B08BEE95E09F938F930E949F238BEE95E081
S11327C00E94060E8DB79EB70A960FB6F8949EBF68
S11327D00FBE8DBF80918805882319F086EE98E19D
S11327E002C086EF98E10E9404239F938F9383E8AD
S11327F094E09F938F938BEE95E09F938F930E9429
S11328009F230F900F900F900F900F900F908BEECF
S113281095E00C94060E9F92AF92BF92CF92DF92F6
S1132820EF92FF920F931F93CF93DF9300D0CDB716
S1132830DEB719828EE690E00E94461381E480930D
S11328408C05AE014F5F5F4F61E00E94461188EC3A
S113285090E00E94432310927D059924939424E6EA
S1132860E22E22E0F22E0BEE15E037E7C32E32E023
S1132870D32EE0917D05EA3008F073C0F0E0E6560F
S1132880FB4F808180937E058F700E94381284E60E
S113289090E00E944323AE014E5F5F4F61E0809160
S11328A08C050E947A118A818F708A8390917E05AB
S11328B0891305C09FE5A92E92E0B92E05C08AE5CB
S11328C0A82E82E0B82E912C80E00E9438128091CC
S11328D07E05982F91701F929F9381FB992790F901
S11328E01F929F9382FB992790F91F929F9383FBDA
S11328F0882780F91F928F93FF92EF921F930F9373
S11329000E949F238BEE95E00E94060E8A81BF925F
S1132910AF92982F91701F929F9381FB992790F902
S11329201F929F9382FB992790F91F929F9383FB99
S1132930882780F91F928F93DF92CF921F930F9372
S11329400E949F238BEE95E00E94060E80917D05E8
S11329508F5F80937D050FB6F894DEBF0FBECDBFA9
S113296088CF892D0F900F90DF91CF911F910F91F8
S1132970FF90EF90DF90CF90BF90AF909F9008951D
S11329801F93CF93DF931F92CDB7DEB7182FCE01DD
S113299001960E948B0E882381F0112369F08981AE
S11329A08D3029F489E89AE10E94461305C061E05C
S11329B0CE0101960E94C50D89810F90DF91CF91C0
S11329C01F910895CF93DF931F92CDB7DEB780E0B8
S11329D00E94C014882379F1883529F0883719F0CA
S11329E0803249F516C080E00E94381282E691E0F8
S11329F09093E1058093E00589EB95E19093E305DD
S1132A008093E20585ED92E19093E5058093E405DA
S1132A1074C080917C05882339F088EE93E00E948D
S1132A201C2310927C0507C00E943B238823E1F3FA
S1132A3081E080937C050E943B23882309F45DC0D8
S1132A40E0917D05F0E0E656FB4F808180937E05A2
S1132A508F700E94381288EE93E00E941C23AE010E
S1132A604F5F5F4F61E080918C050E947A119981DC
S1132A7080917E05292F21701F922F9391FB22278D
S1132A8020F91F922F9392FB222720F91F922F9354
S1132A9093FB992790F91F929F93982F91701F92FF
S1132AA09F9381FB992790F91F929F9382FB99270B
S1132AB090F91F929F9383FB882780F91F928F932D
S1132AC08FE892E09F938F938BEE95E09F938F9383
S1132AD00E949F238BEE95E00E94060E80917D0557
S1132AE08F5F0FB6F894DEBF0FBECDBF8A3018F4E7
S1132AF080937D0502C010927D050F90DF91CF91E8
S1132B000895CF9380E00E94C014C82F882379F1E0
S1132B1088E690E00E940423FC0180ED8C0F8A304B
S1132B20B0F49091CA05E90FF11D8081C8130FC05C
S1132B3081E0890F8093CA058630C8F082E691E06F
S1132B409093E1058093E00589EB95E106C010922E
S1132B50E1051092E0058DEE9DE19093E3058093ED
S1132B60E20585ED92E19093E5058093E405CF912C
S1132B7008951F93CF93DF931F92CDB7DEB781E003
S1132B800E94E51160E080E00E940F1281E00E9443
S1132B90C014882309F491C0843311F160F48233A2
S1132BA089F0C0F4813309F049C060E081E00E94FB
S1132BB00F1280E50CC08835F1F18837E1F18533D7
S1132BC089F03CC060E081E00E940F1282E58093AE
S1132BD08C0541C061E081E00E940F1284E5F7CFCB
S1132BE061E0F1CF11E410938C0581E40E94C611D9
S1132BF0882389F1198210938C05AE014F5F5F4FD2
S1132C0061E081E40E94461183EE90E09093E10537
S1132C108093E00582EE94E19093E3058093E205CE
S1132C2085ED92E19093E5058093E40588EC90E0CE
S1132C300E941C2342C088E79AE115C088E099E10C
S1132C400E94461382E691E09093E1058093E005AB
S1132C5089EB95E128C080918C050E94C6118111F1
S1132C601AC083EC9BE00E94461383E59BE090939B
S1132C70E1058093E0058DEA99E19093E305809363
S1132C80E20585ED92E19093E5058093E40580E00B
S1132C900E94E51112C083E492E09093E1058093D1
S1132CA0E00589E79AE19093E3058093E20585EDD9
S1132CB092E19093E5058093E4050F90DF91CF9125
S1132CC01F910895CF93DF9381E00E94C01488235D
S1132CD009F45CC08233A1F070F4813309F040C080
S1132CE062ED72E088EB95E00E94982310928805CB
S1132CF08FE89AE010C0883531F1883721F130C06F
S1132D0067ED72E088EB95E00E94982381E0809360
S1132D10880588E69AE00E940423EC0188E79AE19A
S1132D200E944613CE010E94060E1092CA058BE043
S1132D308093C9058BE09AE09093E1058093E005C8
S1132D4089EC96E119C088E79AE10E94461383E56D
S1132D509BE09093E1058093E0058DEA99E10CC036
S1132D6088E099E10E94461388EB9AE09093E1058C
S1132D708093E00582E696E19093E3058093E20573
S1132D8085ED92E19093E5058093E405DF91CF9181
S1132D900895CF9381E00E94C014C82F882309F4BA
S1132DA076C08D3049F018F48A3031F01DC0883572
S1132DB051F0883741F018C08091CA0581113AC09A
S1132DC08BE495E027C08091CA0581110DC088E786
S1132DD09AE10E94461383E59BE09093E10580937A
S1132DE0E0058DEA99E149C08C2F0E94481288239E
S1132DF079F0E091CA0581E08E0F8093CA05F0E076
S1132E00E553FA4FC0839091C905891798F43FC0E0
S1132E108CE593E00E9446131092CA058BE08093E0
S1132E20C9058BE09AE09093E1058093E00589EC75
S1132E3096E123C0C091CA05EC2FF0E0E553FA4FA8
S1132E4010826BEC75E08DEB95E00E949823CB30FB
S1132E5038F4EC2FF0E0E354FA4F1082CF5FF7CF51
S1132E601092CA0583E08093C9058CEA99E0909397
S1132E70E1058093E00589E497E19093E30580936D
S1132E80E20585ED92E19093E5058093E405CF9109
S1132E900895CF9381E00E94C014C82F882309F4B9
S1132EA069C08D3049F018F48A3031F020C088357B
S1132EB069F0883759F01BC09091CA058091C90503
S1132EC0981708F044C083EE95E027C08091CA05A6
S1132ED081110DC088E79AE10E94461383E59BE0C7
S1132EE09093E1058093E0058DEA99E125C08C2F4C
S1132EF00E944812882379F08091CA05E82FF0E0F7
S1132F00E553FA4FC0838F5F8093CA059091C9053A
S1132F108917E8F42FC08CE593E00E9446131092C1
S1132F20CA0583E08093C9058CEA99E09093E10592
S1132F308093E00589E497E19093E3058093E205AB
S1132F4085ED92E19093E5058093E40513C0E0914B
S1132F50CA05F0E0E553FA4F10826BEC75E084EBA0
S1132F6095E00E94982388E79AE10E944613CF9146
S1132F700C94AE13CF91089581E00E94C01488236D
S1132F80D9F18D30A9F018F48A3091F01FC088353A
S1132F9011F08837D9F488E79AE10E94461383E553
S1132FA09BE09093E1058093E0058DEA99E11AC0D6
S1132FB01092CA0583E08093C9058DE099E090934F
S1132FC0E1058093E00589ED9BE10CC081EF97E179
S1132FD00E9446138FE499E09093E1058093E00505
S1132FE08CEB97E19093E3058093E20585ED92E104
S1132FF09093E5058093E405089581E00E94C01450
S1133000882369F18D3051F018F48A3039F00FC0FB
S1133010883511F0883759F40C94AE138CEC97E092
S11330209093E1058093E00585E79CE10EC08FE471
S113303099E00E94461380917F05909180059093BA
S1133040E1058093E0058DEF97E19093E30580938C
S1133050E20585ED92E19093E5058093E4050895FA
S1133060CF93DF931F92CDB7DEB7CE0101960E94B6
S11330708B0E8111FACF81E00E94C01489838D30B8
S113308091F028F4882361F08A3069F004C088350F
S113309061F0883751F08FE499E00E944613198259
S11330A08981882341F38AE001C088E70F90DF918A
S11330B0CF910895EF92FF920F931F93CF93DF93D5
S11330C000D000D0CDB7DEB789E89AE10E9446135C
S11330D080EB98E10E94461380918C050E94A41015
S11330E09F938F938DE293E09F938F930BEE15E064
S11330F01F930F930E949F23C8010E94060E809184
S11331008C050E94BE108093890590938A059F9335
S11331108F938CED92E09F938F931F930F930E9454
S11331209F23C8010E94060E89E89AE10E94461373
S11331300FB6F894DEBF0FBECDBF0E94400E8823A9
S1133140E1F384E794E00E94461384E894E00E944B
S113315004237C014BEE55E064E070E080E090E0F5
S11331600E941613882309F11DE21093EF0540EF26
S113317055E062E070E084E090E00E94161388233A
S1133180A1F01093F20543EF55E063E070E086E0B0
S113319090E00E945912882341F01092F60511E044
S11331A09BEEE92E95E0F92E01C010E0C7010E94C4
S11331B0060E89E89AE10E944613112311F19E013B
S11331C02F5F3F4F41E050E062E270E080918C0558
S11331D00E94BC0E8981803819F481E497E113C000
S11331E080918105882319F086E597E10CC0E09170
S11331F08205F0E0EE0FFF1FEC55FB4F80819181BB
S113320002C084E894E00E9404239F938F9389EF83
S113321092E09F938F938BEE95E09F938F930E9400
S11332209F238BEE95E00E94060E0F900F900F9057
S11332300F900F900F900E94400E8823E1F384E6D4
S113324094E00E94461384E894E00E9404238C01D5
S11332504BEE55E06DE070E089E090E00E94591279
S1133260882389F08DE28093F80549EF55E06DE0FD
S113327070E084E090E00E945912882321F01092BB
S113328006060BEE15E0C8010E94060E89E89AE1D5
S11332900E9446130E94400E8823E1F384E594E0E3
S11332A00E94461384E894E00E9404238C014BEEB0
S11332B055E06CE070E082EE90E00E9459128823A1
S11332C011F00BEE15E0C8010E94060E89E89AE1A0
S11332D00E9446130E94400E8823E1F384E494E0A4
S11332E00E94461384E894E00E9404238C014BEE70
S11332F055E06CE070E08EEE90E00E945912882355
S1133300D1F06DE073E08BEE95E00E948423AE0172
S11333104F5F5F4F64E070E08AEF90E00E945912C3
S1133320882349F0BE016F5F7F4F8BEE95E00E94CA
S113333084230BEE15E0C8010E94060E89E89AE189
S11333400E9446130F900F900F900F90DF91CF9132
S11333501F910F91FF90EF900895CF93DF93809189
S11333608605811112C087E198E19093E10580936D
S1133370E0058DEE9DE19093E3058093E20585EDF4
S113338092E19093E5058093E40581E00E94C014E6
S1133390882309F4ABC0863509F446C028F4843484
S11333A049F1843549F08CC0843731F08637E1F136
S11333B0843609F085C01EC01092CA058BE0809344
S11333C0C90588E79AE10E94461388EB9AE0909336
S11333D0E1058093E00582E696E19093E30580930E
S11333E0E20585ED92E19093E5058093E405109262
S11333F087057CC088E79AE10E94461382E691E043
S11334009093E1058093E00589EB95E19093E305C2
S11334108093E20585ED92E19093E5058093E405C0
S113342081E08093870562C088E79AE10E94461391
S11334301092810581E00E94E51184E690E00E94EB
S1133440432380E580938C0589E09CE00E9404235B
S1133450EC0180918C050E94C611811115C084E590
S113346080938C050E94C611882349F081E08093E3
S1133470810587EE9BE00E940423EC0105C083ECE8
S11334809BE00E94461305C0CE010E94060E0E94D6
S11334905A1883E59BE09093E1058093E0058DEA5B
S11334A099E19093E3058093E20585ED92E1909391
S11334B0E5058093E40580E0DF91CF910C94E5115C
S11334C088E099E10E94461383E59BE09093E1052F
S11334D08093E0058DEA99E19093E3058093E205FA
S11334E085ED92E19093E5058093E405DF91CF911A
S11334F00895EF92FF920F931F93CF93DF93CDB76D
S1133500DEB762970FB6F894DEBF0FBECDBF81E081
S11335100E94C014882309F43FC1883509F410C1FE
S1133520A8F4803509F4FAC040F4843449F18834AD
S113353051F1833409F01AC12BC0833509F4E6C074
S11335408735E9F1823509F011C1E2C0803709F409
S1133550E5C040F48436A1F08836A9F0833609F03A
S113356005C116C0833709F4D1C020F4823709F4A9
S1133570CFC0FCC0873719F1883709F4E1C0F6C021
S11335800E945A18F7C080918C050E941510F2C051
S113359080918C050E94BE10182F092F80918C05F4
S11335A00E94A410F82EE92E0E94400E8823E1F315
S11335B0EF92FF920F931F938FE093E095C08AE5FB
S11335C089839E012F5F3F4F41E050E060E470E04B
S11335D080918C050E94180F0E94400E8823E1F30D
S11335E01F9280E48F9389811F928F938AE493E0E2
S11335F09F938F938BEE95E09F938F930E949F23CD
S11336008BEE95E00E94060E9E012F5F3F4F41E036
S113361050E060E470E080918C050E94BC0E0FB60F
S1133620F894DEBF0FBECDBF0E94400E8823E1F3A5
S11336301F9280E48F9389811F928F9380E793E098
S11336409F938F938BEE95E09F938F930E949F237C
S11336508BEE95E00E94060E85EA89839E012F5F1A
S11336603F4F41E050E06FE071E080918C050E9493
S1133670180F0FB6F894DEBF0FBECDBF0E94400EE8
S11336808823E1F381E08F938FE08F9389811F92E8
S11336908F938AE493E09F938F938BEE95E09F93AF
S11336A08F930E949F238BEE95E00E94060E9E014D
S11336B02F5F3F4F41E050E06FE071E080918C0557
S11336C00E94BC0E0FB6F894DEBF0FBECDBF0E94A1
S11336D0400E8823E1F381E08F938FE08F938981FB
S11336E01F928F9380E793E09F938F938BEE95E0E7
S11336F09F938F930E949F238BEE95E00E94060E6A
S11337000FB6F894DEBF0FBECDBF34C06FEF01C05B
S113371060E080918C050E94880F2CC01092CA052D
S11337208BE08093C90588E79AE10E94461388EBF1
S11337309AE09093E1058093E00582E696E122C049
S113374082E691E09093E1058093E00589EB95E1B1
S11337509093E3058093E20585ED92E19093E5056E
S11337608093E40580E00E94E51116C088E099E1A9
S11337700E94461383E492E09093E1058093E00570
S113378089E79AE19093E3058093E20585ED92E160
S11337909093E5058093E40562960FB6F894DEBF36
S11337A00FBECDBFDF91CF911F910F91FF90EF908E
S11337B0089581E00E94C014882309F495C08D30D7
S11337C071F018F48A3059F014C0883511F0883734
S11337D081F48091CA05811187C00C94AE13909135
S11337E0CA058091C905981708F07EC083EE95E05C
S11337F062C090ED980F9A3008F05BC0E091CA0562
S1133800AE2FB0E0A553BA4F8C93EF5FE093CA0597
S11338108091C905E81368C0F0E0E553FA4F1082BF
S11338206BEC75E080EB95E00E94982388E79AE1C1
S11338300E94461380EB95E09F938F938DEB95E068
S11338409F938F9385E993E09F938F938BEE95E0FD
S11338509F938F930E949F238BEE95E00E94060E08
S11338608DB79EB708960FB6F8949EBF0FBE8DBF56
S113387080918705882329F00E948B120E945A1890
S11338800DC080918805882319F080E098E002C07B
S113389081E698E09093800580937F0580917F0571
S11338A0909180059093E1058093E0058DEF97E179
S11338B011C086E193E00E9446131092CA0583E08A
S11338C08093C9058DE099E09093E1058093E0052C
S11338D089ED9BE19093E3058093E20585ED92E108
S11338E09093E5058093E40508950F931F93CF9378
S11338F0DF9388E79AE10E94461380EB95E09F935B
S11339008F938DEB95E09F938F9386EC93E09F9339
S11339108F938BEE95E09F938F930E949F238BEE62
S113392095E00E94060E81E00E94E51188EE93E086
S11339300E941C238DB79EB708960FB6F8949EBFBD
S11339400FBE8DBF0E943B238823E1F3809188053D
S11339508823E9F060E081E00E940F1280E5809303
S11339608C050E94BE1090938A05809389058091EE
S11339708C050E94A4102091890530918A05821734
S1133980930759F18AEC94E00E94461339C0C0EEC3
S1133990D3E00BEE15E019991DC08CEF94E00E9462
S11339A0461383B186701F928F93DF93CF931F9337
S11339B00F930E949F238BEE95E00E94060E0E94B7
S11339C030180F900F900F900F900F900F90883732
S11339D011F7A4C01A99E1CFBDCF8EE894E00E94FC
S11339E046130E945A1889E89AE10E9446138FE40C
S11339F099E00E9446130E943018883709F48EC05B
S1133A0060E080918C050E94880F0E948B128BE0ED
S1133A1094E00E94461380E00E94E51188EB9BE04D
S1133A200E941C230E943B238823E1F381E00E942F
S1133A30E51180918805811107C061E081E00E9451
S1133A400F1284E580938C054BEE55E06CE070E03A
S1133A5082EE90E00E945912882309F440C06DE878
S1133A6075E08BEE95E00E948F23892BC1F54BEE18
S1133A7055E06CE070E08EEE90E00E9459128823CD
S1133A8071F16DEB75E08BEE95E00E948F23892B2D
S1133A9031F54BEE55E064E070E08AEF90E00E946F
S1133AA059128823E1F060EB75E08BEE95E00E94FB
S1133AB08F23892BA1F480918C050E94BE109093D2
S1133AC08A058093890580918C050E94A410209119
S1133AD0890530918A058217930709F472C082ED33
S1133AE093E00E944613C1E09091880581E08C2701
S1133AF0892391F10E940B1481112EC087E497E071
S1133B000E9446130E9430188837B1F588E79AE17D
S1133B100E9446138FE696E00E9446131092CA054F
S1133B2083E08093C9058DE099E09093E10580934B
S1133B30E00589ED9BE19093E3058093E20585ED33
S1133B4092E19093E5058093E40580E0DF91CF91C5
S1133B501F910F910C94E51180E00E94E51160E043
S1133B6080E00E940F1288E79AE10E944613C11177
S1133B7008C08EED96E007C088E79AE10E944613DC
S1133B80B9CF8FE696E00E9446131092CA0583E0EF
S1133B908093C90586EE98E09093E1058093E00553
S1133BA089ED9BE19093E3058093E20585ED92E135
S1133BB09093E5058093E405DF91CF911F910F91D8
S1133BC0089584EF93E00E9446130E945A188BE9EB
S1133BD097E00E944613C0E087CFCF93DF9380E045
S1133BE00E94C014882309F4C4C08333C9F1B8F413
S1133BF0813339F1823309F0A6C081E080938505D1
S1133C0026E537E1309384052093830510928805D7
S1133C108093810561E00E940F1284E53AC08635E5
S1133C2009F447C0863709F444C0843409F08BC0D2
S1133C301092CA051092E1051092E00581E895E121
S1133C408EC0109285058DE697E19093840580934C
S1133C508305109288051092810560E081E016C00A
S1133C600E944112811103C08EE79CE06EC082E085
S1133C708093850581E497E190938405809383057F
S1133C8081E0809388051092810560E00E940F1204
S1133C9080E580938C051092CA0584E08093C90561
S1133CA087EB97E19093E1058093E0058CEB9EE12F
S1133CB056C088E79AE10E94461381E00E94E5110C
S1133CC084E690E00E94432380E580938C058CE297
S1133CD09CE00E940423EC0180918C050E94C61193
S1133CE0811115C084E580938C050E94C611882338
S1133CF049F089E59CE00E940423EC0181E0809373
S1133D00810505C083EC9BE00E94461305C0CE01EB
S1133D100E94060E0E945A1887E198E19093E105EB
S1133D208093E0058DEE9DE19093E3058093E20599
S1133D3085ED92E19093E5058093E40580E0DF91C1
S1133D40CF910C94E51181EF97E10E94461387E12E
S1133D5098E19093E1058093E0058DEE9DE19093C9
S1133D60E3058093E20585ED92E19093E505809368
S1133D70E405DF91CF91089581E00E94C014882367
S1133D8009F463C08D30C9F018F48A30B1F018C05A
S1133D90883511F08837A1F48091CA05811104C0D7
S1133DA088E79AE10E94461387E198E19093E10540
S1133DB08093E0058DEE9DE13EC089E296E02CC043
S1133DC090ED980F9A3030F5E091CA05AE2FB0E02F
S1133DD0A553BA4F8C93EF5FE093CA058091C90550
S1133DE0E81798F1F0E0E553FA4F10826BEC75E0B8
S1133DF08EE995E00E9498231092CA0583E080938F
S1133E00C9058AE797E19093E1058093E0058CE189
S1133E1091E211C086E193E00E9446131092CA0514
S1133E2084E08093C90587EB97E19093E105809343
S1133E30E0058CEB9EE19093E3058093E20585ED2C
S1133E4092E19093E5058093E405089581E00E9452
S1133E50C0148823D9F18D30A9F018F48A3091F078
S1133E601FC0883511F08837D9F488E79AE10E9499
S1133E70461387E198E19093E1058093E0058DEE88
S1133E809DE11AC01092CA058CE08093C9058EEE9C
S1133E9096E19093E1058093E0058EED91E20CC0EC
S1133EA081EF97E10E9446138FE499E09093E10536
S1133EB08093E00586E29FE19093E3058093E20519
S1133EC085ED92E19093E5058093E405089581E002
S1133ED00E94C014882309F425C18D3011F118F40F
S1133EE08A30F9F011C0883511F0883769F488E711
S1133EF09AE10E94461387E198E19093E10580934B
S1133F00E0058DEE9DE104C181EF97E10E94461327
S1133F108FE499E09093E1058093E00586E29FE1C8
S1133F20F7C088E79AE10E94461381E00E94E511F8
S1133F3084E690E00E944323809183059091840558
S1133F400E9404239F938F9385EF93E09F938F9315
S1133F508BEE95E09F938F930E949F238BEE95E0C9
S1133F600E94060E2EE935E044E050E060E070E087
S1133F7080918C050E94180F0F900F900F900F9056
S1133F800F900F9081110BC00E94E51184EB9EE00D
S1133F909093E1058093E0058AEA92E2B9C025E1B5
S1133FA034E042E050E064E070E080918C050E94CF
S1133FB0180F2AE935E043E050E066E070E08091B4
S1133FC08C050E94180F23EA35E04DE050E069E0CB
S1133FD070E080918C050E94180F22E835E041E0E2
S1133FE050E062E270E080918C050E94180F80918D
S1133FF08805811104C080918105882319F020E08F
S113400030E005C02091820530E0285F3E4F41E05A
S113401050E067E170E080918C050E94180F809158
S11340208C050E94BE1090938A0580938905BC017B
S113403080918C050E9413110E945A1880E00E94FE
S1134040E51180918505823009F056C08EED9DE022
S11340500E9446130E94A80E892BE1F380918C05DF
S113406080938B0581E480938C0581E00E94E511A7
S113407084E690E00E9443230E940B14811130C017
S11340808AE89DE00E9446130E943018883719F58B
S113409088E79AE10E9446131092CA058CE0809347
S11340A0C90581EC9CE09093E1058093E00580E6EE
S11340B092E29093E3058093E20585ED92E190937B
S11340C0E5058093E40580E00E94E51180918B056D
S11340D080938C05089588E79AE10E944613CCCF1B
S11340E080918B0580938C050E945A1880E00E9471
S11340F0E5118FED90E106C080918B0580938C05CE
S11341008DE79FE09093E1058093E00580E692E2DD
S11341109093E3058093E20585ED92E19093E505A4
S11341208093E4050895CF93DF938DE799E00E948F
S1134130461380918305909184050E9404239F93E4
S11341408F9388E194E09F938F93CBEED5E0DF9338
S1134150CF930E949F23CE010E94060E8AE995E028
S11341609F938F938EE995E09F938F9382E394E0DE
S11341709F938F93DF93CF930E949F23CE010E943E
S1134180060E8DB79EB70E960FB6F8949EBF0FBE5F
S11341908DBF80918805882321F064E574E0CE0109
S11341A008C080918105882339F067E674E08BEEBE
S11341B095E00E9498231BC0E0918205F0E0EE0F89
S11341C0FF1FEC55FB4F808191810E9404239F9334
S11341D08F938BE794E09F938F93DF93CF930E9409
S11341E09F230F900F900F900F900F900F908BEED6
S11341F095E00E94060E83EA95E02091A305222310
S1134200C1F09F938F9389E894E09F938F938BEEF3
S113421095E09F938F930E949F230F900F900F9090
S11342200F900F900F908BEE95E0DF91CF910C944F
S1134230060EDF91CF910895CF9381E00E94C014C0
S1134240C82F882309F483C08D30A9F018F48A306C
S113425091F01AC0883511F08837B1F488E79AE1F3
S11342600E94461387E198E19093E1058093E0056D
S11342708DEE9DE162C09091CA058091C9059817A1
S113428048F583EE95E016C08C2F0E9448128823CF
S113429079F08091CA05E82FF0E0E553FA4FC08326
S11342A08F5F8093CA059091C905891798F44FC010
S11342B08CE593E00E9446131092CA0583E0809334
S11342C0C9058AE797E19093E1058093E0058CE1C5
S11342D091E233C0E091CA05F0E0E553FA4F108251
S11342E06BEC75E08AE995E00E94982388E79AE1EF
S11342F00E9446131092A30580918805811107C07E
S113430080918105882389F01092820503C080E89A
S1134310809382050E9493208FE499E09093E105B5
S11343208093E00586E29FE108C087E294E19093E0
S1134330E1058093E00589EA91E29093E305809397
S1134340E20585ED92E19093E5058093E405CF9134
S1134350089581E00E94C014882379F190ED980FAC
S11343609A3018F49093820514C08F7D813421F41F
S11343708AE0809382050DC081EF97E10E94461385
S113438087E294E19093E1058093E00589EA91E264
S11343900AC00E9493208FE499E09093E1058093F2
S11343A0E00586E29FE19093E3058093E20585EDC5
S11343B092E19093E5058093E4050895CF9381E01D
S11343C00E94C014C82F882309F478C08D30C9F026
S11343D018F48A30B1F01CC0883511F08837C1F464
S11343E0E091CA05E1111BC088E79AE10E944613D7
S11343F087E198E19093E1058093E0058DEE9DE1DE
S113440053C08091CA05811129C089E995E016C07D
S11344108C2F0E944812882379F0E091CA0581E02C
S11344208E0F8093CA05F0E0E553FA4FC083909154
S1134430C905891798F442C08CE593E00E9446139D
S11344401092CA058CE08093C9058EEE96E1909394
S1134450E1058093E0058EED91E226C0C091CA0586
S1134460EC2FF0E0E553FA4F10826BEC75E083EA31
S113447095E00E949823CC3038F4EC2FF0E0ED5511
S1134480FA4F1082CF5FF7CFC093CA050E949320E2
S11344908BE79EE00E9446138FE499E09093E10538
S11344A08093E00587E69FE19093E3058093E2051E
S11344B085ED92E19093E5058093E405CF9108950D
S11344C081E00E94C014882309F443C08D30A9F010
S11344D018F48A3091F029C0883511F0883729F50D
S11344E088E79AE10E94461387E198E19093E105F9
S11344F08093E0058DEE9DE122C088E79AE10E9459
S113450046130E94671F1092A3050E9493201092E5
S1134510CA058CE08093C9058EEE96E19093E1057F
S11345208093E0058EED91E20AC081EF97E10E944D
S113453046131092E1051092E00580E692E2909312
S1134540E3058093E20585ED92E19093E505809380
S1134550E405089581E00E94C0148823B1F18D30F0
S1134560A9F018F48A3091F01CC0883511F088370E
S1134570C1F488E79AE10E94461387E198E1909399
S1134580E1058093E0058DEE9DE115C00E94932026
S11345908FE499E09093E1058093E00587E69FE13D
S11345A00AC081EF97E10E9446131092E105109230
S11345B0E00580E692E29093E3058093E20585EDC1
S11345C092E19093E5058093E4050895ADE1B6E0AA
S11345D020E030E02617370741F0FC01E20FF31F1B
S11345E0E491ED932F5F3F4FF5CF8DE196E0089571
S11345F09C0180E090E0F901E80FF91FE491EE23BB
S113460011F00196F8CF0895CF93DF93EC010E9447
S1134610F822BC016F5F7F4FCE01DF91CF910C94E4
S1134620E6221092EA051092E9051092E80510922C
S1134630E7051092E60508951092E6059093EA05C1
S11346408093E9051092E8051092E7051092850021
S1134650109284008AEF90E0909389008093880000
S1134660EFE6F0E0808182608083E1E8F0E0808121
S11346708360808308958091E605882319F0109261
S1134680E60581E008950E941C230E943B238823B1
S1134690E1F308951F920F920FB60F9211242F93F6
S11346A03F938F939F938091E7059091E80501963E
S11346B09093E8058093E7052091E9053091EA0598
S11346C08217930759F41092810080916F008D7FB7
S11346D080936F0081E08093E6050AC08091880092
S11346E09091890086509F4F909389008093880011
S11346F09F918F913F912F910F900FBE0F901F901C
S113470018958CE89AE10895FB01DC010D900020D6
S1134710E9F7119701900D920020E1F70895FB014C
S1134720DC018D91019080190110D9F3990B089542
S1134730FB01DC0101900D920020E1F70895AEE049
S1134740B0E0E5EAF3E20C9460260D891E8986E068
S11347508C831A8309838FEF9FE79E838D83AE0139
S1134760475E5F4F6F89788DCE0101960E94C12309
S1134770EF81F885E00FF11F10822E96E4E00C948F
S11347807C26ABE0B0E0E7ECF3E20C9452266C013B
S11347907B018A01FC0117821682838181FFCCC1CF
S11347A0CE0101963C01F6019381F70193FD8591B9
S11347B093FF81917F01882309F4BAC1853239F4CA
S11347C093FD859193FF81917F01853229F4B60190
S11347D090E00E94B825E7CF912C212C312CFFE1E9
S11347E0F315D8F08B3279F038F4803279F08332D3
S11347F0A1F4232D20611DC08D3261F0803369F452
S1134800232D216016C0832D8260382EE32DE460B1
S11348103E2E2AC0F32DF8601DC037FC2DC020EDBC
S1134820280F2A3040F08E32B9F436FC81C1232D92
S11348302064322E19C036FE06C08AE0989E200DF0
S11348401124922E11C0EAE02E9E200D1124222E56
S1134850F32DF0623F2E08C08C3621F4832D80683E
S1134860382E02C0883641F4F70193FD859193FFF9
S113487081917F018111B3CF982F9F7D95549330FF
S113488028F40C5F1F4F9FE399830DC0833631F0EA
S1134890833771F0833509F059C021C0F801808154
S11348A089830E5F1F4F88248394912C530113C076
S11348B02801F2E04F0E511CF801A080B18036FEB1
S11348C003C0692D70E002C06FEF7FEFC5010E9445
S11348D0AD254C018201F32DFF773F2E16C0280130
S11348E022E0420E511CF801A080B18036FE03C0C4
S11348F0692D70E002C06FEF7FEFC5010E94A22511
S11349004C01F32DF0683F2E820133FC1BC0822D35
S113491090E088169906B0F4B60180E290E00E9417
S1134920B8252A94F4CFF50137FC859137FE81919F
S11349305F01B60190E00E94B82521102A9421E07D
S1134940821A91088114910471F7E8C0843611F039
S1134950893641F5F80137FE07C060817181828193
S113496093810C5F1F4F08C060817181072E000C7A
S1134970880B990B0E5F1F4FF32DFF763F2E97FF89
S113498009C090958095709561957F4F8F4F9F4F8B
S1134990F0683F2E2AE030E0A3010E94F425882E1F
S11349A0861845C0853731F4232D2F7EB22E2AE098
S11349B030E025C0932D997FB92E8F36C1F018F4BD
S11349C0883579F0B5C0803719F0883721F0B0C048
S11349D0E92FE061BE2EB4FE0DC0FB2DF460BF2EA6
S11349E009C034FE0AC0292F2660B22E06C028E072
S11349F030E005C020E130E002C020E132E0F801FF
S1134A00B7FE07C060817181828193810C5F1F4F63
S1134A1006C06081718180E090E00E5F1F4FA301AA
S1134A200E94F425882E8618FB2DFF773F2E36FE34
S1134A300DC0232D2E7FA22E891458F434FE0BC0F2
S1134A4032FC09C0832D8E7EA82E05C0B82CA32C61
S1134A5003C0B82C01C0B92CA4FE0FC0FE01E80DA0
S1134A60F11D8081803321F49A2D997EA92E09C0ED
S1134A70A2FE06C0B394B39404C08A2D867809F0CC
S1134A80B394A3FC11C0A0FE06C0B21488F4280C91
S1134A90922C9B180EC0B21460F4B60180E290E030
S1134AA00E94B825B394F7CFB21418F42B1802C09F
S1134AB0982C212CA4FE10C0B60180E390E00E9443
S1134AC0B825A2FE17C0A1FC03C088E790E002C08D
S1134AD088E590E0B6010CC08A2D867859F0A1FED5
S1134AE002C08BE201C080E2A7FC8DE2B60190E037
S1134AF00E94B825891438F4B60180E390E00E943E
S1134B00B8259A94F7CF8A94F301E80DF11D8081BA
S1134B10B60190E00E94B8258110F5CF222009F457
S1134B2042CEB60180E290E00E94B8252A94F6CFE6
S1134B30F6018681978102C08FEF9FEF2B96E2E109
S1134B400C946E26FC010590615070400110D8F75A
S1134B50809590958E0F9F1F0895FC0161507040C1
S1134B6001900110D8F7809590958E0F9F1F08959E
S1134B700F931F93CF93DF93FB01238121FD03C088
S1134B808FEF9FEF2CC022FF16C0468157812481EE
S1134B9035814217530744F4A081B1819D012F5FF1
S1134BA03F4F318320838C93268137812F5F3F4F82
S1134BB03783268314C08B01EC01FB010084F1854B
S1134BC0E02D0995892BE1F6D80116968D919C91DB
S1134BD01797019617969C938E931697CE01DF91A3
S1134BE0CF911F910F910895FA01AA27283051F10E
S1134BF0203181F1E8946F936E7F6E5F7F4F8F4F0A
S1134C009F4FAF4FB1E03ED0B4E03CD0670F781F68
S1134C10891F9A1FA11D680F791F8A1F911DA11D4D
S1134C206A0F711D811D911DA11D20D009F4689486
S1134C303F912AE0269F11243019305D3193DEF62E
S1134C40CF010895462F4770405D4193B3E00FD0E4
S1134C50C9F7F6CF462F4F70405D4A3318F0495DCF
S1134C6031FD4052419302D0A9F7EACFB4E0A695B2
S1134C709795879577956795BA95C9F700976105D4
S1134C80710508959B01AC010A2E0694579547952A
S1134C9037952795BA95C9F7620F731F841F951F1F
S1134CA0A01D08952F923F924F925F926F927F9230
S1134CB08F929F92AF92BF92CF92DF92EF92FF9228
S1134CC00F931F93CF93DF93CDB7DEB7CA1BDB0BD4
S1134CD00FB6F894DEBF0FBECDBF09942A88398879
S1134CE048885F846E847D848C849B84AA84B98480
S1134CF0C884DF80EE80FD800C811B81AA81B9818C
S1134D00CE0FD11D0FB6F894DEBF0FBECDBFED019F
S1094D100895F894FFCFA2
S1134D16290140015C0172013F7FFF1F3F7FFF1F96
S1134D263F7FFF0A0A0D53595354454D20455252AD
S1134D364F520A0D25730A0D000A0D5365726961F7
S1134D466C204672616D696E67204572726F7200DF
S1134D560A0D53657269616C2044617461204F7653
S1134D66657272756E204572726F72000A0D536514
S1134D767269616C20506172697479204572726F30
S1134D8672000A0D53657269616C2054582062756D
S1134D9666206F766572666C6F77204572726F72E5
S1134DA6000A0A0D21212120454550524F4D205716
S1134DB672697465204572726F72202121210A0A74
S1134DC60D000D526573657474696E6720416C6CD1
S1134DD6206F6620454550524F4D20746F20253074
S1134DE63278202D2025303364252520646F6E65A6
S1134DF6000A0D4572617365204552522025780AD2
S1134E060D000A0A0D4845582044554D500A0D0A0E
S1134E160041646472203D20253034783A20002510
S1134E2630327820000A0A0D5570646174696E6721
S1134E3620454550524F4D2021210A0A0D00257365
S1134E462D30312D257300574F204E6F2020203DE5
S1134E562025730A0D41737379204E6F203D20255A
S1134E66732D30312D25732020004641494C0050C6
S1134E764153530025303178253031782530317847
S1134E8625303178202000253031782530317825B9
S1134E9630317825303178202D2025730A0D0020F5
S1134EA625303178202020202530317820202020FC
S1134EB625303178202020202530317820202020EC
S1134EC6202D20446174612052656164203D2025B3
S1134ED63031782530317825303178253031780AEB
S1134EE60D003635313900363736380043616C6388
S1134EF6756C6174656420436865636B73756D20B6
S1134F063D20253034780A0D004E4554204944206E
S1134F162020202020203D2025730A0D002D000A84
S1134F260D43616C63756C617465642043686563E5
S1134F366B73756D203D20253034780A0D53746FDC
S1134F4672656420436865636B73756D2020202049
S1134F56203D20253034780A0D000A0D4461746121
S1134F662025303278207772697474656E20746FE8
S1134F76206164647265737320253034780A0D00E9
S1134F860A0D4461746120253032782072656164AB
S1134F962066726F6D2061646472657373202530B8
S1134FA634780A0D000A0A426F6172642049443A51
S1134FB62025732D25732069732073656C656374CE
S1134FC6656420666F722070726F6772616D6D69B9
S1134FD66E670A0A0D0050726F6772616D6D696EB5
S1134FE66720426F6172642025732D25730A0D00B4
S1134FF648656164657220506F7274203D202530C7
S113500632780A0D000A0A0D50726F6772616D6D6F
S1135016696E672044657461696C7320666F7220DB
S113502625730A0D0030300046696E616C204173A9
S113503673656D626C7920547970653A2025730A1C
S11350460D0046696E616C20417373656D626C79FF
S1135056204E756D6265723A2025732D30302D25EC
S1135066730A0D004E65742049443A204144415068
S11350765445520A0A0D004E65742049443A2045A7
S11350865854454E4445520A0A0D004E657420494B
S1135096443A2025730A0A0D0053657269616C202F
S11350A64E6F3A2025730A0A0D0000010204080F08
S11350B60E0D0B070014D813B013801350131F13CF
S10D50C6EE12BE128D128D125B1261
>>>>>>> Stashed changes
S9030000FC
